[2026-06-10 22:17:44] Release root: D:\Development\FinalCombat-files\FinalCombat
[2026-06-10 22:17:44] Python: python
[2026-06-10 22:17:45] Starting local auth, proxy, game, and channel services
[2026-06-10 22:17:45] loaded asset profile: D:\Development\FinalCombat-files\FinalCombat\protocol_assets\profiles\singleplayer_direct.json
[2026-06-10 22:17:45] starting auth: python D:\Development\FinalCombat-files\FinalCombat\server_auth\auth_server.py
[2026-06-10 22:17:45] starting game: python D:\Development\FinalCombat-files\FinalCombat\server_game\game_server.py --asset-root D:\Development\FinalCombat-files\FinalCombat\protocol_assets --asset-session singleplayer_15000 --replay-cfb-auto-key --replay-cfb-process-name FinalCombat.exe --replay-patch-host 127.0.0.1
[2026-06-10 22:17:45] starting proxy: python D:\Development\FinalCombat-files\FinalCombat\server_proxy\proxy_server.py
[2026-06-10 22:17:45] starting channel: python D:\Development\FinalCombat-files\FinalCombat\server_game\channel_server.py --host 127.0.0.1 --port 9024 --asset-root D:\Development\FinalCombat-files\FinalCombat\protocol_assets --asset-session singleplayer_9024 --replay-mode direct --direct-auto-start-delay 0.1
[2026-06-10 22:17:45] client launch args:
[2026-06-10 22:17:45] -info 100000001 -login <redacted> -proxysvrip 127.0.0.1 -proxysvrport 15000 -servername FinalCombat -serverid 1
[2026-06-10 22:17:45] auth health: http://127.0.0.1:18090/health
[2026-06-10 22:17:45] channel listener: 127.0.0.1:9024
[2026-06-10 22:17:45] protocol assets: D:\Development\FinalCombat-files\FinalCombat\protocol_assets
[2026-06-10 22:17:45] game asset session: singleplayer_15000
[2026-06-10 22:17:45] channel asset session: singleplayer_9024
[2026-06-10 22:17:45] press Ctrl+C to stop all stubs
[2026-06-10 22:17:45] auth stub listening on ('127.0.0.1', 18090)
[2026-06-10 22:17:45] proxy stub listening on ('127.0.0.1', 15000); target 127.0.0.1:9000
[2026-06-10 22:17:45] game asset loaded multi-variant RPC template(s): email_list, get_compete_buy_time, get_module_status, online_award, personal_simple, team_info
[2026-06-10 22:17:45] loaded replay capture: 41 client frame(s), 40 server frame(s), 31 response group(s); CFB plaintext asset session(s) ['singleplayer_15000'] (primary 40 server frame(s), templates available 40, rpc fallback 15 method(s), variants 26, signature variants 0, binary fallback 1 group(s), key=auto)
[2026-06-10 22:17:45] game stub listening on ('127.0.0.1', 9000)
[2026-06-10 22:17:45] loaded channel replay: 36 client frame(s), 240 server frame(s), 29 response group(s); CRC plaintext asset session 'singleplayer_9024'
[2026-06-10 22:17:45] channel stub listening on ('127.0.0.1', 9024)
[2026-06-10 22:17:48] Prepared local game config files
[2026-06-10 22:17:48] Launching game: D:\Development\FinalCombat-files\FinalCombat\game\FinalCombat.exe -info 100000001 -login <redacted> -proxysvrip 127.0.0.1 -proxysvrport 15000 -servername FinalCombat -serverid 1
[2026-06-10 22:18:00] proxy accepted ('127.0.0.1', 15231); connecting to 127.0.0.1:9000
[2026-06-10 22:18:00] game accepted ('127.0.0.1', 15232)
[2026-06-10 22:18:00] game replay sent server frame #1 after client frame #0: len=12 entropy=3.58 bs_len=12 u16le=21314 u16be=16979 u32le=807746 u32be=1112738816 ascii='BS..H1..K(.F'
[2026-06-10 22:18:00] game->client first 12 bytes: 42 53 0c 00 48 31 0d a0 4b 28 8b 46
[2026-06-10 22:18:00] proxy client initial login decrypted: opcode=0x1b000001 version='1.0.6.8166' account='100000001' challenge=19 39 7c 5a b5 b4 af 59 challenge_block=bc 2e 46 8f 20 cf ec 29 send_state=0x8f462ebc recv_state=0x29eccf20
[2026-06-10 22:18:00] client->game first 99 bytes: 42 53 63 00 55 df 67 5e 91 d7 8c 5f d1 14 ff 51 4e bf 92 c4 ad 71 fa 7e 75 cf 09 a4 b8 dc 48 0a 9c 72 24 53 53 53 52 c5 53 c8 88 67 47 36 ed e4 d3 f7 a6 9a e0 0b 2b 69 e2 e9 ca 43 e5 2f 78 6b 87 94 34 2b f9 22 53 53 53 53 53 53 53 53 53 53 53 53 53 53 53 53 53 53 53 53 53 7a 36 23 88 03 ...(+3 bytes)
[2026-06-10 22:18:00] game recv len=99 entropy=5.27 bs_len=99 u16le=21314 u16be=16979 u32le=6509378 u32be=1112761088 ascii='BSc.U.g^..._...QN....q.~u.....H..r$SSSR.S..gG6........+i...C./xk..4+."SSSSSSSSSS...'
[2026-06-10 22:18:00] game client initial login decrypted: opcode=0x1b000001 version='1.0.6.8166' account='100000001' ticket='<ticket>' challenge=19 39 7c 5a b5 b4 af 59 challenge_block=bc 2e 46 8f 20 cf ec 29 send_state=0x8f462ebc recv_state=0x29eccf20 state=0x42574954->0x12f14c59
[2026-06-10 22:18:03] game CFB auto-key matched pid=26100 subobject=519549128 response=19 39 7c 5a b5 b4 af 59 key=6b e9 33 65 85 c2 7f df
[2026-06-10 22:18:03] game replay sent server frame #2 after client frame #1: len=226 entropy=7.20 bs_len=226 u16le=21314 u16be=16979 u32le=14832450 u32be=1112793600 ascii='BS..-.a.F..2...]...Z>/>O.Qh.v.....-....xk.....6N......M....d.....{..q..v.:..#......'
[2026-06-10 22:18:03] game replay observed 1 complete client BS frame(s); total=1
[2026-06-10 22:18:03] game->client 226 bytes
[2026-06-10 22:18:03] client->game 5 bytes
[2026-06-10 22:18:03] game recv len=5 entropy=2.32 bs_len=5 u16le=21314 u16be=16979 u32le=348994 u32be=1112737024 ascii='BS..,'
[2026-06-10 22:18:03] game client frame #2 decrypted prefix: state=0x12f14c59->0x207d74ff plain=75 ascii='u'
[2026-06-10 22:18:03] game client plain #2: type=0x01 body_len=1 head=01
[2026-06-10 22:18:03] game->client 23 bytes
[2026-06-10 22:18:03] game replay sent server frame #3 after client frame #2: len=23 entropy=4.44 bs_len=23 u16le=21314 u16be=16979 u32le=1528642 u32be=1112741632 ascii='BS..,.a.G..1.=.D.A.ZW..'
[2026-06-10 22:18:03] game replay sent server frame #4 after client frame #2: len=4562 entropy=7.96 bs_len=4562 u16le=21314 u16be=16979 u32le=298996546 u32be=1112789521 ascii='BS..8.a.G..1.j............x.......=6....p(!.D..I+.x.W......3G.!..9...k.......h.....'
[2026-06-10 22:18:03] game replay sent server frame #5 after client frame #2: len=383 entropy=7.42 bs_len=383 u16le=21314 u16be=16979 u32le=25121602 u32be=1112768257 ascii='BS..6.a.G..1t..~...A#jb..4..9.Je.....c5.R...#.............G.../4.....A.....0...>...'
[2026-06-10 22:18:03] game replay sent server frame #6 after client frame #2: len=123 entropy=6.59 bs_len=123 u16le=21314 u16be=16979 u32le=8082242 u32be=1112767232 ascii='BS{.1.a.G..1.........\'...7...J..$"\'....Z.e..yj...^O...U.g.q.....o.......RY.d?8.....'
[2026-06-10 22:18:03] game replay observed 1 complete client BS frame(s); total=2
[2026-06-10 22:18:03] game->client 5068 bytes
[2026-06-10 22:18:04] client->game 65 bytes
[2026-06-10 22:18:04] game recv len=65 entropy=5.78 bs_len=65 u16le=21314 u16be=16979 u32le=4281154 u32be=1112752384 ascii='BSA.-.a.G..1P....F.W.;.C.(.$B(.._y.>...$.bE..Y...y.s......z..g.p.'
[2026-06-10 22:18:04] game client frame #3 decrypted prefix: state=0x207d74ff->0x84bb091a plain=d2 74 8a 73 ab d2 00 4f cd b4 cc 1d b4 a1 7a 89 c1 57 8f c1 c5 17 79 db ef 90 05 61 5a 58 37 6c ascii='.t.s...O......z..W....y....aZX7l'
[2026-06-10 22:18:04] game client RPC #3: 'email_list' request_id=00 01 00 00 00
[2026-06-10 22:18:04] game replay sent server frame #7 after client frame #3: len=51 entropy=5.48 bs_len=51 u16le=21314 u16be=16979 u32le=3363650 u32be=1112748800 ascii='BS3.-.a.G..1.#.5..(.....*.}.......a1.....Z+.t../hk6'
[2026-06-10 22:18:04] game replay observed 1 complete client BS frame(s); total=3
[2026-06-10 22:18:04] game->client 51 bytes
[2026-06-10 22:18:04] client->game 68 bytes
[2026-06-10 22:18:04] game recv len=68 entropy=5.74 bs_len=68 u16le=21314 u16be=16979 u32le=4477762 u32be=1112753152 ascii='BSD.-.a.G..1..W..u..^.w~.S.2....y.:.x..d......dT.&qe...4.........r..'
[2026-06-10 22:18:04] game client frame #4 decrypted prefix: state=0x84bb091a->0x2edc4265 plain=37 fd de 61 c2 ce 43 a4 c2 83 3a 2c 28 9b d1 2a 82 88 cd 15 28 7b 2b 02 c4 0b c1 b8 7b d3 aa 97 ascii='7..a..C...:,(..*....({+.....{...'
[2026-06-10 22:18:04] game client RPC #4: 'team_info' request_id=00 02 00 00 00
[2026-06-10 22:18:04] game replay sent server frame #8 after client frame #4: len=50 entropy=5.44 bs_len=50 u16le=21314 u16be=16979 u32le=3298114 u32be=1112748544 ascii='BS2.-.a.G..1T../^..f.).B..........h...|..../%... .'
[2026-06-10 22:18:04] game->client 50 bytes
[2026-06-10 22:18:04] game replay observed 1 complete client BS frame(s); total=4
[2026-06-10 22:18:04] client->game 102 bytes
[2026-06-10 22:18:04] client->game 76 bytes
[2026-06-10 22:18:04] game recv len=102 entropy=6.17 bs_len=17 u16le=21314 u16be=16979 u32le=1135426 u32be=1112740096 ascii='BS..3.a.G;.......BSU.3.a.G.49.n.....GJb]...`....9.[...&....6U;g[...zMI.z.9s... ....'
[2026-06-10 22:18:04] game client plain #5: type=0x1e body_len=13 head=1e 08 00 00 00 99 99 39 42 00 00 00 00 field32=8 payload_len=8 field32b=1111071129
[2026-06-10 22:18:04] game client plain #6: type=0x1e body_len=81 head=1e 4c 00 00 00 01 b7 08 ff 00 00 04 9c 96 80 3a field32=76 payload_len=76 field32b=4278761217
[2026-06-10 22:18:04] game binary fallback sent template group from client frame #25 as server frame #9: len=29 entropy=4.65 bs_len=29 u16le=21314 u16be=16979 u32le=1921858 u32be=1112743168 ascii='BS....a.G..1........6xB....h.'
[2026-06-10 22:18:04] game replay observed 2 complete client BS frame(s); total=6
[2026-06-10 22:18:04] game->client 29 bytes
[2026-06-10 22:18:04] game recv len=76 entropy=5.90 bs_len=76 u16le=21314 u16be=16979 u32le=5002050 u32be=1112755200 ascii='BSL.-.a.G..1.....z13....7....E ..V.xj&....=BV.>.g#.v.=._x.[.*(..G.r....\\../.'
[2026-06-10 22:18:04] channel accepted ('127.0.0.1', 15233)
[2026-06-10 22:18:04] channel recv len=13 entropy=3.55 bs_len=13 u16le=21314 u32le=873282 ascii='BS..TL.....O.'
[2026-06-10 22:18:04] channel BS frame #1: body_len=9 head=54 4c d8 b5 d0 d0 05 4f 0a ascii='TL.....O.'
[2026-06-10 22:18:04] channel client plain frame #1: len=13 entropy=2.81 bs_len=13 u16le=21314 u32le=873282 ascii='BS...........'
[2026-06-10 22:18:04] channel replay sent server frame #1 after client frame #1: len=30 entropy=4.68 bs_len=30 u16le=21314 u32le=1987394 ascii='BS..B......0.z.|...C.w......O-'
[2026-06-10 22:18:04] channel replay sent server frame #2 after client frame #1: len=101 entropy=5.72 bs_len=101 u16le=21314 u32le=6640450 ascii='BSe...G@..Q....O]F..=.5.lE.....w.aR>UL.......)(.C................d..\\..J...k.0.w...'
[2026-06-10 22:18:04] channel replay sent server frame #3 after client frame #1: len=30 entropy=4.84 bs_len=30 u16le=21314 u32le=1987394 ascii='BS.........!.c}......5.....Dx.'
[2026-06-10 22:18:04] channel replay sent server frame #4 after client frame #1: len=288 entropy=5.94 bs_len=288 u16le=21314 u32le=18895682 ascii='BS ..W.....5a..(...5.....Dx..."......f....O]F..=.5.lE.....w.aR>UL.......)(.C.......'
[2026-06-10 22:18:04] channel replay observed client frame #1; server frames sent=4
[2026-06-10 22:18:04] channel recv len=5 entropy=2.32 bs_len=5 u16le=21314 u32le=348994 ascii='BS..$'
[2026-06-10 22:18:04] channel BS frame #2: body_len=1 head=24 ascii='$'
[2026-06-10 22:18:04] channel client plain frame #2: len=5 entropy=1.92 bs_len=5 u16le=21314 u32le=348994 ascii='BS...'
[2026-06-10 22:18:04] channel replay sent server frame #5 after client frame #2: len=70 entropy=5.63 bs_len=70 u16le=21314 u32le=4608834 ascii='BSF..._U.v.0.....(...5.....Dx...6....m7.y....y.([%e......0.w.K.?......'
[2026-06-10 22:18:04] channel direct auto-start waiting 0.1s after room-ready
[2026-06-10 22:18:04] game client RPC #7: 'get_module_status' request_id=00 03 00 00 00
[2026-06-10 22:18:04] game replay sent server frame #10 after client frame #7: len=222 entropy=7.07 bs_len=222 u16le=21314 u16be=16979 u32le=14570306 u32be=1112792576 ascii="BS..-.a.Gs.1..].Y.D.n.g.:.#.r.^aC.t. /o..oO<^....3.Wv....r8D.........e...n.}.E'...."
[2026-06-10 22:18:04] game replay observed 1 complete client BS frame(s); total=7
[2026-06-10 22:18:04] game->client 222 bytes
[2026-06-10 22:18:04] client->game 91 bytes
[2026-06-10 22:18:04] game recv len=91 entropy=6.24 bs_len=91 u16le=21314 u16be=16979 u32le=5985090 u32be=1112759040 ascii='BS[.-.a.G..1i......!.:4..9N.j.H..h.....`...z:.,p/..y.R.t..h..............pCO...F...'
[2026-06-10 22:18:04] game client RPC #8: 'personal_simple' request_id=00 04 00 00 00
[2026-06-10 22:18:04] game replay sent server frame #11 after client frame #8: len=458 entropy=7.54 bs_len=458 u16le=21314 u16be=16979 u32le=30036802 u32be=1112787457 ascii='BS..-.a.G..1l..x..L.,....."s!..^.{..f.D.)....`..[..t7.K{M...r......~.......l.......'
[2026-06-10 22:18:04] game replay observed 1 complete client BS frame(s); total=8
[2026-06-10 22:18:04] game->client 458 bytes
[2026-06-10 22:18:04] client->game 51 bytes
[2026-06-10 22:18:04] game recv len=51 entropy=5.52 bs_len=51 u16le=21314 u16be=16979 u32le=3363650 u32be=1112748800 ascii='BS3.-.a.G..1sA."......fg.....f4..$.5.x3X..,..2..H..'
[2026-06-10 22:18:04] game client RPC #9: 'rank_list' request_id=00 05 00 00 00
[2026-06-10 22:18:04] 22:18:04 ('127.0.0.1', 15234) GET /assets/lobby_activity_2026.jpg -> 200 {"ok":true,"username":"100000001","password":"","display_name":"100000001","auth_ticket":"<ticket>","login":true,"todo":"unclassified endpoint /assets/lobby_activity_2026.jpg"}
[2026-06-10 22:18:04] game->client 1317 bytes
[2026-06-10 22:18:04] game replay sent server frame #12 after client frame #9: len=1317 entropy=7.86 bs_len=1317 u16le=21314 u16be=16979 u32le=86332226 u32be=1112745221 ascii='BS%.-.a.G..1........tC.S.64..%...2.......<.........y..~2.!.......^.&.x..F.Tl(..7...'
[2026-06-10 22:18:04] game replay observed 1 complete client BS frame(s); total=9
[2026-06-10 22:18:04] client->game 93 bytes
[2026-06-10 22:18:04] game recv len=93 entropy=6.08 bs_len=93 u16le=21314 u16be=16979 u32le=6116162 u32be=1112759552 ascii='BS].-.a.G..1K.+....H1...Bk};......J..x..W.L....J.....(.....]....G..,.Va...[..Pe"...'
[2026-06-10 22:18:04] game client RPC #10: 'friends_list' request_id=00 06 00 00 00
[2026-06-10 22:18:04] game replay sent server frame #13 after client frame #10: len=45 entropy=5.25 bs_len=45 u16le=21314 u16be=16979 u32le=2970434 u32be=1112747264 ascii='BS-.-.a.G..1....W..&.0.0w.B..-j.h..)(._..|X..'
[2026-06-10 22:18:04] game replay observed 1 complete client BS frame(s); total=10
[2026-06-10 22:18:04] game->client 45 bytes
[2026-06-10 22:18:04] client->game 98 bytes
[2026-06-10 22:18:04] game recv len=98 entropy=6.19 bs_len=98 u16le=21314 u16be=16979 u32le=6443842 u32be=1112760832 ascii='BSb.-.a.G..1^..Gz..>].....M....ib"...eB.S..)......;...|.....E...C.!....=oO+.3.]....'
[2026-06-10 22:18:04] game client RPC #11: 'friend_group_list' request_id=00 07 00 00 00
[2026-06-10 22:18:04] channel direct auto-start sent server frame #6: len=9 entropy=3.17 bs_len=9 u16le=21314 u32le=611138 ascii='BS../.z..'
[2026-06-10 22:18:04] channel direct auto-start sent server frame #7: len=8 entropy=3.00 bs_len=8 u16le=21314 u32le=545602 ascii='BS......'
[2026-06-10 22:18:04] channel direct auto-start sent server frame #8: len=9 entropy=3.17 bs_len=9 u16le=21314 u32le=611138 ascii="BS...'.1J"
[2026-06-10 22:18:04] channel direct auto-start sent server frame #9: len=125 entropy=5.78 bs_len=125 u16le=21314 u32le=8213314 ascii='BS}...:a.......)(.p.....\\Q....O]F..=.5.lE.....w.aR>UL.......)(.C...................'
[2026-06-10 22:18:04] channel direct auto-start sent server frame #10: len=1469 entropy=7.12 bs_len=1469 u16le=21314 u32le=96293698 ascii='BS.......U.5.....Dx...6...K.?.....}...5.c....jq.0.p..d..qt9........J}`..=wL..$.F...'
[2026-06-10 22:18:04] channel direct auto-start sent server frame #11: len=5 entropy=2.32 bs_len=5 u16le=21314 u32le=348994 ascii='BS..g'
[2026-06-10 22:18:04] channel direct auto-start sent server frame #12: len=34 entropy=5.03 bs_len=34 u16le=21314 u32le=2249538 ascii='BS".P.:.Fw..0.{+L.Z...p...t.Z.N...'
[2026-06-10 22:18:04] channel direct auto-start sent server frame #13: len=10 entropy=3.32 bs_len=10 u16le=21314 u32le=676674 ascii='BS..j.....'
[2026-06-10 22:18:04] channel direct auto-start sent server frame #14: len=10 entropy=3.32 bs_len=10 u16le=21314 u32le=676674 ascii='BS.. (.u..'
[2026-06-10 22:18:04] channel direct auto-start sent server frame #15: len=10 entropy=3.32 bs_len=10 u16le=21314 u32le=676674 ascii='BS..|..u..'
[2026-06-10 22:18:04] channel direct auto-start sent server frame #16: len=10 entropy=3.32 bs_len=10 u16le=21314 u32le=676674 ascii='BS...M_u..'
[2026-06-10 22:18:04] channel replay observed client frame #2; server frames sent=16
[2026-06-10 22:18:04] game replay sent server frame #14 after client frame #11: len=41 entropy=5.26 bs_len=41 u16le=21314 u16be=16979 u32le=2708290 u32be=1112746240 ascii='BS).-.a.G..1.Z.-..5.....gm.i;.....y....{*'
[2026-06-10 22:18:04] game replay observed 1 complete client BS frame(s); total=11
[2026-06-10 22:18:04] game->client 41 bytes
[2026-06-10 22:18:04] client->game 72 bytes
[2026-06-10 22:18:04] game recv len=72 entropy=6.00 bs_len=72 u16le=21314 u16be=16979 u32le=4739906 u32be=1112754176 ascii='BSH.-.a.G..1e.4.80JC..7..=........(.....9v~...8..A...F=......O4....q.l..'
[2026-06-10 22:18:04] game client RPC #12: 'expire_bubble' request_id=00 08 00 00 00
[2026-06-10 22:18:04] game replay sent server frame #15 after client frame #12: len=24 entropy=4.50 bs_len=24 u16le=21314 u16be=16979 u32le=1594178 u32be=1112741888 ascii='BS..-.a.G..1..82<...u...'
[2026-06-10 22:18:04] game->client 24 bytes
[2026-06-10 22:18:04] game replay observed 1 complete client BS frame(s); total=12
[2026-06-10 22:18:07] channel recv len=5 entropy=2.32 bs_len=5 u16le=21314 u32le=348994 ascii='BS...'
[2026-06-10 22:18:07] channel BS frame #3: body_len=1 head=9e ascii='.'
[2026-06-10 22:18:07] channel client plain frame #3: len=5 entropy=2.32 bs_len=5 u16le=21314 u32le=348994 ascii='BS...'
[2026-06-10 22:18:07] channel replay gated group after client frame #3 type=0x12 len=1
[2026-06-10 22:18:09] client->game 91 bytes
[2026-06-10 22:18:09] game recv len=91 entropy=6.16 bs_len=91 u16le=21314 u16be=16979 u32le=5985090 u32be=1112759040 ascii='BS[.3.a.G..9b..0|.).^5.1<.U..t.M.P]../C...U......<...xU.(".Z.a.r.59..A....P....\\...'
[2026-06-10 22:18:09] game client plain #13: type=0x1e body_len=87 head=1e 52 00 00 00 01 8e 08 ff 00 00 04 9e a7 92 d5 field32=82 payload_len=82 field32b=4278750721 strings=['kjX7', 'qX7rb']
[2026-06-10 22:18:09] game->client 1629 bytes
[2026-06-10 22:18:09] game replay sent server frame #16 after client frame #13: len=1629 entropy=7.89 bs_len=1629 u16le=21314 u16be=16979 u32le=106779458 u32be=1112759558 ascii="BS].-.a.G..1.CE@3Z.Btcfu........s..q......{..M7....1.'.4M.u..#.,w/...hs...4...w...."
[2026-06-10 22:18:09] game replay observed 1 complete client BS frame(s); total=13
[2026-06-10 22:18:10] channel recv len=5 entropy=2.32 bs_len=5 u16le=21314 u32le=348994 ascii='BS...'
[2026-06-10 22:18:10] channel BS frame #4: body_len=1 head=d9 ascii='.'
[2026-06-10 22:18:10] channel client plain frame #4: len=5 entropy=2.32 bs_len=5 u16le=21314 u32le=348994 ascii='BS...'
[2026-06-10 22:18:10] channel replay gated group after client frame #4 type=0x12 len=1
[2026-06-10 22:18:13] channel recv len=5 entropy=2.32 bs_len=5 u16le=21314 u32le=348994 ascii='BS..A'
[2026-06-10 22:18:13] channel BS frame #5: body_len=1 head=41 ascii='A'
[2026-06-10 22:18:13] channel client plain frame #5: len=5 entropy=2.32 bs_len=5 u16le=21314 u32le=348994 ascii='BS...'
[2026-06-10 22:18:13] channel replay gated group after client frame #5 type=0x12 len=1
[2026-06-10 22:18:16] channel recv len=5 entropy=2.32 bs_len=5 u16le=21314 u32le=348994 ascii='BS...'
[2026-06-10 22:18:16] channel BS frame #6: body_len=1 head=e2 ascii='.'
[2026-06-10 22:18:16] channel client plain frame #6: len=5 entropy=2.32 bs_len=5 u16le=21314 u32le=348994 ascii='BS...'
[2026-06-10 22:18:16] channel replay gated group after client frame #6 type=0x12 len=1
[2026-06-10 22:18:19] client->game 84 bytes
[2026-06-10 22:18:19] game recv len=84 entropy=6.14 bs_len=84 u16le=21314 u16be=16979 u32le=5526338 u32be=1112757248 ascii='BST.3.a.G./9.+.=..$t......YE.....h...6.q.V,....gA.i.%P*..$...$.0....b....}...I*_...'
[2026-06-10 22:18:19] game client plain #14: type=0x1e body_len=80 head=1e 4b 00 00 00 01 ac 08 ff 00 00 04 3e 47 7e 84 field32=75 payload_len=75 field32b=4278758401
[2026-06-10 22:18:19] game->client 14641 bytes
[2026-06-10 22:18:19] game replay sent server frame #17 after client frame #14: len=14641 entropy=7.99 bs_len=14641 u16le=21314 u16be=16979 u32le=959533890 u32be=1112748345 ascii='BS19-.a.G..1.^..l*..).$...[.......M..0K.0.:~,XQ..z}.9...l~..C..b...,\\...N.%..D(....'
[2026-06-10 22:18:19] game replay observed 1 complete client BS frame(s); total=14
[2026-06-10 22:18:19] channel recv len=5 entropy=2.32 bs_len=5 u16le=21314 u32le=348994 ascii='BS..a'
[2026-06-10 22:18:19] channel BS frame #7: body_len=1 head=61 ascii='a'
[2026-06-10 22:18:19] channel client plain frame #7: len=5 entropy=2.32 bs_len=5 u16le=21314 u32le=348994 ascii='BS...'
[2026-06-10 22:18:22] channel recv len=5 entropy=2.32 bs_len=5 u16le=21314 u32le=348994 ascii='BS..a'
[2026-06-10 22:18:22] channel BS frame #8: body_len=1 head=61 ascii='a'
[2026-06-10 22:18:22] channel client plain frame #8: len=5 entropy=2.32 bs_len=5 u16le=21314 u32le=348994 ascii='BS...'
[2026-06-10 22:18:23] channel recv len=9 entropy=3.17 bs_len=9 u16le=21314 u32le=611138 ascii='BS...W...'
[2026-06-10 22:18:23] channel BS frame #9: body_len=5 head=15 57 18 12 a3 ascii='.W...'
[2026-06-10 22:18:23] channel client plain frame #9: len=9 entropy=2.28 bs_len=9 u16le=21314 u32le=611138 ascii='BS..f....'
[2026-06-10 22:18:23] channel replay sent server frame #17 after client frame #9: len=51 entropy=3.55 bs_len=51 u16le=21314 u32le=3363650 ascii='BS3..........m7.y....y.............................'
[2026-06-10 22:18:23] channel replay sent server frame #18 after client frame #9: len=13 entropy=3.70 bs_len=13 u16le=21314 u32le=873282 ascii='BS...&..D3...'
[2026-06-10 22:18:23] channel replay sent server frame #19 after client frame #9: len=9 entropy=2.95 bs_len=9 u16le=21314 u32le=611138 ascii='BS.......'
[2026-06-10 22:18:23] channel replay sent server frame #20 after client frame #9: len=19 entropy=2.75 bs_len=19 u16le=21314 u32le=1266498 ascii='BS.......R.........'
[2026-06-10 22:18:23] channel replay sent server frame #21 after client frame #9: len=60 entropy=3.39 bs_len=60 u16le=21314 u32le=3953474 ascii='BS<.......~w......=D..v.....................rb./-.........w.'
[2026-06-10 22:18:23] channel replay sent server frame #22 after client frame #9: len=1535 entropy=7.42 bs_len=1535 u16le=21314 u32le=100619074 ascii='BS...`W.(R].J......w..`.FF.......Ce.....D./.".%..m...d..qq...o}.....;..n....$.F....'
[2026-06-10 22:18:23] channel replay sent server frame #23 after client frame #9: len=68 entropy=3.40 bs_len=68 u16le=21314 u32le=4477762 ascii='BSD......R.......0.w......=D..v.....................rb./-.........w.'
[2026-06-10 22:18:23] channel replay observed client frame #9; server frames sent=23
[2026-06-10 22:18:23] channel recv len=54 entropy=4.58 bs_len=5 u16le=21314 u32le=348994 ascii="BS...BS....BS...S-.z.#N,BS.....Sz.#N,BS...'.....wl.#u."
[2026-06-10 22:18:23] channel BS frame #10: body_len=1 head=08 ascii='.'
[2026-06-10 22:18:23] channel client plain frame #10: len=5 entropy=2.32 bs_len=5 u16le=21314 u32le=348994 ascii='BS...'
[2026-06-10 22:18:23] channel BS frame #11: body_len=2 head=de ea ascii='..'
[2026-06-10 22:18:23] channel client plain frame #11: len=6 entropy=2.25 bs_len=6 u16le=21314 u32le=414530 ascii='BS..s.'
[2026-06-10 22:18:23] channel replay gated group after client frame #11 type=0x73 len=2
[2026-06-10 22:18:23] channel BS frame #12: body_len=9 head=ed 53 2d cb 7a f6 23 4e 2c ascii='.S-.z.#N,'
[2026-06-10 22:18:23] channel client plain frame #12: len=13 entropy=2.29 bs_len=13 u16le=21314 u32le=873282 ascii='BS..w...B...B'
[2026-06-10 22:18:23] channel BS frame #13: body_len=9 head=81 bc 00 53 7a f6 23 4e 2c ascii='...Sz.#N,'
[2026-06-10 22:18:23] channel client plain frame #13: len=13 entropy=2.29 bs_len=13 u16le=21314 u32le=873282 ascii='BS..w...B...B'
[2026-06-10 22:18:23] channel replay gated group after client frame #13 type=0x77 len=9
[2026-06-10 22:18:23] channel BS frame #14: body_len=13 head=91 27 9b 9b 1d f0 b1 77 6c 0a 23 75 dd ascii=".'.....wl.#u."
[2026-06-10 22:18:23] channel client plain frame #14: len=17 entropy=3.62 bs_len=17 u16le=21314 u32le=1135426 ascii='BS..g......~...y.'
[2026-06-10 22:18:23] channel replay sent server frame #24 after client frame #14: len=34 entropy=4.97 bs_len=34 u16le=21314 u32le=2249538 ascii='BS".=P}sA...0.{+L.Z...p...t.Z.N...'
[2026-06-10 22:18:23] channel replay sent server frame #25 after client frame #14: len=29 entropy=4.65 bs_len=29 u16le=21314 u32le=1921858 ascii='BS...9G.|..E...Q.@..e.H.....u'
[2026-06-10 22:18:23] channel replay sent server frame #26 after client frame #14: len=29 entropy=4.79 bs_len=29 u16le=21314 u32le=1921858 ascii='BS......{I-.K..&R#|.........u'
[2026-06-10 22:18:23] channel replay sent server frame #27 after client frame #14: len=29 entropy=4.86 bs_len=29 u16le=21314 u32le=1921858 ascii='BS....D.r.&ME$!.............u'
[2026-06-10 22:18:23] channel replay sent server frame #28 after client frame #14: len=29 entropy=4.79 bs_len=29 u16le=21314 u32le=1921858 ascii='BS......u...5=|.%r..&.Y.....u'
[2026-06-10 22:18:23] channel replay sent server frame #29 after client frame #14: len=29 entropy=4.79 bs_len=29 u16le=21314 u32le=1921858 ascii='BS....q=..]HF..d..V..eq.v...u'
[2026-06-10 22:18:23] channel replay sent server frame #30 after client frame #14: len=29 entropy=4.49 bs_len=29 u16le=21314 u32le=1921858 ascii='BS.......5\'X...|%.5uX."C....u'
[2026-06-10 22:18:23] channel replay observed client frame #14; server frames sent=42
[2026-06-10 22:18:23] channel recv len=13 entropy=3.55 bs_len=13 u16le=21314 u32le=873282 ascii='BS..bMCsz`q..'
[2026-06-10 22:18:23] channel BS frame #15: body_len=9 head=62 4d 43 73 7a 60 71 0d 0a ascii='bMCsz`q..'
[2026-06-10 22:18:23] channel client plain frame #15: len=13 entropy=3.55 bs_len=13 u16le=21314 u32le=873282 ascii='BS..g%...u.~.'
[2026-06-10 22:18:23] channel replay gated group after client frame #15 type=0x67 len=9
[2026-06-10 22:18:23] channel recv len=9 entropy=2.95 bs_len=9 u16le=21314 u32le=611138 ascii='BS.......'
[2026-06-10 22:18:23] channel BS frame #16: body_len=5 head=de d0 cb 14 14 ascii='.....'
[2026-06-10 22:18:23] channel client plain frame #16: len=9 entropy=2.95 bs_len=9 u16le=21314 u32le=611138 ascii='BS..g....'
[2026-06-10 22:18:23] channel replay observed client frame #16; server frames sent=46
[2026-06-10 22:18:25] channel recv len=5 entropy=2.32 bs_len=5 u16le=21314 u32le=348994 ascii='BS..z'
[2026-06-10 22:18:25] channel BS frame #17: body_len=1 head=7a ascii='z'
[2026-06-10 22:18:25] channel client plain frame #17: len=5 entropy=2.32 bs_len=5 u16le=21314 u32le=348994 ascii='BS...'
[2026-06-10 22:18:25] channel replay sent server frame #50 after client frame #17: len=10 entropy=3.32 bs_len=10 u16le=21314 u32le=676674 ascii='BS..|..u..'
[2026-06-10 22:18:25] channel replay observed client frame #17; server frames sent=50
[2026-06-10 22:18:28] channel recv len=5 entropy=2.32 bs_len=5 u16le=21314 u32le=348994 ascii='BS..#'
[2026-06-10 22:18:28] channel BS frame #18: body_len=1 head=23 ascii='#'
[2026-06-10 22:18:28] channel client plain frame #18: len=5 entropy=2.32 bs_len=5 u16le=21314 u32le=348994 ascii='BS...'
[2026-06-10 22:18:28] channel replay observed client frame #18; server frames sent=58
[2026-06-10 22:18:29] client->game 84 bytes
[2026-06-10 22:18:29] game recv len=84 entropy=6.10 bs_len=84 u16le=21314 u16be=16979 u32le=5526338 u32be=1112757248 ascii='BST.3.a.G.$9nOn>?.Z.[Lx........QHr...H...E..Q../.S...4.(J9..........9P.J[..C..\\y...'
[2026-06-10 22:18:29] game client plain #15: type=0x1e body_len=80 head=1e 4b 00 00 00 01 a7 08 ff 00 00 04 d1 78 59 b6 field32=75 payload_len=75 field32b=4278757121
[2026-06-10 22:18:29] game replay observed 1 complete client BS frame(s); total=15
[2026-06-10 22:18:31] channel recv len=5 entropy=2.32 bs_len=5 u16le=21314 u32le=348994 ascii='BS...'
[2026-06-10 22:18:31] channel BS frame #19: body_len=1 head=c5 ascii='.'
[2026-06-10 22:18:31] channel client plain frame #19: len=5 entropy=2.32 bs_len=5 u16le=21314 u32le=348994 ascii='BS...'
[2026-06-10 22:18:31] channel replay observed client frame #19; server frames sent=68
[2026-06-10 22:18:33] channel recv len=32 entropy=3.83 bs_len=6 u16le=21314 u32le=414530 ascii='BS....BS...P*.z.#N,BS.....Sz.#N,'
[2026-06-10 22:18:33] channel BS frame #20: body_len=2 head=f3 bc ascii='..'
[2026-06-10 22:18:33] channel client plain frame #20: len=6 entropy=2.58 bs_len=6 u16le=21314 u32le=414530 ascii='BS..s.'
[2026-06-10 22:18:33] channel replay gated group after client frame #20 type=0x73 len=2
[2026-06-10 22:18:33] channel BS frame #21: body_len=9 head=8b 50 2a bc 7a f6 23 4e 2c ascii='.P*.z.#N,'
[2026-06-10 22:18:33] channel client plain frame #21: len=13 entropy=2.29 bs_len=13 u16le=21314 u32le=873282 ascii='BS..w...B...B'
[2026-06-10 22:18:33] channel replay gated group after client frame #21 type=0x77 len=9
[2026-06-10 22:18:33] channel BS frame #22: body_len=9 head=81 bc 00 53 7a f6 23 4e 2c ascii='...Sz.#N,'
[2026-06-10 22:18:33] channel client plain frame #22: len=13 entropy=2.29 bs_len=13 u16le=21314 u32le=873282 ascii='BS..w...B...B'
[2026-06-10 22:18:33] channel replay gated group after client frame #22 type=0x77 len=9
[2026-06-10 22:18:33] channel recv len=11 entropy=3.46 bs_len=11 u16le=21314 u32le=742210 ascii='BS.....rp..'
[2026-06-10 22:18:33] channel BS frame #23: body_len=7 head=91 f8 da 72 70 14 8e ascii='...rp..'
[2026-06-10 22:18:33] channel client plain frame #23: len=11 entropy=3.28 bs_len=11 u16le=21314 u32le=742210 ascii='BS..g .0..K'
[2026-06-10 22:18:33] channel replay gated group after client frame #23 type=0x67 len=7
[2026-06-10 22:18:33] channel recv len=11 entropy=3.46 bs_len=11 u16le=21314 u32le=742210 ascii='BS..y.ZqW.w'
[2026-06-10 22:18:33] channel BS frame #24: body_len=7 head=79 f3 5a 71 57 ee 77 ascii='y.ZqW.w'
[2026-06-10 22:18:33] channel client plain frame #24: len=11 entropy=3.28 bs_len=11 u16le=21314 u32le=742210 ascii='BS..g .J..S'
[2026-06-10 22:18:33] channel replay gated group after client frame #24 type=0x67 len=7
[2026-06-10 22:18:33] channel recv len=11 entropy=3.46 bs_len=11 u16le=21314 u32le=742210 ascii='BS..k...&8H'
[2026-06-10 22:18:33] channel BS frame #25: body_len=7 head=6b a0 e8 04 26 38 48 ascii='k...&8H'
[2026-06-10 22:18:33] channel client plain frame #25: len=11 entropy=3.46 bs_len=11 u16le=21314 u32le=742210 ascii='BS..g .,...'
[2026-06-10 22:18:33] channel replay gated group after client frame #25 type=0x67 len=7
[2026-06-10 22:18:33] channel recv len=11 entropy=3.28 bs_len=11 u16le=21314 u32le=742210 ascii='BS..wE...kS'
[2026-06-10 22:18:33] channel BS frame #26: body_len=7 head=77 45 92 b1 f0 6b 53 ascii='wE...kS'
[2026-06-10 22:18:33] channel client plain frame #26: len=11 entropy=3.46 bs_len=11 u16le=21314 u32le=742210 ascii='BS..g .....'
[2026-06-10 22:18:33] channel replay gated group after client frame #26 type=0x67 len=7
[2026-06-10 22:18:33] channel recv len=11 entropy=3.46 bs_len=11 u16le=21314 u32le=742210 ascii="BS..|:F9m'."
[2026-06-10 22:18:33] channel BS frame #27: body_len=7 head=7c 3a 46 39 6d 27 9f ascii="|:F9m'."
[2026-06-10 22:18:33] channel client plain frame #27: len=11 entropy=3.46 bs_len=11 u16le=21314 u32le=742210 ascii='BS..g .L..d'
[2026-06-10 22:18:33] channel replay gated group after client frame #27 type=0x67 len=7
[2026-06-10 22:18:33] channel recv len=11 entropy=3.46 bs_len=11 u16le=21314 u32le=742210 ascii='BS.......q.'
[2026-06-10 22:18:33] channel BS frame #28: body_len=7 head=bc 99 96 90 df 71 ff ascii='.....q.'
[2026-06-10 22:18:33] channel client plain frame #28: len=11 entropy=3.28 bs_len=11 u16le=21314 u32le=742210 ascii='BS..g ....['
[2026-06-10 22:18:33] channel replay gated group after client frame #28 type=0x67 len=7
[2026-06-10 22:18:33] channel recv len=11 entropy=3.46 bs_len=11 u16le=21314 u32le=742210 ascii='BS.....\\...'
[2026-06-10 22:18:33] channel BS frame #29: body_len=7 head=cd cf dd 5c fc d5 e9 ascii='...\\...'
[2026-06-10 22:18:33] channel client plain frame #29: len=11 entropy=3.28 bs_len=11 u16le=21314 u32le=742210 ascii='BS..g .z.T['
[2026-06-10 22:18:33] channel replay gated group after client frame #29 type=0x67 len=7
[2026-06-10 22:18:33] channel recv len=11 entropy=3.46 bs_len=11 u16le=21314 u32le=742210 ascii='BS..0...(Z.'
[2026-06-10 22:18:33] channel BS frame #30: body_len=7 head=30 bb eb e5 28 5a da ascii='0...(Z.'
[2026-06-10 22:18:33] channel client plain frame #30: len=11 entropy=3.46 bs_len=11 u16le=21314 u32le=742210 ascii='BS..g ....]'
[2026-06-10 22:18:33] channel replay gated group after client frame #30 type=0x67 len=7
[2026-06-10 22:18:34] channel recv len=11 entropy=3.46 bs_len=11 u16le=21314 u32le=742210 ascii='BS..^..<...'
[2026-06-10 22:18:34] channel BS frame #31: body_len=7 head=5e c2 da 3c 86 03 8a ascii='^..<...'
[2026-06-10 22:18:34] channel replay gated group after client frame #31 type=0x67 len=7
[2026-06-10 22:18:34] channel recv len=11 entropy=3.46 bs_len=11 u16le=21314 u32le=742210 ascii='BS..|...w..'
[2026-06-10 22:18:34] channel BS frame #32: body_len=7 head=7c fd 05 f4 77 12 df ascii='|...w..'
[2026-06-10 22:18:34] channel replay gated group after client frame #32 type=0x67 len=7
[2026-06-10 22:18:34] channel recv len=9 entropy=3.17 bs_len=9 u16le=21314 u32le=611138 ascii='BS....?,.'
[2026-06-10 22:18:34] channel BS frame #33: body_len=5 head=c9 92 3f 2c 7f ascii='..?,.'
[2026-06-10 22:18:34] channel replay gated group after client frame #33 type=0x67 len=5
[2026-06-10 22:18:34] channel recv len=17 entropy=4.09 bs_len=17 u16le=21314 u32le=1135426 ascii='BS..........GV59.'
[2026-06-10 22:18:34] channel BS frame #34: body_len=13 head=e5 15 c9 d9 9a fb d4 b8 47 56 35 39 bb ascii='........GV59.'
[2026-06-10 22:18:34] channel recv len=17 entropy=4.09 bs_len=17 u16le=21314 u32le=1135426 ascii='BS...C.....KX..x.'
[2026-06-10 22:18:34] channel BS frame #35: body_len=13 head=88 43 d8 f1 a7 d6 b2 4b 58 a4 b0 78 fe ascii='.C.....KX..x.'
[2026-06-10 22:18:34] channel recv len=17 entropy=3.97 bs_len=17 u16le=21314 u32le=1135426 ascii='BS.....f...VY..i.'
[2026-06-10 22:18:34] channel BS frame #36: body_len=13 head=18 14 b8 66 a0 fb 0a 56 59 9d fb 69 bd ascii='...f...VY..i.'
[2026-06-10 22:18:34] channel replay gated group after client frame #36 type=0x67 len=13
[2026-06-10 22:18:34] channel recv len=17 entropy=3.97 bs_len=17 u16le=21314 u32le=1135426 ascii='BS....1..... .Z%.'
[2026-06-10 22:18:34] channel BS frame #37: body_len=13 head=e7 e1 31 ae 8b b7 bc f0 20 bc 5a 25 2e ascii='..1..... .Z%.'
[2026-06-10 22:18:34] channel recv len=5 entropy=2.32 bs_len=5 u16le=21314 u32le=348994 ascii='BS...'
[2026-06-10 22:18:34] channel BS frame #38: body_len=1 head=ec ascii='.'
[2026-06-10 22:18:34] channel replay observed client frame #38; server frames sent=78
[2026-06-10 22:18:34] channel recv len=17 entropy=3.85 bs_len=17 u16le=21314 u32le=1135426 ascii='BS.... /....a.../'
[2026-06-10 22:18:34] channel BS frame #39: body_len=13 head=09 d7 20 2f 15 0f be bc 61 cc da be 2f ascii='.. /....a.../'
[2026-06-10 22:18:35] channel recv len=17 entropy=4.09 bs_len=17 u16le=21314 u32le=1135426 ascii='BS..w... .....]e.'
[2026-06-10 22:18:35] channel BS frame #40: body_len=13 head=77 19 09 e0 20 aa dd f7 a4 c9 5d 65 d5 ascii='w... .....]e.'
[2026-06-10 22:18:35] channel recv len=19 entropy=4.25 bs_len=19 u16le=21314 u32le=1266498 ascii='BS.........1.9.v.,U'
[2026-06-10 22:18:35] channel BS frame #41: body_len=15 head=d8 1a e6 f9 d2 f5 af 31 8c 39 c8 76 84 2c 55 ascii='.......1.9.v.,U'
[2026-06-10 22:18:35] channel recv len=19 entropy=4.14 bs_len=19 u16le=21314 u32le=1266498 ascii='BS..u......k..x.r..'
[2026-06-10 22:18:35] channel BS frame #42: body_len=15 head=75 dd 02 a3 cc 0b ed 6b 82 17 78 b5 72 80 0b ascii='u......k..x.r..'
[2026-06-10 22:18:35] channel recv len=17 entropy=3.97 bs_len=17 u16le=21314 u32le=1135426 ascii='BS..I..^>C.......'
[2026-06-10 22:18:35] channel BS frame #43: body_len=13 head=49 0a fc 5e 3e 43 08 e6 2e ab 0a b0 1d ascii='I..^>C.......'
[2026-06-10 22:18:35] channel recv len=17 entropy=4.09 bs_len=17 u16le=21314 u32le=1135426 ascii='BS..2*..]~.#..X..'
[2026-06-10 22:18:35] channel BS frame #44: body_len=13 head=32 2a 9c d9 5d 7e 07 23 13 cf 58 02 81 ascii='2*..]~.#..X..'
[2026-06-10 22:18:35] channel recv len=17 entropy=3.97 bs_len=17 u16le=21314 u32le=1135426 ascii='BS...j7sb|..|,.w.'
[2026-06-10 22:18:35] channel BS frame #45: body_len=13 head=a2 6a 37 73 62 7c a9 13 7c 2c bc 77 8d ascii='.j7sb|..|,.w.'
[2026-06-10 22:18:35] channel recv len=19 entropy=4.14 bs_len=19 u16le=21314 u32le=1266498 ascii='BS..H......o#..5..}'
[2026-06-10 22:18:35] channel BS frame #46: body_len=15 head=48 0f 1d 1e b6 85 df 6f 23 96 0f 35 0d 18 7d ascii='H......o#..5..}'
[2026-06-10 22:18:35] channel recv len=17 entropy=4.09 bs_len=17 u16le=21314 u32le=1135426 ascii='BS..0za.3.}....]i'
[2026-06-10 22:18:35] channel BS frame #47: body_len=13 head=30 7a 61 8c 33 c9 7d b9 8f bf 86 5d 69 ascii='0za.3.}....]i'
[2026-06-10 22:18:35] channel recv len=17 entropy=4.09 bs_len=17 u16le=21314 u32le=1135426 ascii='BS....e.- .......'
[2026-06-10 22:18:35] channel BS frame #48: body_len=13 head=07 a1 65 86 2d 20 a8 a2 1a f6 e0 e8 dd ascii='..e.- .......'
[2026-06-10 22:18:35] channel recv len=11 entropy=3.46 bs_len=11 u16le=21314 u32le=742210 ascii='BS...m*.i/.'
[2026-06-10 22:18:35] channel BS frame #49: body_len=7 head=f0 6d 2a c2 69 2f aa ascii='.m*.i/.'
[2026-06-10 22:18:36] channel recv len=11 entropy=3.46 bs_len=11 u16le=21314 u32le=742210 ascii='BS..I..;..$'
[2026-06-10 22:18:36] channel BS frame #50: body_len=7 head=49 0f d2 3b d1 cb 24 ascii='I..;..$'
[2026-06-10 22:18:36] channel client plain frame #50: len=11 entropy=3.28 bs_len=11 u16le=21314 u32le=742210 ascii='BS..g .....'
[2026-06-10 22:18:36] channel recv len=11 entropy=3.46 bs_len=11 u16le=21314 u32le=742210 ascii='BS...a.7...'
[2026-06-10 22:18:36] channel BS frame #51: body_len=7 head=03 61 e3 37 fb be da ascii='.a.7...'
[2026-06-10 22:18:36] channel recv len=11 entropy=3.46 bs_len=11 u16le=21314 u32le=742210 ascii='BS..%O.....'
[2026-06-10 22:18:36] channel BS frame #52: body_len=7 head=25 4f a2 ba c6 a9 aa ascii='%O.....'
[2026-06-10 22:18:36] channel recv len=9 entropy=3.17 bs_len=9 u16le=21314 u32le=611138 ascii='BS...../.'
[2026-06-10 22:18:36] channel BS frame #53: body_len=5 head=8f 1c b2 2f c8 ascii='.../.'
[2026-06-10 22:18:36] channel recv len=17 entropy=4.09 bs_len=17 u16le=21314 u32le=1135426 ascii='BS...../.=.......'
[2026-06-10 22:18:36] channel BS frame #54: body_len=13 head=f8 15 c9 2f bc 3d 17 c8 19 b3 04 f1 c3 ascii='.../.=.......'
[2026-06-10 22:18:36] channel recv len=17 entropy=3.85 bs_len=17 u16le=21314 u32le=1135426 ascii='BS..Wi.eD.j.....j'
[2026-06-10 22:18:36] channel BS frame #55: body_len=13 head=57 69 a9 65 44 ba 6a ee bd 87 01 11 6a ascii='Wi.eD.j.....j'
[2026-06-10 22:18:36] channel recv len=19 entropy=4.14 bs_len=19 u16le=21314 u32le=1266498 ascii='BS...@...i.P...4...'
[2026-06-10 22:18:36] channel BS frame #56: body_len=15 head=08 40 c4 94 b6 69 83 50 82 ea d9 34 e7 f4 13 ascii='.@...i.P...4...'
[2026-06-10 22:18:36] channel recv len=19 entropy=4.14 bs_len=19 u16le=21314 u32le=1266498 ascii='BS..I....".`.br%...'
[2026-06-10 22:18:36] channel BS frame #57: body_len=15 head=49 09 18 eb b9 22 09 60 e4 62 72 25 ab 92 d0 ascii='I....".`.br%...'
[2026-06-10 22:18:36] channel recv len=17 entropy=4.09 bs_len=17 u16le=21314 u32le=1135426 ascii='BS..f..../lN&IZ..'
[2026-06-10 22:18:36] channel BS frame #58: body_len=13 head=66 ea dd 9b a9 2f 6c 4e 26 49 5a d2 a4 ascii='f..../lN&IZ..'
[2026-06-10 22:18:36] channel recv len=19 entropy=4.25 bs_len=19 u16le=21314 u32le=1266498 ascii='BS....z..|f...&.08.'
[2026-06-10 22:18:36] channel BS frame #59: body_len=15 head=98 b3 7a e6 99 7c 66 93 8b a0 26 94 30 38 8f ascii='..z..|f...&.08.'
[2026-06-10 22:18:36] channel recv len=19 entropy=4.14 bs_len=19 u16le=21314 u32le=1266498 ascii='BS...c.S..!kY;....5'
[2026-06-10 22:18:36] channel BS frame #60: body_len=15 head=0c 63 f0 53 0f 92 21 6b 59 3b 82 91 da 03 35 ascii='.c.S..!kY;....5'
[2026-06-10 22:18:37] channel recv len=19 entropy=4.14 bs_len=19 u16le=21314 u32le=1266498 ascii='BS..|........}:....'
[2026-06-10 22:18:37] channel BS frame #61: body_len=15 head=7c 0f 88 b1 b1 ab 80 17 89 7d 3a d7 90 8a 10 ascii='|........}:....'
[2026-06-10 22:18:37] channel recv len=19 entropy=4.25 bs_len=19 u16le=21314 u32le=1266498 ascii='BS.....Q&+[......1.'
[2026-06-10 22:18:37] channel BS frame #62: body_len=15 head=ca ec f1 51 26 2b 5b c7 86 9c d6 dd ff 31 b7 ascii='...Q&+[......1.'
[2026-06-10 22:18:37] channel recv len=32 entropy=3.98 bs_len=6 u16le=21314 u32le=414530 ascii='BS...|BS...J-.z.#N,BS.....Sz.#N,'
[2026-06-10 22:18:37] channel BS frame #63: body_len=2 head=19 7c ascii='.|'
[2026-06-10 22:18:37] channel BS frame #64: body_len=9 head=83 4a 2d cb 7a f6 23 4e 2c ascii='.J-.z.#N,'
[2026-06-10 22:18:37] channel BS frame #65: body_len=9 head=81 bc 00 53 7a f6 23 4e 2c ascii='...Sz.#N,'
[2026-06-10 22:18:37] channel recv len=15 entropy=3.77 bs_len=15 u16le=21314 u32le=1004354 ascii='BS....]..,K..3.'
[2026-06-10 22:18:37] channel BS frame #66: body_len=11 head=91 ca 5d b2 b2 2c 4b a2 e1 33 fa ascii='..]..,K..3.'
[2026-06-10 22:18:37] channel recv len=13 entropy=3.70 bs_len=13 u16le=21314 u32le=873282 ascii='BS.....-....Y'
[2026-06-10 22:18:37] channel BS frame #67: body_len=9 head=88 91 b7 2d b1 9f eb e6 59 ascii='...-....Y'
[2026-06-10 22:18:37] channel recv len=13 entropy=3.70 bs_len=13 u16le=21314 u32le=873282 ascii='BS....)*...xY'
[2026-06-10 22:18:37] channel BS frame #68: body_len=9 head=1d f5 29 2a 12 0a 8f 78 59 ascii='..)*...xY'
[2026-06-10 22:18:37] channel recv len=11 entropy=3.46 bs_len=11 u16le=21314 u32le=742210 ascii='BS..../3[..'
[2026-06-10 22:18:37] channel BS frame #69: body_len=7 head=1d f5 2f 33 5b de c0 ascii='../3[..'
[2026-06-10 22:18:37] channel recv len=11 entropy=3.46 bs_len=11 u16le=21314 u32le=742210 ascii='BS....D.d..'
[2026-06-10 22:18:37] channel BS frame #70: body_len=7 head=99 07 44 9a 64 9c e1 ascii='..D.d..'
[2026-06-10 22:18:37] channel recv len=13 entropy=3.70 bs_len=13 u16le=21314 u32le=873282 ascii='BS..i..V.K-./'
[2026-06-10 22:18:37] channel BS frame #71: body_len=9 head=69 db e5 56 c3 4b 2d e0 2f ascii='i..V.K-./'
[2026-06-10 22:18:37] channel recv len=17 entropy=3.97 bs_len=17 u16le=21314 u32le=1135426 ascii='BS.........4.x.#c'
[2026-06-10 22:18:37] channel BS frame #72: body_len=13 head=9e cd 0a cf b3 ac 0a 34 a3 78 96 23 63 ascii='.......4.x.#c'
[2026-06-10 22:18:37] channel recv len=5 entropy=2.32 bs_len=5 u16le=21314 u32le=348994 ascii='BS...'
[2026-06-10 22:18:37] channel BS frame #73: body_len=1 head=a9 ascii='.'
[2026-06-10 22:18:37] channel replay observed client frame #73; server frames sent=88
[2026-06-10 22:18:37] channel recv len=13 entropy=3.70 bs_len=13 u16le=21314 u32le=873282 ascii='BS.......*.1I'
[2026-06-10 22:18:37] channel BS frame #74: body_len=9 head=d3 87 16 c9 da 2a e1 31 49 ascii='.....*.1I'
[2026-06-10 22:18:38] channel recv len=13 entropy=3.55 bs_len=13 u16le=21314 u32le=873282 ascii='BS.....i8.Z2?'
[2026-06-10 22:18:38] channel BS frame #75: body_len=9 head=0d fe 97 69 38 1a 5a 32 3f ascii='...i8.Z2?'
[2026-06-10 22:18:38] channel recv len=17 entropy=4.09 bs_len=17 u16le=21314 u32le=1135426 ascii='BS...y.....N.... '
[2026-06-10 22:18:38] channel BS frame #76: body_len=13 head=dc 79 8a 14 a4 91 b9 4e d0 83 8e d8 20 ascii='.y.....N.... '
[2026-06-10 22:18:38] channel recv len=19 entropy=4.25 bs_len=19 u16le=21314 u32le=1266498 ascii='BS..i.wu ...V(_k..A'
[2026-06-10 22:18:38] channel BS frame #77: body_len=15 head=69 a3 77 75 20 f5 fa bb 56 28 5f 6b ab 1e 41 ascii='i.wu ...V(_k..A'
[2026-06-10 22:18:38] channel recv len=17 entropy=3.97 bs_len=17 u16le=21314 u32le=1135426 ascii='BS..C..........w.'
[2026-06-10 22:18:38] channel BS frame #78: body_len=13 head=43 fb b1 b1 8a eb df 87 f2 f9 0b 77 01 ascii='C..........w.'
[2026-06-10 22:18:38] channel recv len=17 entropy=4.09 bs_len=17 u16le=21314 u32le=1135426 ascii='BS..A..........T.'
[2026-06-10 22:18:38] channel BS frame #79: body_len=13 head=41 fa a0 fd 0a ba 08 e6 bd c2 09 54 0d ascii='A..........T.'
[2026-06-10 22:18:38] channel recv len=17 entropy=4.09 bs_len=17 u16le=21314 u32le=1135426 ascii='BS..{..../l....H.'
[2026-06-10 22:18:38] channel BS frame #80: body_len=13 head=7b e5 a1 8d a9 2f 6c a7 f8 19 18 48 09 ascii='{..../l....H.'
[2026-06-10 22:18:38] channel recv len=17 entropy=4.09 bs_len=17 u16le=21314 u32le=1135426 ascii='BS..#.q....+/6R..'
[2026-06-10 22:18:38] channel BS frame #81: body_len=13 head=23 f2 71 f5 9c 8a 0f 2b 2f 36 52 14 91 ascii='#.q....+/6R..'
[2026-06-10 22:18:38] channel recv len=17 entropy=3.97 bs_len=17 u16le=21314 u32le=1135426 ascii='BS...q.......K...'
[2026-06-10 22:18:38] channel BS frame #82: body_len=13 head=d3 71 1b 9b c4 eb bd cc d8 4b 1e d3 91 ascii='.q.......K...'
[2026-06-10 22:18:38] channel recv len=17 entropy=3.97 bs_len=17 u16le=21314 u32le=1135426 ascii='BS..z...W...B.V.)'
[2026-06-10 22:18:38] channel BS frame #83: body_len=13 head=7a 82 e6 7f 57 d9 ca c5 42 ac 56 f1 29 ascii='z...W...B.V.)'
[2026-06-10 22:18:39] channel recv len=19 entropy=4.25 bs_len=19 u16le=21314 u32le=1266498 ascii='BS....!L..Rr...y.]h'
[2026-06-10 22:18:39] channel BS frame #84: body_len=15 head=a6 1b 21 4c d3 b0 52 72 fd be 94 79 a2 5d 68 ascii='..!L..Rr...y.]h'
[2026-06-10 22:18:39] channel recv len=17 entropy=3.97 bs_len=17 u16le=21314 u32le=1135426 ascii='BS..K..uwZrf....!'
[2026-06-10 22:18:39] channel BS frame #85: body_len=13 head=4b 92 af 75 77 5a 72 66 d5 af f4 c8 21 ascii='K..uwZrf....!'
[2026-06-10 22:18:39] channel recv len=17 entropy=4.09 bs_len=17 u16le=21314 u32le=1135426 ascii='BS....a..6t=KI..?'
[2026-06-10 22:18:39] channel BS frame #86: body_len=13 head=d2 9d 61 f6 ae 36 74 3d 4b 49 05 b8 3f ascii='..a..6t=KI..?'
[2026-06-10 22:18:39] channel recv len=11 entropy=3.46 bs_len=11 u16le=21314 u32le=742210 ascii='BS....X).I.'
[2026-06-10 22:18:39] channel BS frame #87: body_len=7 head=f5 c2 58 29 9f 49 d0 ascii='..X).I.'
[2026-06-10 22:18:39] channel recv len=19 entropy=4.25 bs_len=19 u16le=21314 u32le=1266498 ascii='BS....("..Ec.I..:z.'
[2026-06-10 22:18:39] channel BS frame #88: body_len=15 head=e9 ed 28 22 96 84 45 63 98 49 0b fa 3a 7a 8c ascii='..("..Ec.I..:z.'
[2026-06-10 22:18:39] channel recv len=19 entropy=4.25 bs_len=19 u16le=21314 u32le=1266498 ascii='BS..jWr..G...... ..'
[2026-06-10 22:18:39] channel BS frame #89: body_len=15 head=6a 57 72 d0 b8 47 ac b0 fb d1 a1 f0 20 9e c1 ascii='jWr..G...... ..'
[2026-06-10 22:18:39] channel recv len=17 entropy=3.97 bs_len=17 u16le=21314 u32le=1135426 ascii='BS..>...0.v...+^.'
[2026-06-10 22:18:39] channel BS frame #90: body_len=13 head=3e ef 0a d2 30 8e 76 8e 87 90 2b 5e d3 ascii='>...0.v...+^.'
[2026-06-10 22:18:39] channel recv len=17 entropy=3.97 bs_len=17 u16le=21314 u32le=1135426 ascii='BS..oF.s.Wz....EU'
[2026-06-10 22:18:39] channel BS frame #91: body_len=13 head=6f 46 0f 73 82 57 7a 06 10 92 10 45 55 ascii='oF.s.Wz....EU'
[2026-06-10 22:18:39] channel recv len=17 entropy=3.97 bs_len=17 u16le=21314 u32le=1135426 ascii='BS........pJB....'
[2026-06-10 22:18:39] channel BS frame #92: body_len=13 head=06 f9 a1 ea fa b5 70 4a 42 aa 9c 8c d9 ascii='......pJB....'
[2026-06-10 22:18:40] channel recv len=17 entropy=4.09 bs_len=17 u16le=21314 u32le=1135426 ascii='BS.../r.........;'
[2026-06-10 22:18:40] channel BS frame #93: body_len=13 head=f2 2f 72 c5 a3 88 a1 bb a8 98 1f 09 3b ascii='./r.........;'
[2026-06-10 22:18:40] channel recv len=17 entropy=4.09 bs_len=17 u16le=21314 u32le=1135426 ascii='BS..........kz...'
[2026-06-10 22:18:40] channel BS frame #94: body_len=13 head=b4 a1 a2 ab c7 98 16 0a 6b 7a c3 a4 f6 ascii='........kz...'
[2026-06-10 22:18:40] channel recv len=17 entropy=4.09 bs_len=17 u16le=21314 u32le=1135426 ascii='BS..d.P..a..%....'
[2026-06-10 22:18:40] channel BS frame #95: body_len=13 head=64 db 50 15 c9 61 c8 b2 25 8b d0 8d 9e ascii='d.P..a..%....'
[2026-06-10 22:18:40] channel recv len=17 entropy=4.09 bs_len=17 u16le=21314 u32le=1135426 ascii='BS...............'
[2026-06-10 22:18:40] channel BS frame #96: body_len=13 head=b9 df 1b 1d fb e9 13 1e e1 fc 0b a1 db ascii='.............'
[2026-06-10 22:18:40] channel recv len=17 entropy=4.09 bs_len=17 u16le=21314 u32le=1135426 ascii='BS......X|w...Dfr'
[2026-06-10 22:18:40] channel BS frame #97: body_len=13 head=02 bd e9 1a 58 7c 77 fe da c9 44 66 72 ascii='....X|w...Dfr'
[2026-06-10 22:18:40] channel recv len=17 entropy=4.09 bs_len=17 u16le=21314 u32le=1135426 ascii='BS.....jX|w[...<n'
[2026-06-10 22:18:40] channel BS frame #98: body_len=13 head=8f c0 b2 6a 58 7c 77 5b bc 08 c8 3c 6e ascii='...jX|w[...<n'
[2026-06-10 22:18:40] channel recv len=13 entropy=3.70 bs_len=13 u16le=21314 u32le=873282 ascii='BS..)@.h.#.!~'
[2026-06-10 22:18:40] channel BS frame #99: body_len=9 head=29 40 98 68 83 23 90 21 7e ascii=')@.h.#.!~'
[2026-06-10 22:18:40] channel recv len=5 entropy=2.32 bs_len=5 u16le=21314 u32le=348994 ascii='BS...'
[2026-06-10 22:18:40] channel BS frame #100: body_len=1 head=87 ascii='.'
[2026-06-10 22:18:40] channel client plain frame #100: len=5 entropy=2.32 bs_len=5 u16le=21314 u32le=348994 ascii='BS...'
[2026-06-10 22:18:40] channel replay observed client frame #100; server frames sent=98
[2026-06-10 22:18:40] channel recv len=17 entropy=3.97 bs_len=17 u16le=21314 u32le=1135426 ascii='BS.......q..4.qKF'
[2026-06-10 22:18:40] channel BS frame #101: body_len=13 head=dd c7 b3 e1 ad 71 7f 98 34 b5 71 4b 46 ascii='.....q..4.qKF'
[2026-06-10 22:18:41] channel recv len=17 entropy=3.97 bs_len=17 u16le=21314 u32le=1135426 ascii='BS..u..........D.'
[2026-06-10 22:18:41] channel BS frame #102: body_len=13 head=75 c4 02 96 b3 98 aa 1f cf b5 a3 44 b3 ascii='u..........D.'
[2026-06-10 22:18:41] channel recv len=17 entropy=4.09 bs_len=17 u16le=21314 u32le=1135426 ascii='BS...aUK....[O..X'
[2026-06-10 22:18:41] channel BS frame #103: body_len=13 head=d9 61 55 4b a5 e0 ba d4 5b 4f c6 1b 58 ascii='.aUK....[O..X'
[2026-06-10 22:18:41] channel recv len=17 entropy=4.09 bs_len=17 u16le=21314 u32le=1135426 ascii='BS..6............'
[2026-06-10 22:18:41] channel BS frame #104: body_len=13 head=36 9f b5 ef ed d1 93 c3 e1 af 1c a7 12 ascii='6............'
[2026-06-10 22:18:41] channel recv len=17 entropy=4.09 bs_len=17 u16le=21314 u32le=1135426 ascii='BS..".Z. ..a....G'
[2026-06-10 22:18:41] channel BS frame #105: body_len=13 head=22 da 5a 95 20 ff a6 61 ad 19 ba 0d 47 ascii='".Z. ..a....G'
[2026-06-10 22:18:41] channel recv len=17 entropy=3.97 bs_len=17 u16le=21314 u32le=1135426 ascii="BS....r-.'......@"
[2026-06-10 22:18:41] channel BS frame #106: body_len=13 head=ff b6 72 2d e6 27 80 8f ae f0 0f ae 40 ascii="..r-.'......@"
[2026-06-10 22:18:41] channel recv len=17 entropy=3.85 bs_len=17 u16le=21314 u32le=1135426 ascii='BS..l#...........'
[2026-06-10 22:18:41] channel BS frame #107: body_len=13 head=6c 23 bb 04 8a 81 99 04 01 81 af ab 9a ascii='l#...........'
[2026-06-10 22:18:41] channel recv len=13 entropy=3.70 bs_len=13 u16le=21314 u32le=873282 ascii='BS....H....N.'
[2026-06-10 22:18:41] channel BS frame #108: body_len=9 head=9a f7 48 d0 c5 f2 b2 4e 16 ascii='..H....N.'
[2026-06-10 22:18:41] channel recv len=17 entropy=3.97 bs_len=17 u16le=21314 u32le=1135426 ascii='BS..BM.&Yx......!'
[2026-06-10 22:18:41] channel BS frame #109: body_len=13 head=42 4d d9 26 59 78 c7 19 12 bf 91 c4 21 ascii='BM.&Yx......!'
[2026-06-10 22:18:42] channel recv len=19 entropy=4.14 bs_len=19 u16le=21314 u32le=1266498 ascii='BS..d15b...k.......'
[2026-06-10 22:18:42] channel BS frame #110: body_len=15 head=64 31 35 62 96 09 d7 6b e1 8b 83 e4 98 e1 04 ascii='d15b...k.......'
[2026-06-10 22:18:42] channel recv len=17 entropy=3.97 bs_len=17 u16le=21314 u32le=1135426 ascii='BS....GS.... <.Pu'
[2026-06-10 22:18:42] channel BS frame #111: body_len=13 head=a3 a8 47 53 fc 95 dc 90 20 3c 9a 50 75 ascii='..GS.... <.Pu'
[2026-06-10 22:18:42] channel recv len=17 entropy=4.09 bs_len=17 u16le=21314 u32le=1135426 ascii='BS....^..Y...:.r.'
[2026-06-10 22:18:42] channel BS frame #112: body_len=13 head=95 c4 5e 8b 1b 59 e4 db fe 3a 93 72 ff ascii='..^..Y...:.r.'
[2026-06-10 22:18:42] channel recv len=19 entropy=4.25 bs_len=19 u16le=21314 u32le=1266498 ascii='BS.....].....P..L..'
[2026-06-10 22:18:42] channel BS frame #113: body_len=15 head=9d 03 bb 5d b6 b5 ed 8f 96 50 94 f1 4c c0 c8 ascii='...].....P..L..'
[2026-06-10 22:18:42] channel recv len=17 entropy=3.97 bs_len=17 u16le=21314 u32le=1135426 ascii='BS..<.E.UX...5...'
[2026-06-10 22:18:42] channel BS frame #114: body_len=13 head=3c 98 45 af 55 58 10 b9 16 35 de fd 16 ascii='<.E.UX...5...'
[2026-06-10 22:18:42] channel recv len=17 entropy=3.97 bs_len=17 u16le=21314 u32le=1135426 ascii='BS...$.C..YsA..L.'
[2026-06-10 22:18:42] channel BS frame #115: body_len=13 head=c5 24 e9 43 06 e9 59 73 41 f4 d4 4c 07 ascii='.$.C..YsA..L.'
[2026-06-10 22:18:42] channel recv len=17 entropy=4.09 bs_len=17 u16le=21314 u32le=1135426 ascii='BS....o.4`..6....'
[2026-06-10 22:18:42] channel BS frame #116: body_len=13 head=ad cf 6f 88 34 60 14 94 36 17 c1 0a 1a ascii='..o.4`..6....'
[2026-06-10 22:18:42] channel recv len=19 entropy=4.25 bs_len=19 u16le=21314 u32le=1266498 ascii='BS....>.!_.y..f...d'
[2026-06-10 22:18:42] channel BS frame #117: body_len=15 head=b7 de 3e cf 21 5f ce 79 90 ca 66 ea 0b 8a 64 ascii='..>.!_.y..f...d'
[2026-06-10 22:18:42] channel recv len=17 entropy=4.09 bs_len=17 u16le=21314 u32le=1135426 ascii='BS...~....R.....Z'
[2026-06-10 22:18:42] channel BS frame #118: body_len=13 head=df 7e fe db bb 96 52 05 19 06 2e 9a 5a ascii='.~....R.....Z'
[2026-06-10 22:18:43] channel recv len=17 entropy=4.09 bs_len=17 u16le=21314 u32le=1135426 ascii='BS..=.Q..gi|....%'
[2026-06-10 22:18:43] channel BS frame #119: body_len=13 head=3d b9 51 01 0e 67 69 7c b0 81 18 a1 25 ascii='=.Q..gi|....%'
[2026-06-10 22:18:43] channel recv len=19 entropy=4.25 bs_len=19 u16le=21314 u32le=1266498 ascii='BS....u`..L.qX..6ZN'
[2026-06-10 22:18:43] channel BS frame #120: body_len=15 head=0a f3 75 60 08 cc 4c 14 71 58 16 ec 36 5a 4e ascii='..u`..L.qX..6ZN'
[2026-06-10 22:18:43] channel recv len=17 entropy=4.09 bs_len=17 u16le=21314 u32le=1135426 ascii='BS..Z~..mPx...a.:'
[2026-06-10 22:18:43] channel BS frame #121: body_len=13 head=5a 7e d0 95 6d 50 78 c7 bc 84 61 9b 3a ascii='Z~..mPx...a.:'
[2026-06-10 22:18:43] channel recv len=17 entropy=4.09 bs_len=17 u16le=21314 u32le=1135426 ascii='BS...q.@I..4oYf.A'
[2026-06-10 22:18:43] channel BS frame #122: body_len=13 head=f8 71 ef 40 49 bc fc 34 6f 59 66 d6 41 ascii='.q.@I..4oYf.A'
[2026-06-10 22:18:43] channel recv len=19 entropy=4.25 bs_len=19 u16le=21314 u32le=1266498 ascii='BS..T...(%.....h.XP'
[2026-06-10 22:18:43] channel BS frame #123: body_len=15 head=54 89 07 8a 28 25 0c cc a6 10 a2 68 87 58 50 ascii='T...(%.....h.XP'
[2026-06-10 22:18:43] channel recv len=17 entropy=4.09 bs_len=17 u16le=21314 u32le=1135426 ascii='BS....J.9.W.2..U.'
[2026-06-10 22:18:43] channel BS frame #124: body_len=13 head=e6 15 4a 9e 39 df 57 0e 32 96 d6 55 95 ascii='..J.9.W.2..U.'
[2026-06-10 22:18:43] channel recv len=17 entropy=4.09 bs_len=17 u16le=21314 u32le=1135426 ascii='BS..z.._71NiGYv..'
[2026-06-10 22:18:43] channel BS frame #125: body_len=13 head=7a 10 88 5f 37 31 4e 69 47 59 76 c0 d9 ascii='z.._71NiGYv..'
[2026-06-10 22:18:43] channel recv len=17 entropy=4.09 bs_len=17 u16le=21314 u32le=1135426 ascii='BS..C`.r....*.Nn3'
[2026-06-10 22:18:43] channel BS frame #126: body_len=13 head=43 60 01 72 9f a4 f8 df 2a bf 4e 6e 33 ascii='C`.r....*.Nn3'
[2026-06-10 22:18:43] channel recv len=5 entropy=2.32 bs_len=5 u16le=21314 u32le=348994 ascii='BS..O'
[2026-06-10 22:18:43] channel BS frame #127: body_len=1 head=4f ascii='O'
[2026-06-10 22:18:43] channel replay sent server frame #100 after client frame #127: len=9 entropy=3.17 bs_len=9 u16le=21314 u32le=611138 ascii='BS..v....'
[2026-06-10 22:18:43] channel replay observed client frame #127; server frames sent=108
[2026-06-10 22:18:43] channel recv len=17 entropy=3.85 bs_len=17 u16le=21314 u32le=1135426 ascii='BS...z..=P.......'
[2026-06-10 22:18:43] channel BS frame #128: body_len=13 head=a9 7a d2 96 3d 50 ee b7 9d a9 dd a2 a2 ascii='.z..=P.......'
[2026-06-10 22:18:44] channel recv len=17 entropy=4.09 bs_len=17 u16le=21314 u32le=1135426 ascii='BS...o...........'
[2026-06-10 22:18:44] channel BS frame #129: body_len=13 head=09 6f da dc 0a d1 d8 e3 f9 0d 04 a3 9b ascii='.o...........'
[2026-06-10 22:18:44] channel recv len=17 entropy=4.09 bs_len=17 u16le=21314 u32le=1135426 ascii='BS....:fD..!Ut.A.'
[2026-06-10 22:18:44] channel BS frame #130: body_len=13 head=e1 19 3a 66 44 d1 ba 21 55 74 e9 41 89 ascii='..:fD..!Ut.A.'
[2026-06-10 22:18:44] channel recv len=17 entropy=3.97 bs_len=17 u16le=21314 u32le=1135426 ascii='BS... kBz.wO..5..'
[2026-06-10 22:18:44] channel BS frame #131: body_len=13 head=18 20 6b 42 7a 8f 77 4f 84 d1 35 b7 e7 ascii='. kBz.wO..5..'
[2026-06-10 22:18:44] channel recv len=17 entropy=3.97 bs_len=17 u16le=21314 u32le=1135426 ascii='BS...3WM.p.YysS.|'
[2026-06-10 22:18:44] channel BS frame #132: body_len=13 head=aa 33 57 4d 93 70 c2 59 79 73 53 d1 7c ascii='.3WM.p.YysS.|'
[2026-06-10 22:18:44] channel recv len=19 entropy=4.25 bs_len=19 u16le=21314 u32le=1266498 ascii='BS.....p.#4,Y.hj.".'
[2026-06-10 22:18:44] channel BS frame #133: body_len=15 head=9c 9d c2 70 0f 23 34 2c 59 b4 68 6a fc 22 d9 ascii='...p.#4,Y.hj.".'
[2026-06-10 22:18:44] channel recv len=17 entropy=3.97 bs_len=17 u16le=21314 u32le=1135426 ascii='BS...bN..^...r...'
[2026-06-10 22:18:44] channel BS frame #134: body_len=13 head=86 62 4e 06 88 5e b0 96 fc 72 88 97 f1 ascii='.bN..^...r...'
[2026-06-10 22:18:44] channel recv len=17 entropy=4.09 bs_len=17 u16le=21314 u32le=1135426 ascii='BS..x..j.......p.'
[2026-06-10 22:18:44] channel BS frame #135: body_len=13 head=78 15 1c 6a 97 e8 bc 1e b1 1d ae 70 9d ascii='x..j.......p.'
[2026-06-10 22:18:44] channel recv len=17 entropy=3.97 bs_len=17 u16le=21314 u32le=1135426 ascii='BS..z~.....J.{9..'
[2026-06-10 22:18:44] channel BS frame #136: body_len=13 head=7a 7e f1 cd e5 95 f0 4a 95 7b 39 1a 8e ascii='z~.....J.{9..'
[2026-06-10 22:18:45] channel recv len=17 entropy=4.09 bs_len=17 u16le=21314 u32le=1135426 ascii='BS.....Q..<..U&j.'
[2026-06-10 22:18:45] channel BS frame #137: body_len=13 head=ca b1 d3 51 ce c3 3c d6 84 55 26 6a bf ascii='...Q..<..U&j.'
[2026-06-10 22:18:45] channel recv len=17 entropy=4.09 bs_len=17 u16le=21314 u32le=1135426 ascii='BS...o...O......Z'
[2026-06-10 22:18:45] channel BS frame #138: body_len=13 head=02 6f ed c5 fc 4f fe bb a1 c2 8a d6 5a ascii='.o...O......Z'
[2026-06-10 22:18:45] channel recv len=17 entropy=4.09 bs_len=17 u16le=21314 u32le=1135426 ascii='BS..?.ED...9~e.J.'
[2026-06-10 22:18:45] channel BS frame #139: body_len=13 head=3f ef 45 44 aa db b9 39 7e 65 e8 4a 1b ascii='?.ED...9~e.J.'
[2026-06-10 22:18:45] channel recv len=15 entropy=3.91 bs_len=15 u16le=21314 u32le=1004354 ascii="BS.....y,...^.'"
[2026-06-10 22:18:45] channel BS frame #140: body_len=11 head=9a 16 f1 79 2c e3 ef fc 5e f8 27 ascii="...y,...^.'"
[2026-06-10 22:18:45] channel recv len=17 entropy=3.97 bs_len=17 u16le=21314 u32le=1135426 ascii='BS......t....t4..'
[2026-06-10 22:18:45] channel BS frame #141: body_len=13 head=89 a1 99 1d 74 9f 88 d2 d9 74 34 8a bf ascii='....t....t4..'
[2026-06-10 22:18:45] channel recv len=19 entropy=4.25 bs_len=19 u16le=21314 u32le=1266498 ascii='BS...4.*.;.#o0.....'
[2026-06-10 22:18:45] channel BS frame #142: body_len=15 head=fd 34 86 2a 90 3b bb 23 6f 30 f2 cc 84 b8 14 ascii='.4.*.;.#o0.....'
[2026-06-10 22:18:45] channel recv len=19 entropy=4.25 bs_len=19 u16le=21314 u32le=1266498 ascii='BS...U..(..X ......'
[2026-06-10 22:18:45] channel BS frame #143: body_len=15 head=e7 55 1d f2 28 a5 b3 58 20 0a 99 12 0c da 14 ascii='.U..(..X ......'
[2026-06-10 22:18:45] channel recv len=17 entropy=4.09 bs_len=17 u16le=21314 u32le=1135426 ascii="BS.....D'M#-.Ph.."
[2026-06-10 22:18:45] channel BS frame #144: body_len=13 head=c7 a5 b3 44 27 4d 23 2d ba 50 68 1a 08 ascii="...D'M#-.Ph.."
[2026-06-10 22:18:45] channel recv len=17 entropy=4.09 bs_len=17 u16le=21314 u32le=1135426 ascii='BS........,.i.e.)'
[2026-06-10 22:18:45] channel BS frame #145: body_len=13 head=9d 95 12 1c ce b1 2c e4 69 e2 65 b8 29 ascii='......,.i.e.)'
[2026-06-10 22:18:45] channel recv len=19 entropy=4.04 bs_len=19 u16le=21314 u32le=1266498 ascii='BS...!..C..........'
[2026-06-10 22:18:45] channel BS frame #146: body_len=15 head=bf 21 89 05 43 a2 c1 a2 03 c7 8a 00 0a 9e fb ascii='.!..C..........'
[2026-06-10 22:18:45] channel recv len=19 entropy=4.25 bs_len=19 u16le=21314 u32le=1266498 ascii='BS...0VT..qL.hH....'
[2026-06-10 22:18:45] channel BS frame #147: body_len=15 head=0e 30 56 54 b8 ae 71 4c b1 68 48 0c 1e a2 b5 ascii='.0VT..qL.hH....'
[2026-06-10 22:18:46] channel recv len=17 entropy=4.09 bs_len=17 u16le=21314 u32le=1135426 ascii='BS......:...m+..N'
[2026-06-10 22:18:46] channel BS frame #148: body_len=13 head=95 0e d5 e6 3a e7 e4 bf 6d 2b 1d 01 4e ascii='....:...m+..N'
[2026-06-10 22:18:46] channel recv len=19 entropy=4.25 bs_len=19 u16le=21314 u32le=1266498 ascii='BS..V*].M.+...%N.Kq'
[2026-06-10 22:18:46] channel BS frame #149: body_len=15 head=56 2a 5d be 4d ae 2b 91 0a da 25 4e d9 4b 71 ascii='V*].M.+...%N.Kq'
[2026-06-10 22:18:46] channel recv len=17 entropy=3.97 bs_len=17 u16le=21314 u32le=1135426 ascii='BS..Q......V..Q..'
[2026-06-10 22:18:46] channel BS frame #150: body_len=13 head=51 0f 92 82 df fa e7 56 a7 f8 51 b7 0b ascii='Q......V..Q..'
[2026-06-10 22:18:46] channel recv len=17 entropy=4.09 bs_len=17 u16le=21314 u32le=1135426 ascii='BS.....Qm$HKT.w..'
[2026-06-10 22:18:46] channel BS frame #151: body_len=13 head=97 1d e9 51 6d 24 48 4b 54 db 77 9e f4 ascii='...Qm$HKT.w..'
[2026-06-10 22:18:46] channel recv len=17 entropy=4.09 bs_len=17 u16le=21314 u32le=1135426 ascii='BS...Q.ty^...bM..'
[2026-06-10 22:18:46] channel BS frame #152: body_len=13 head=f8 51 01 74 79 5e f0 1f ec 62 4d c4 04 ascii='.Q.ty^...bM..'
[2026-06-10 22:18:46] channel recv len=19 entropy=4.25 bs_len=19 u16le=21314 u32le=1266498 ascii='BS.......&cA.d./".;'
[2026-06-10 22:18:46] channel BS frame #153: body_len=15 head=d1 e8 a8 8a b8 26 63 41 e7 64 a4 2f 22 9c 3b ascii='.....&cA.d./".;'
[2026-06-10 22:18:46] channel recv len=19 entropy=4.14 bs_len=19 u16le=21314 u32le=1266498 ascii='BS....{..@..8.....a'
[2026-06-10 22:18:46] channel BS frame #154: body_len=15 head=10 9f 7b eb d8 40 1f 84 38 eb 0a fe 9c c6 61 ascii='..{..@..8.....a'
[2026-06-10 22:18:46] channel recv len=17 entropy=3.97 bs_len=17 u16le=21314 u32le=1135426 ascii='BS....B.>..cM....'
[2026-06-10 22:18:46] channel BS frame #155: body_len=13 head=e7 bb 42 ef 3e b2 91 63 4d 9a a6 b3 dd ascii='..B.>..cM....'
[2026-06-10 22:18:46] channel recv len=19 entropy=4.14 bs_len=19 u16le=21314 u32le=1266498 ascii='BS..]....Z..f).a.CB'
[2026-06-10 22:18:46] channel BS frame #156: body_len=15 head=5d aa 1e af fa 5a be 8d 66 29 82 61 ea 43 42 ascii=']....Z..f).a.CB'
[2026-06-10 22:18:46] channel recv len=5 entropy=2.32 bs_len=5 u16le=21314 u32le=348994 ascii='BS..N'
[2026-06-10 22:18:46] channel BS frame #157: body_len=1 head=4e ascii='N'
[2026-06-10 22:18:46] channel replay observed client frame #157; server frames sent=112
[2026-06-10 22:18:46] channel recv len=19 entropy=4.25 bs_len=19 u16le=21314 u32le=1266498 ascii='BS..^..FN...k4..p.g'
[2026-06-10 22:18:46] channel BS frame #158: body_len=15 head=5e bc ff 46 4e d3 f4 15 6b 34 a3 da 70 c5 67 ascii='^..FN...k4..p.g'
[2026-06-10 22:18:47] channel recv len=17 entropy=3.85 bs_len=17 u16le=21314 u32le=1135426 ascii='BS....*.@.n4#O&@.'
[2026-06-10 22:18:47] channel BS frame #159: body_len=13 head=d9 1f 2a d7 40 d9 6e 34 23 4f 26 40 c0 ascii='..*.@.n4#O&@.'
[2026-06-10 22:18:47] channel recv len=19 entropy=4.04 bs_len=19 u16le=21314 u32le=1266498 ascii='BS...dt)..t...B....'
[2026-06-10 22:18:47] channel BS frame #160: body_len=15 head=c7 64 74 29 95 af 74 16 88 df 42 b1 c0 1a 87 ascii='.dt)..t...B....'
[2026-06-10 22:18:47] channel recv len=15 entropy=3.91 bs_len=15 u16le=21314 u32le=1004354 ascii='BS....i.,.0..a.'
[2026-06-10 22:18:47] channel BS frame #161: body_len=11 head=d2 d7 69 f8 2c 0a 30 0b 1e 61 f2 ascii='..i.,.0..a.'
[2026-06-10 22:18:47] channel recv len=9 entropy=3.17 bs_len=9 u16le=21314 u32le=611138 ascii='BS.....i.'
[2026-06-10 22:18:47] channel BS frame #162: body_len=5 head=9d 95 85 69 a5 ascii='...i.'
[2026-06-10 22:18:47] channel recv len=15 entropy=3.91 bs_len=15 u16le=21314 u32le=1004354 ascii='BS..........p1h'
[2026-06-10 22:18:47] channel BS frame #163: body_len=11 head=ff 2e ee 81 b0 ad d0 c9 70 31 68 ascii='........p1h'
[2026-06-10 22:18:47] channel recv len=17 entropy=3.97 bs_len=17 u16le=21314 u32le=1135426 ascii='BS...`..}..R...B.'
[2026-06-10 22:18:47] channel BS frame #164: body_len=13 head=02 60 ab d9 7d fb 99 52 91 13 e0 42 b3 ascii='.`..}..R...B.'
[2026-06-10 22:18:47] channel recv len=13 entropy=3.70 bs_len=13 u16le=21314 u32le=873282 ascii='BS..Th.jR....'
[2026-06-10 22:18:47] channel BS frame #165: body_len=9 head=54 68 95 6a 52 0c ad 82 9a ascii='Th.jR....'
[2026-06-10 22:18:47] channel recv len=13 entropy=3.55 bs_len=13 u16le=21314 u32le=873282 ascii='BS....[S...)@'
[2026-06-10 22:18:47] channel BS frame #166: body_len=9 head=a4 02 5b 53 c0 95 ee 29 40 ascii='..[S...)@'
[2026-06-10 22:18:47] channel recv len=17 entropy=4.09 bs_len=17 u16le=21314 u32le=1135426 ascii='BS..!=.W..c.....V'
[2026-06-10 22:18:47] channel BS frame #167: body_len=13 head=21 3d a1 57 c4 19 63 12 c5 9c 0a bd 56 ascii='!=.W..c.....V'
[2026-06-10 22:18:47] channel recv len=19 entropy=4.14 bs_len=19 u16le=21314 u32le=1266498 ascii='BS.......z...h.C...'
[2026-06-10 22:18:47] channel BS frame #168: body_len=15 head=b3 b3 aa dd da 7a 1f a4 bd 68 1a 43 02 ec c1 ascii='.....z...h.C...'
[2026-06-10 22:18:48] channel recv len=17 entropy=3.85 bs_len=17 u16le=21314 u32le=1135426 ascii='BS..cq.S..PY..ob.'
[2026-06-10 22:18:48] channel BS frame #169: body_len=13 head=63 71 a3 53 e2 b2 50 59 e5 e2 6f 62 8c ascii='cq.S..PY..ob.'
[2026-06-10 22:18:48] channel recv len=17 entropy=3.97 bs_len=17 u16le=21314 u32le=1135426 ascii='BS......|..m..)..'
[2026-06-10 22:18:48] channel BS frame #170: body_len=13 head=c5 b6 0c 85 7c 0f dd 6d c5 09 29 84 17 ascii='....|..m..)..'
[2026-06-10 22:18:48] channel recv len=17 entropy=4.09 bs_len=17 u16le=21314 u32le=1135426 ascii='BS.........3f.zv.'
[2026-06-10 22:18:48] channel BS frame #171: body_len=13 head=b3 e6 f7 aa c2 b9 f0 33 66 b2 7a 76 f1 ascii='.......3f.zv.'
[2026-06-10 22:18:48] channel recv len=17 entropy=4.09 bs_len=17 u16le=21314 u32le=1135426 ascii='BS....#..}..qK.^,'
[2026-06-10 22:18:48] channel BS frame #172: body_len=13 head=7f 90 23 85 04 7d 99 07 71 4b f0 5e 2c ascii='..#..}..qK.^,'
[2026-06-10 22:18:48] channel recv len=17 entropy=4.09 bs_len=17 u16le=21314 u32le=1135426 ascii="BS..k.'...yr...!b"
[2026-06-10 22:18:48] channel BS frame #173: body_len=13 head=6b a5 27 c7 83 04 79 72 0b 02 ce 21 62 ascii="k.'...yr...!b"
[2026-06-10 22:18:48] channel recv len=17 entropy=3.97 bs_len=17 u16le=21314 u32le=1135426 ascii='BS..h4.2`i7.<...P'
[2026-06-10 22:18:48] channel BS frame #174: body_len=13 head=68 34 c4 32 60 69 37 82 3c e5 c4 83 50 ascii='h4.2`i7.<...P'
[2026-06-10 22:18:48] channel recv len=17 entropy=4.09 bs_len=17 u16le=21314 u32le=1135426 ascii='BS..e....qD0..|jC'
[2026-06-10 22:18:48] channel BS frame #175: body_len=13 head=65 df 8e 80 1e 71 44 30 89 9f 7c 6a 43 ascii='e....qD0..|jC'
[2026-06-10 22:18:48] channel recv len=17 entropy=3.97 bs_len=17 u16le=21314 u32le=1135426 ascii='BS..g.....0...#..'
[2026-06-10 22:18:48] channel BS frame #176: body_len=13 head=67 a5 8a a2 aa de 30 08 ab f7 23 e1 08 ascii='g.....0...#..'
[2026-06-10 22:18:48] channel recv len=15 entropy=3.91 bs_len=15 u16le=21314 u32le=1004354 ascii='BS.......!..}.l'
[2026-06-10 22:18:48] channel BS frame #177: body_len=11 head=dc fd 09 c0 d5 21 e4 db 7d ed 6c ascii='.....!..}.l'
[2026-06-10 22:18:49] channel recv len=13 entropy=3.70 bs_len=13 u16le=21314 u32le=873282 ascii='BS....y=u..nR'
[2026-06-10 22:18:49] channel BS frame #178: body_len=9 head=14 df 79 3d 75 b0 18 6e 52 ascii='..y=u..nR'
[2026-06-10 22:18:49] channel recv len=13 entropy=3.55 bs_len=13 u16le=21314 u32le=873282 ascii="BS....K..'BcH"
[2026-06-10 22:18:49] channel BS frame #179: body_len=9 head=1a 07 4b d6 84 27 42 63 48 ascii="..K..'BcH"
[2026-06-10 22:18:49] channel recv len=17 entropy=3.97 bs_len=17 u16le=21314 u32le=1135426 ascii='BS...`.c....K.E..'
[2026-06-10 22:18:49] channel BS frame #180: body_len=13 head=fa 60 ee 63 05 0b db 0e 4b 92 45 ee b0 ascii='.`.c....K.E..'
[2026-06-10 22:18:49] channel recv len=17 entropy=3.85 bs_len=17 u16le=21314 u32le=1135426 ascii='BS...7......T2.T.'
[2026-06-10 22:18:49] channel BS frame #181: body_len=13 head=0c 37 15 a4 dc c9 c9 fd 54 32 fc 54 02 ascii='.7......T2.T.'
[2026-06-10 22:18:49] channel recv len=19 entropy=4.25 bs_len=19 u16le=21314 u32le=1266498 ascii='BS...K....On~._.FV.'
[2026-06-10 22:18:49] channel BS frame #182: body_len=15 head=0a 4b b3 12 b1 bd 4f 6e 7e b7 5f c0 46 56 a9 ascii='.K....On~._.FV.'
[2026-06-10 22:18:49] channel recv len=17 entropy=3.85 bs_len=17 u16le=21314 u32le=1135426 ascii='BS..|.J.h_.:...n|'
[2026-06-10 22:18:49] channel BS frame #183: body_len=13 head=7c b5 4a d8 68 5f b5 3a ec ed eb 6e 7c ascii='|.J.h_.:...n|'
[2026-06-10 22:18:49] channel recv len=19 entropy=4.25 bs_len=19 u16le=21314 u32le=1266498 ascii='BS..|Z...IY@.#..Nv.'
[2026-06-10 22:18:49] channel BS frame #184: body_len=15 head=7c 5a bb f8 de 49 59 40 e4 23 08 a3 4e 76 1f ascii='|Z...IY@.#..Nv.'
[2026-06-10 22:18:49] channel recv len=17 entropy=3.97 bs_len=17 u16le=21314 u32le=1135426 ascii='BS..4~.~..I...Lk.'
[2026-06-10 22:18:49] channel BS frame #185: body_len=13 head=34 7e e9 7e b5 04 49 c6 b6 92 4c 6b ad ascii='4~.~..I...Lk.'
[2026-06-10 22:18:49] channel recv len=13 entropy=3.70 bs_len=13 u16le=21314 u32le=873282 ascii='BS....X3..o..'
[2026-06-10 22:18:49] channel BS frame #186: body_len=9 head=99 ff 58 33 fb de 6f f9 d5 ascii='..X3..o..'
[2026-06-10 22:18:49] channel recv len=5 entropy=2.32 bs_len=5 u16le=21314 u32le=348994 ascii='BS...'
[2026-06-10 22:18:49] channel BS frame #187: body_len=1 head=eb ascii='.'
[2026-06-10 22:18:49] channel replay observed client frame #187; server frames sent=120
[2026-06-10 22:18:49] channel recv len=13 entropy=3.55 bs_len=13 u16le=21314 u32le=873282 ascii='BS...P..!..M.'
[2026-06-10 22:18:49] channel BS frame #188: body_len=9 head=a2 50 ac 99 21 f8 df 4d 00 ascii='.P..!..M.'
[2026-06-10 22:18:50] channel recv len=17 entropy=4.09 bs_len=17 u16le=21314 u32le=1135426 ascii='BS.....2.M^.Y....'
[2026-06-10 22:18:50] channel BS frame #189: body_len=13 head=f0 e1 dd 32 10 4d 5e 1f 59 e7 f3 80 ed ascii='...2.M^.Y....'
[2026-06-10 22:18:50] channel recv len=19 entropy=4.25 bs_len=19 u16le=21314 u32le=1266498 ascii='BS....5.....:M.9.\\4'
[2026-06-10 22:18:50] channel BS frame #190: body_len=15 head=ab db 35 da b8 e0 e7 ea 3a 4d 0e 39 cf 5c 34 ascii='..5.....:M.9.\\4'
[2026-06-10 22:18:50] channel recv len=19 entropy=4.25 bs_len=19 u16le=21314 u32le=1266498 ascii='BS..L.p..y...m.....'
[2026-06-10 22:18:50] channel BS frame #191: body_len=15 head=4c 7f 70 c9 b5 79 ba c6 b2 6d a2 1a 0b e7 82 ascii='L.p..y...m.....'
[2026-06-10 22:18:50] channel recv len=17 entropy=3.97 bs_len=17 u16le=21314 u32le=1135426 ascii='BS..JC.J..(..+...'
[2026-06-10 22:18:50] channel BS frame #192: body_len=13 head=4a 43 f6 4a ee d0 28 d1 ff 2b bb 8b 97 ascii='JC.J..(..+...'
[2026-06-10 22:18:50] channel recv len=17 entropy=4.09 bs_len=17 u16le=21314 u32le=1135426 ascii='BS......ef.jw....'
[2026-06-10 22:18:50] channel BS frame #193: body_len=13 head=e4 d8 de f4 65 66 0b 6a 77 02 e7 da 91 ascii='....ef.jw....'
[2026-06-10 22:18:50] channel recv len=17 entropy=4.09 bs_len=17 u16le=21314 u32le=1135426 ascii='BS..x....u.... 7.'
[2026-06-10 22:18:50] channel BS frame #194: body_len=13 head=78 e7 e9 be 0a 75 d4 c3 1e 80 20 37 1f ascii='x....u.... 7.'
[2026-06-10 22:18:50] channel recv len=17 entropy=4.09 bs_len=17 u16le=21314 u32le=1135426 ascii='BS...P...{..V...f'
[2026-06-10 22:18:50] channel BS frame #195: body_len=13 head=ca 50 fb cf a0 7b d7 b4 56 c2 dc 9e 66 ascii='.P...{..V...f'
[2026-06-10 22:18:50] channel recv len=19 entropy=4.25 bs_len=19 u16le=21314 u32le=1266498 ascii='BS..zi.....,W......'
[2026-06-10 22:18:50] channel BS frame #196: body_len=15 head=7a 69 97 9a bf ef e7 2c 57 d6 d4 0e ad ab b9 ascii='zi.....,W......'
[2026-06-10 22:18:50] channel recv len=19 entropy=4.04 bs_len=19 u16le=21314 u32le=1266498 ascii='BS..|..............'
[2026-06-10 22:18:50] channel BS frame #197: body_len=15 head=7c 1e 0b 00 05 ae 8a a5 e0 cf cd 13 b0 d2 c5 ascii='|..............'
[2026-06-10 22:18:50] channel recv len=19 entropy=4.25 bs_len=19 u16le=21314 u32le=1266498 ascii='BS..P.nr.o..1.R....'
[2026-06-10 22:18:50] channel BS frame #198: body_len=15 head=50 fe 6e 72 b2 6f e5 f3 31 f0 52 a5 09 98 ed ascii='P.nr.o..1.R....'
[2026-06-10 22:18:50] channel recv len=15 entropy=3.91 bs_len=15 u16le=21314 u32le=1004354 ascii='BS..[].........'
[2026-06-10 22:18:50] channel BS frame #199: body_len=11 head=5b 5d bd e3 fc 12 ad ce ec 99 c1 ascii='[].........'
[2026-06-10 22:18:51] channel recv len=13 entropy=3.55 bs_len=13 u16le=21314 u32le=873282 ascii='BS...S...)...'
[2026-06-10 22:18:51] channel BS frame #200: body_len=9 head=c1 53 97 c2 83 29 9d 08 f3 ascii='.S...)...'
[2026-06-10 22:18:51] channel recv len=17 entropy=4.09 bs_len=17 u16le=21314 u32le=1135426 ascii='BS...7...C,_.;T.n'
[2026-06-10 22:18:51] channel BS frame #201: body_len=13 head=d9 37 0b dd f4 43 2c 5f d6 3b 54 2e 6e ascii='.7...C,_.;T.n'
[2026-06-10 22:18:51] channel recv len=19 entropy=4.25 bs_len=19 u16le=21314 u32le=1266498 ascii='BS......O.z...)..A.'
[2026-06-10 22:18:51] channel BS frame #202: body_len=15 head=96 a9 0c 9a 4f fa 7a 8b 02 d8 29 c5 15 41 07 ascii='....O.z...)..A.'
[2026-06-10 22:18:51] channel recv len=19 entropy=4.25 bs_len=19 u16le=21314 u32le=1266498 ascii='BS.....@..a.T...01W'
[2026-06-10 22:18:51] channel BS frame #203: body_len=15 head=ba f5 f4 40 d7 99 61 fb 54 ce f2 bf 30 31 57 ascii='...@..a.T...01W'
[2026-06-10 22:18:51] channel recv len=17 entropy=4.09 bs_len=17 u16le=21314 u32le=1135426 ascii='BS..xH......).f:.'
[2026-06-10 22:18:51] channel BS frame #204: body_len=13 head=78 48 87 e9 c1 b8 bc c8 29 a6 66 3a c5 ascii='xH......).f:.'
[2026-06-10 22:18:51] channel recv len=15 entropy=3.77 bs_len=15 u16le=21314 u32le=1004354 ascii='BS...m..f..+.p+'
[2026-06-10 22:18:51] channel BS frame #205: body_len=11 head=a9 6d 9f 05 66 b7 10 2b cb 70 2b ascii='.m..f..+.p+'
[2026-06-10 22:18:51] channel recv len=17 entropy=4.09 bs_len=17 u16le=21314 u32le=1135426 ascii="BS..08...y.2dL'7."
[2026-06-10 22:18:51] channel BS frame #206: body_len=13 head=30 38 f1 a3 cf 79 fc 32 64 4c 27 37 fa ascii="08...y.2dL'7."
[2026-06-10 22:18:51] channel recv len=17 entropy=4.09 bs_len=17 u16le=21314 u32le=1135426 ascii='BS.....V...<.g.@.'
[2026-06-10 22:18:51] channel BS frame #207: body_len=13 head=db d1 8d 56 dc 2e fc 3c ec 67 c4 40 8e ascii='...V...<.g.@.'
[2026-06-10 22:18:51] channel recv len=17 entropy=4.09 bs_len=17 u16le=21314 u32le=1135426 ascii='BS....].......-<.'
[2026-06-10 22:18:51] channel BS frame #208: body_len=13 head=99 c6 5d 03 a7 8b fd 10 e3 17 2d 3c ab ascii='..].......-<.'
[2026-06-10 22:18:51] channel recv len=17 entropy=3.97 bs_len=17 u16le=21314 u32le=1135426 ascii='BS..S..y.;..JZ..6'
[2026-06-10 22:18:51] channel BS frame #209: body_len=13 head=53 cf f0 79 c7 3b aa a3 4a 5a b8 f8 36 ascii='S..y.;..JZ..6'
[2026-06-10 22:18:51] channel recv len=15 entropy=3.77 bs_len=15 u16le=21314 u32le=1004354 ascii='BS...MO..$.T...'
[2026-06-10 22:18:51] channel BS frame #210: body_len=11 head=16 4d 4f 1d 0f 24 1e 54 b6 06 cb ascii='.MO..$.T...'
[2026-06-10 22:18:52] channel recv len=13 entropy=3.70 bs_len=13 u16le=21314 u32le=873282 ascii='BS.......n.U!'
[2026-06-10 22:18:52] channel BS frame #211: body_len=9 head=06 e4 85 1d c7 6e a2 55 21 ascii='.....n.U!'
[2026-06-10 22:18:52] channel recv len=13 entropy=3.70 bs_len=13 u16le=21314 u32le=873282 ascii='BS..b5.....<w'
[2026-06-10 22:18:52] channel BS frame #212: body_len=9 head=62 35 2e 8b b1 e4 ae 3c 77 ascii='b5.....<w'
[2026-06-10 22:18:52] channel recv len=13 entropy=3.55 bs_len=13 u16le=21314 u32le=873282 ascii='BS..G^Jv.`..S'
[2026-06-10 22:18:52] channel BS frame #213: body_len=9 head=47 5e 4a 76 10 60 bc fd 53 ascii='G^Jv.`..S'
[2026-06-10 22:18:52] channel recv len=17 entropy=4.09 bs_len=17 u16le=21314 u32le=1135426 ascii='BS....x...EG.N..e'
[2026-06-10 22:18:52] channel BS frame #214: body_len=13 head=0a b6 78 86 10 b7 45 47 09 4e 94 a2 65 ascii='..x...EG.N..e'
[2026-06-10 22:18:52] channel recv len=19 entropy=4.25 bs_len=19 u16le=21314 u32le=1266498 ascii='BS...1d..\\7...(...&'
[2026-06-10 22:18:52] channel BS frame #215: body_len=15 head=f6 31 64 ff b9 5c 37 db c7 f5 28 93 df e9 26 ascii='.1d..\\7...(...&'
[2026-06-10 22:18:52] channel recv len=19 entropy=4.25 bs_len=19 u16le=21314 u32le=1266498 ascii='BS...\\.>....../.Z..'
[2026-06-10 22:18:52] channel BS frame #216: body_len=15 head=b2 5c af 3e d7 f0 9a fa 1b 82 2f 81 5a 0b ba ascii='.\\.>....../.Z..'
[2026-06-10 22:18:52] channel recv len=17 entropy=3.97 bs_len=17 u16le=21314 u32le=1135426 ascii='BS....f.0.....+.K'
[2026-06-10 22:18:52] channel BS frame #217: body_len=13 head=ac cf 66 a3 30 17 8f b9 1a ec 2b 1a 4b ascii='..f.0.....+.K'
[2026-06-10 22:18:52] channel recv len=13 entropy=3.70 bs_len=13 u16le=21314 u32le=873282 ascii='BS...ym..l.. '
[2026-06-10 22:18:52] channel BS frame #218: body_len=9 head=fa 79 6d f0 fc 6c 1b c7 20 ascii='.ym..l.. '
[2026-06-10 22:18:52] channel recv len=5 entropy=2.32 bs_len=5 u16le=21314 u32le=348994 ascii='BS...'
[2026-06-10 22:18:52] channel BS frame #219: body_len=1 head=e2 ascii='.'
[2026-06-10 22:18:52] channel replay observed client frame #219; server frames sent=130
[2026-06-10 22:18:52] channel recv len=13 entropy=3.70 bs_len=13 u16le=21314 u32le=873282 ascii='BS..(..=..7..'
[2026-06-10 22:18:52] channel BS frame #220: body_len=9 head=28 97 db 3d d9 2e 37 e6 19 ascii='(..=..7..'
[2026-06-10 22:18:53] channel recv len=13 entropy=3.55 bs_len=13 u16le=21314 u32le=873282 ascii='BS..+.@.e<e.h'
[2026-06-10 22:18:53] channel BS frame #221: body_len=9 head=2b 03 40 d6 65 3c 65 dc 68 ascii='+.@.e<e.h'
[2026-06-10 22:18:53] channel recv len=19 entropy=4.14 bs_len=19 u16le=21314 u32le=1266498 ascii='BS..@.q|........d..'
[2026-06-10 22:18:53] channel BS frame #222: body_len=15 head=40 84 71 7c b0 19 cb f1 f4 e6 b7 00 64 d2 82 ascii='@.q|........d..'
[2026-06-10 22:18:53] channel recv len=19 entropy=4.14 bs_len=19 u16le=21314 u32le=1266498 ascii='BS..,...a6...4Ezl.#'
[2026-06-10 22:18:53] channel BS frame #223: body_len=15 head=2c d9 b5 eb 61 36 b8 90 00 34 45 7a 6c a2 23 ascii=',...a6...4Ezl.#'
[2026-06-10 22:18:53] channel recv len=13 entropy=3.70 bs_len=13 u16le=21314 u32le=873282 ascii='BS.....N.M...'
[2026-06-10 22:18:53] channel BS frame #224: body_len=9 head=a2 ff a3 4e 94 4d 8f 9f d7 ascii='...N.M...'
[2026-06-10 22:18:53] channel recv len=13 entropy=3.55 bs_len=13 u16le=21314 u32le=873282 ascii='BS.....N.....'
[2026-06-10 22:18:53] channel BS frame #225: body_len=9 head=01 bd c1 4e 13 16 8b 16 03 ascii='...N.....'
[2026-06-10 22:18:53] channel recv len=13 entropy=3.70 bs_len=13 u16le=21314 u32le=873282 ascii='BS....E.....-'
[2026-06-10 22:18:53] channel BS frame #226: body_len=9 head=e5 03 45 9a df 8c 7f 17 2d ascii='..E.....-'
[2026-06-10 22:18:53] channel recv len=13 entropy=3.70 bs_len=13 u16le=21314 u32le=873282 ascii='BS..D...d..M.'
[2026-06-10 22:18:53] channel BS frame #227: body_len=9 head=44 be f2 d6 64 d3 cd 4d a3 ascii='D...d..M.'
[2026-06-10 22:18:53] channel recv len=15 entropy=3.91 bs_len=15 u16le=21314 u32le=1004354 ascii='BS..%MQ<.....:.'
[2026-06-10 22:18:53] channel BS frame #228: body_len=11 head=25 4d 51 3c d7 87 82 c3 d3 3a e2 ascii='%MQ<.....:.'
[2026-06-10 22:18:53] channel recv len=13 entropy=3.70 bs_len=13 u16le=21314 u32le=873282 ascii='BS...a...].K%'
[2026-06-10 22:18:53] channel BS frame #229: body_len=9 head=d8 61 b7 14 f8 5d d2 4b 25 ascii='.a...].K%'
[2026-06-10 22:18:54] channel recv len=13 entropy=3.70 bs_len=13 u16le=21314 u32le=873282 ascii='BS..].4Th....'
[2026-06-10 22:18:54] channel BS frame #230: body_len=9 head=5d b2 34 54 68 1c 0e c0 87 ascii='].4Th....'
[2026-06-10 22:18:54] channel recv len=17 entropy=4.09 bs_len=17 u16le=21314 u32le=1135426 ascii='BS..i..5;...-!..~'
[2026-06-10 22:18:54] channel BS frame #231: body_len=13 head=69 ef fc 35 3b 89 b1 7f 2d 21 e0 cf 7e ascii='i..5;...-!..~'
[2026-06-10 22:18:54] channel recv len=17 entropy=4.09 bs_len=17 u16le=21314 u32le=1135426 ascii='BS...&....DW..z.0'
[2026-06-10 22:18:54] channel BS frame #232: body_len=13 head=cf 26 87 2e b0 15 44 57 f4 c4 7a b5 30 ascii='.&....DW..z.0'
[2026-06-10 22:18:54] channel recv len=17 entropy=3.97 bs_len=17 u16le=21314 u32le=1135426 ascii='BS...\\ZE`.#......'
[2026-06-10 22:18:54] channel BS frame #233: body_len=13 head=a3 5c 5a 45 60 a3 23 8c af 88 b1 cb df ascii='.\\ZE`.#......'
[2026-06-10 22:18:54] channel recv len=17 entropy=4.09 bs_len=17 u16le=21314 u32le=1135426 ascii='BS...h...m7..W.|.'
[2026-06-10 22:18:54] channel BS frame #234: body_len=13 head=d5 68 d9 04 87 6d 37 82 ae 57 d3 7c df ascii='.h...m7..W.|.'
[2026-06-10 22:18:54] channel recv len=17 entropy=4.09 bs_len=17 u16le=21314 u32le=1135426 ascii='BS...`..]|.....f.'
[2026-06-10 22:18:54] channel BS frame #235: body_len=13 head=ac 60 7f db 5d 7c 88 a0 d0 91 1c 66 e8 ascii='.`..]|.....f.'
[2026-06-10 22:18:54] channel recv len=19 entropy=4.25 bs_len=19 u16le=21314 u32le=1266498 ascii='BS..2../)..........'
[2026-06-10 22:18:54] channel BS frame #236: body_len=15 head=32 1a 9b 2f 29 f4 cb fa 1d 0e 8f 1f 05 e4 82 ascii='2../)..........'
[2026-06-10 22:18:54] channel recv len=19 entropy=4.14 bs_len=19 u16le=21314 u32le=1266498 ascii='BS...E...c.H./y.m..'
[2026-06-10 22:18:54] channel BS frame #237: body_len=15 head=fb 45 dd fa dd 63 b5 48 a7 2f 79 d3 6d ee bf ascii='.E...c.H./y.m..'
[2026-06-10 22:18:54] channel recv len=17 entropy=4.09 bs_len=17 u16le=21314 u32le=1135426 ascii='BS..5.Yw.{.Xen..L'
[2026-06-10 22:18:54] channel BS frame #238: body_len=13 head=35 da 59 77 a6 7b 03 58 65 6e 85 d9 4c ascii='5.Yw.{.Xen..L'
[2026-06-10 22:18:55] channel recv len=17 entropy=4.09 bs_len=17 u16le=21314 u32le=1135426 ascii='BS....b1@!....`/.'
[2026-06-10 22:18:55] channel BS frame #239: body_len=13 head=08 d3 62 31 40 21 0b c3 bb b5 60 2f e6 ascii='..b1@!....`/.'
[2026-06-10 22:18:55] channel recv len=17 entropy=3.97 bs_len=17 u16le=21314 u32le=1135426 ascii='BS...B|..#..*48..'
[2026-06-10 22:18:55] channel BS frame #240: body_len=13 head=1b 42 7c c5 a5 23 fd cb 2a 34 38 d7 e6 ascii='.B|..#..*48..'
[2026-06-10 22:18:55] channel recv len=17 entropy=4.09 bs_len=17 u16le=21314 u32le=1135426 ascii='BS...HU..G..q)<..'
[2026-06-10 22:18:55] channel BS frame #241: body_len=13 head=cf 48 55 9c f6 47 12 81 71 29 3c a0 ba ascii='.HU..G..q)<..'
[2026-06-10 22:18:55] channel recv len=17 entropy=3.97 bs_len=17 u16le=21314 u32le=1135426 ascii='BS....u...{.q....'
[2026-06-10 22:18:55] channel BS frame #242: body_len=13 head=b1 fe 75 94 bb 00 7b c8 71 f5 c6 cb 09 ascii='..u...{.q....'
[2026-06-10 22:18:55] channel recv len=32 entropy=3.91 bs_len=6 u16le=21314 u32le=414530 ascii='BS....BS..>F*.z.#N,BS.....Sz.#N,'
[2026-06-10 22:18:55] channel BS frame #243: body_len=2 head=d8 02 ascii='..'
[2026-06-10 22:18:55] channel BS frame #244: body_len=9 head=3e 46 2a bc 7a f6 23 4e 2c ascii='>F*.z.#N,'
[2026-06-10 22:18:55] channel BS frame #245: body_len=9 head=81 bc 00 53 7a f6 23 4e 2c ascii='...Sz.#N,'
[2026-06-10 22:18:55] channel recv len=17 entropy=4.09 bs_len=17 u16le=21314 u32le=1135426 ascii='BS.....T.l>.....9'
[2026-06-10 22:18:55] channel BS frame #246: body_len=13 head=91 f8 de 54 8d 6c 3e 1f da db 03 1d 39 ascii='...T.l>.....9'
[2026-06-10 22:18:55] channel recv len=17 entropy=3.97 bs_len=17 u16le=21314 u32le=1135426 ascii='BS...To.o\\...^l..'
[2026-06-10 22:18:55] channel BS frame #247: body_len=13 head=b4 54 6f d3 6f 5c 85 c9 f6 5e 6c fe 1e ascii='.To.o\\...^l..'
[2026-06-10 22:18:55] channel recv len=13 entropy=3.70 bs_len=13 u16le=21314 u32le=873282 ascii='BS.....Zi..r/'
[2026-06-10 22:18:55] channel BS frame #248: body_len=9 head=ea e8 c1 5a 69 05 d7 72 2f ascii='...Zi..r/'
[2026-06-10 22:18:55] channel recv len=5 entropy=2.32 bs_len=5 u16le=21314 u32le=348994 ascii='BS...'
[2026-06-10 22:18:55] channel BS frame #249: body_len=1 head=bd ascii='.'
[2026-06-10 22:18:55] channel replay observed client frame #249; server frames sent=140
[2026-06-10 22:18:55] channel recv len=17 entropy=3.85 bs_len=17 u16le=21314 u32le=1135426 ascii='BS..DD7..b.AA.I.>'
[2026-06-10 22:18:55] channel BS frame #250: body_len=13 head=44 44 37 16 e0 62 bc 41 41 a5 49 04 3e ascii='DD7..b.AA.I.>'
[2026-06-10 22:18:55] channel client plain frame #250: len=17 entropy=3.97 bs_len=17 u16le=21314 u32le=1135426 ascii='BS..g .&.0.....,.'
[2026-06-10 22:18:56] channel recv len=13 entropy=3.70 bs_len=13 u16le=21314 u32le=873282 ascii='BS..0o.g.:x.m'
[2026-06-10 22:18:56] channel BS frame #251: body_len=9 head=30 6f d1 67 e6 3a 78 db 6d ascii='0o.g.:x.m'
[2026-06-10 22:18:56] channel recv len=13 entropy=3.70 bs_len=13 u16le=21314 u32le=873282 ascii='BS..7k.....jz'
[2026-06-10 22:18:56] channel BS frame #252: body_len=9 head=37 6b d8 bb 04 08 ef 6a 7a ascii='7k.....jz'
[2026-06-10 22:18:56] channel recv len=17 entropy=4.09 bs_len=17 u16le=21314 u32le=1135426 ascii='BS.....J...r.>L..'
[2026-06-10 22:18:56] channel BS frame #253: body_len=13 head=1d 06 dd 4a 0f 15 91 72 90 3e 4c 04 ec ascii='...J...r.>L..'
[2026-06-10 22:18:56] channel recv len=49 entropy=4.78 bs_len=15 u16le=21314 u32le=1004354 ascii='BS.....R.h...[.BS...P..SI./D`.J.BS..u...SI./D`.J.'
[2026-06-10 22:18:56] channel BS frame #254: body_len=11 head=93 1f 84 52 c4 68 f0 fe 02 5b 08 ascii='...R.h...[.'
[2026-06-10 22:18:56] channel BS frame #255: body_len=13 head=c3 50 0d f7 53 49 c5 2f 44 60 f3 4a b1 ascii='.P..SI./D`.J.'
[2026-06-10 22:18:56] channel BS frame #256: body_len=13 head=75 e3 06 f7 53 49 c5 2f 44 60 f3 4a b1 ascii='u...SI./D`.J.'
[2026-06-10 22:18:56] channel recv len=17 entropy=4.09 bs_len=17 u16le=21314 u32le=1135426 ascii='BS..g.:[hC...c...'
[2026-06-10 22:18:56] channel BS frame #257: body_len=13 head=67 db 3a 5b 68 43 bb ee 89 63 96 99 a4 ascii='g.:[hC...c...'
[2026-06-10 22:18:56] channel recv len=13 entropy=3.70 bs_len=13 u16le=21314 u32le=873282 ascii='BS..Pg....Z.#'
[2026-06-10 22:18:56] channel BS frame #258: body_len=9 head=50 67 f1 90 c7 1f 5a 82 23 ascii='Pg....Z.#'
[2026-06-10 22:18:56] channel recv len=13 entropy=3.39 bs_len=13 u16le=21314 u32le=873282 ascii='BS..,....h.n,'
[2026-06-10 22:18:56] channel BS frame #259: body_len=9 head=2c 04 f8 0e 05 68 0d 6e 2c ascii=',....h.n,'
[2026-06-10 22:18:56] channel recv len=49 entropy=4.72 bs_len=15 u16le=21314 u32le=1004354 ascii='BS..l....h.....BS...Z..S..9.h,.\\BS..u...S..9.h,.\\'
[2026-06-10 22:18:56] channel BS frame #260: body_len=11 head=6c df db ed c4 68 96 92 93 af cd ascii='l....h.....'
[2026-06-10 22:18:56] channel BS frame #261: body_len=13 head=d4 5a 80 f7 53 c1 d1 39 f8 68 2c c7 5c ascii='.Z..S..9.h,.\\'
[2026-06-10 22:18:56] channel BS frame #262: body_len=13 head=75 e3 06 f7 53 c1 d1 39 f8 68 2c c7 5c ascii='u...S..9.h,.\\'
[2026-06-10 22:18:56] channel recv len=13 entropy=3.70 bs_len=13 u16le=21314 u32le=873282 ascii='BS..g.8]...k.'
[2026-06-10 22:18:56] channel BS frame #263: body_len=9 head=67 db 38 5d de 1e f5 6b a3 ascii='g.8]...k.'
[2026-06-10 22:18:56] channel recv len=17 entropy=4.09 bs_len=17 u16le=21314 u32le=1135426 ascii='BS.....x.L.:.zJ..'
[2026-06-10 22:18:56] channel BS frame #264: body_len=13 head=cd bd 09 78 81 4c fa 3a 8f 7a 4a a2 b0 ascii='...x.L.:.zJ..'
[2026-06-10 22:18:56] channel recv len=19 entropy=4.25 bs_len=19 u16le=21314 u32le=1266498 ascii='BS................/'
[2026-06-10 22:18:56] channel BS frame #265: body_len=15 head=8c c3 b3 ee f5 bf fc a2 a6 05 91 c2 fd c8 2f ascii='............../'
[2026-06-10 22:18:57] channel recv len=17 entropy=3.97 bs_len=17 u16le=21314 u32le=1135426 ascii='BS...bv[0........'
[2026-06-10 22:18:57] channel BS frame #266: body_len=13 head=11 62 76 5b 30 d4 c8 f2 88 09 c4 83 e2 ascii='.bv[0........'
[2026-06-10 22:18:57] channel recv len=49 entropy=4.78 bs_len=15 u16le=21314 u32le=1004354 ascii='BS.......h.ZA.KBS....U.S..TL...\\BS..u...S..TL...\\'
[2026-06-10 22:18:57] channel BS frame #267: body_len=11 head=e4 9a c5 87 c4 68 f9 5a 41 2e 4b ascii='.....h.ZA.K'
[2026-06-10 22:18:57] channel BS frame #268: body_len=13 head=e0 12 55 f7 53 a4 ca 54 4c b7 05 13 5c ascii='..U.S..TL...\\'
[2026-06-10 22:18:57] channel BS frame #269: body_len=13 head=75 e3 06 f7 53 a4 ca 54 4c b7 05 13 5c ascii='u...S..TL...\\'
[2026-06-10 22:18:57] channel recv len=19 entropy=4.04 bs_len=19 u16le=21314 u32le=1266498 ascii='BS..g.|.d..b.n.R.S.'
[2026-06-10 22:18:57] channel BS frame #270: body_len=15 head=67 fe 7c 93 64 ea 9e 62 9e 6e a3 52 b5 53 f1 ascii='g.|.d..b.n.R.S.'
[2026-06-10 22:18:57] channel recv len=17 entropy=4.09 bs_len=17 u16le=21314 u32le=1135426 ascii='BS.....D.C.$...Lf'
[2026-06-10 22:18:57] channel BS frame #271: body_len=13 head=80 fa ea 44 dd 43 e2 24 da b0 1b 4c 66 ascii='...D.C.$...Lf'
[2026-06-10 22:18:57] channel recv len=17 entropy=4.09 bs_len=17 u16le=21314 u32le=1135426 ascii='BS..c-"..L.....]n'
[2026-06-10 22:18:57] channel BS frame #272: body_len=13 head=63 2d 22 19 af 4c be 82 a1 e3 ba 5d 6e ascii='c-"..L.....]n'
[2026-06-10 22:18:57] channel recv len=17 entropy=4.09 bs_len=17 u16le=21314 u32le=1135426 ascii='BS.......{.|x....'
[2026-06-10 22:18:57] channel BS frame #273: body_len=13 head=98 f0 0f b0 08 7b 16 7c 78 a9 d7 a1 1f ascii='.....{.|x....'
[2026-06-10 22:18:57] channel recv len=49 entropy=4.69 bs_len=15 u16le=21314 u32le=1004354 ascii='BS..55h..h..PcHBS..8oq.S9F"....\\BS..u...S9F"....\\'
[2026-06-10 22:18:57] channel BS frame #274: body_len=11 head=35 35 68 2e c4 68 af 9a 50 63 48 ascii='55h..h..PcH'
[2026-06-10 22:18:57] channel BS frame #275: body_len=13 head=38 6f 71 f7 53 39 46 22 a1 9f 9e c8 5c ascii='8oq.S9F"....\\'
[2026-06-10 22:18:57] channel BS frame #276: body_len=13 head=75 e3 06 f7 53 39 46 22 a1 9f 9e c8 5c ascii='u...S9F"....\\'
[2026-06-10 22:18:57] channel recv len=17 entropy=4.09 bs_len=17 u16le=21314 u32le=1135426 ascii='BS..g.:<....~.C.I'
[2026-06-10 22:18:57] channel BS frame #277: body_len=13 head=67 db 3a 3c 9d bb c8 b1 7e e1 43 93 49 ascii='g.:<....~.C.I'
[2026-06-10 22:18:57] channel recv len=13 entropy=3.70 bs_len=13 u16le=21314 u32le=873282 ascii='BS..../bsGy.W'
[2026-06-10 22:18:57] channel BS frame #278: body_len=9 head=8e f2 2f 62 73 47 79 c3 57 ascii='../bsGy.W'
[2026-06-10 22:18:57] channel recv len=19 entropy=4.25 bs_len=19 u16le=21314 u32le=1266498 ascii='BS......&..I.|.....'
[2026-06-10 22:18:57] channel BS frame #279: body_len=15 head=c3 f3 ad b7 26 ed be 49 d6 7c e7 c7 1e 94 da ascii='....&..I.|.....'
[2026-06-10 22:18:57] channel recv len=49 entropy=4.73 bs_len=15 u16le=21314 u32le=1004354 ascii='BS...7J..hh..K.BS..A.q.S=.z..^.\\BS..u...S=.z..^.\\'
[2026-06-10 22:18:57] channel BS frame #280: body_len=11 head=92 37 4a 2e c4 68 68 88 da 4b d2 ascii='.7J..hh..K.'
[2026-06-10 22:18:57] channel BS frame #281: body_len=13 head=41 8e 71 f7 53 3d 1f 7a a6 08 5e c1 5c ascii='A.q.S=.z..^.\\'
[2026-06-10 22:18:57] channel BS frame #282: body_len=13 head=75 e3 06 f7 53 3d 1f 7a a6 08 5e c1 5c ascii='u...S=.z..^.\\'
[2026-06-10 22:18:57] channel recv len=17 entropy=3.97 bs_len=17 u16le=21314 u32le=1135426 ascii='BS..g.:..D@Sqz..X'
[2026-06-10 22:18:57] channel BS frame #283: body_len=13 head=67 db 3a c4 b2 44 40 53 71 7a 8b 7f 58 ascii='g.:..D@Sqz..X'
[2026-06-10 22:18:58] channel recv len=13 entropy=3.70 bs_len=13 u16le=21314 u32le=873282 ascii='BS......J.!u.'
[2026-06-10 22:18:58] channel BS frame #284: body_len=9 head=f5 c1 14 de 4a d9 21 75 a9 ascii='....J.!u.'
[2026-06-10 22:18:58] channel recv len=15 entropy=3.91 bs_len=15 u16le=21314 u32le=1004354 ascii='BS........e..a.'
[2026-06-10 22:18:58] channel BS frame #285: body_len=11 head=f9 ed f0 ff ba bd 65 99 d1 61 cb ascii='......e..a.'
[2026-06-10 22:18:58] channel recv len=13 entropy=3.70 bs_len=13 u16le=21314 u32le=873282 ascii='BS..?InX..eC.'
[2026-06-10 22:18:58] channel BS frame #286: body_len=9 head=3f 49 6e 58 f6 f8 65 43 ee ascii='?InX..eC.'
[2026-06-10 22:18:58] channel recv len=7 entropy=2.81 bs_len=7 u16le=21314 u32le=480066 ascii='BS.....'
[2026-06-10 22:18:58] channel BS frame #287: body_len=3 head=9d c3 ff ascii='...'
[2026-06-10 22:18:58] channel recv len=17 entropy=4.09 bs_len=17 u16le=21314 u32le=1135426 ascii='BS..R.JF...6..._.'
[2026-06-10 22:18:58] channel BS frame #288: body_len=13 head=52 e1 4a 46 be a4 da 36 df a3 e9 5f b5 ascii='R.JF...6..._.'
[2026-06-10 22:18:58] channel recv len=17 entropy=3.97 bs_len=17 u16le=21314 u32le=1135426 ascii='BS.....D..8......'
[2026-06-10 22:18:58] channel BS frame #289: body_len=13 head=ea 0b a4 44 92 de 38 b6 f0 fc df 11 ac ascii='...D..8......'
[2026-06-10 22:18:58] channel recv len=13 entropy=3.55 bs_len=13 u16le=21314 u32le=873282 ascii='BS...p.K..i..'
[2026-06-10 22:18:58] channel BS frame #290: body_len=9 head=96 70 01 4b f4 f3 69 01 c9 ascii='.p.K..i..'
[2026-06-10 22:18:58] channel recv len=15 entropy=3.91 bs_len=15 u16le=21314 u32le=1004354 ascii='BS....~,f.I.g..'
[2026-06-10 22:18:58] channel BS frame #291: body_len=11 head=1c 8a 7e 2c 66 86 49 1a 67 8c b4 ascii='..~,f.I.g..'
[2026-06-10 22:18:58] channel recv len=19 entropy=4.25 bs_len=19 u16le=21314 u32le=1266498 ascii='BS...@.P ..]..K.../'
[2026-06-10 22:18:58] channel BS frame #292: body_len=15 head=c8 40 02 50 20 d5 ed 5d f6 19 4b f9 e1 03 2f ascii='.@.P ..]..K.../'
[2026-06-10 22:18:58] channel recv len=17 entropy=4.09 bs_len=17 u16le=21314 u32le=1135426 ascii='BS...N..4s.h?..G,'
[2026-06-10 22:18:58] channel BS frame #293: body_len=13 head=a5 4e a0 b7 34 73 8b 68 3f f2 81 47 2c ascii='.N..4s.h?..G,'
[2026-06-10 22:18:58] channel recv len=5 entropy=2.32 bs_len=5 u16le=21314 u32le=348994 ascii='BS..Q'
[2026-06-10 22:18:58] channel BS frame #294: body_len=1 head=51 ascii='Q'
[2026-06-10 22:18:58] channel replay observed client frame #294; server frames sent=150
[2026-06-10 22:18:58] channel recv len=19 entropy=4.14 bs_len=19 u16le=21314 u32le=1266498 ascii='BS...h....4..5.A.{.'
[2026-06-10 22:18:58] channel BS frame #295: body_len=15 head=e0 68 8c e9 91 f6 34 c2 ba 35 f6 41 ae 7b 96 ascii='.h....4..5.A.{.'
[2026-06-10 22:18:59] channel recv len=19 entropy=4.04 bs_len=19 u16le=21314 u32le=1266498 ascii='BS.....>...B@......'
[2026-06-10 22:18:59] channel BS frame #296: body_len=15 head=c5 d7 fe 3e dd a9 13 42 40 ab 1b ea 1a b8 d8 ascii='...>...B@......'
[2026-06-10 22:18:59] channel recv len=17 entropy=4.09 bs_len=17 u16le=21314 u32le=1135426 ascii='BS..^.........,..'
[2026-06-10 22:18:59] channel BS frame #297: body_len=13 head=5e 8e c4 1b 08 0d 1f 86 d2 06 2c 9b ee ascii='^.........,..'
[2026-06-10 22:18:59] client->game 85 bytes
[2026-06-10 22:18:59] game recv len=85 entropy=6.09 bs_len=85 u16le=21314 u16be=16979 u32le=5591874 u32be=1112757504 ascii='BSU.3.a.G..9....j.}.VTU.....Bk.&9....5.F.a].....}.i..L".aE.-.n+.....1.....b...h....'
[2026-06-10 22:18:59] channel recv len=17 entropy=4.09 bs_len=17 u16le=21314 u32le=1135426 ascii="BS..'l.1?}^,./4.."
[2026-06-10 22:18:59] channel BS frame #298: body_len=13 head=27 6c 9e 31 3f 7d 5e 2c ec 2f 34 09 ca ascii="'l.1?}^,./4.."
[2026-06-10 22:18:59] game client plain #16: type=0x1e body_len=81 head=1e 4c 00 00 00 01 64 08 ff 00 00 04 64 da cd 3d field32=76 payload_len=76 field32b=4278739969
[2026-06-10 22:18:59] game replay observed 1 complete client BS frame(s); total=16
[2026-06-10 22:18:59] channel recv len=17 entropy=4.09 bs_len=17 u16le=21314 u32le=1135426 ascii='BS...4..H$.8.).+.'
[2026-06-10 22:18:59] channel BS frame #299: body_len=13 head=01 34 ce 91 48 24 8a 38 d9 29 dd 2b c7 ascii='.4..H$.8.).+.'
[2026-06-10 22:18:59] channel recv len=9 entropy=3.17 bs_len=9 u16le=21314 u32le=611138 ascii='BS..d....'
[2026-06-10 22:18:59] channel BS frame #300: body_len=5 head=64 c6 cf e9 87 ascii='d....'
[2026-06-10 22:18:59] channel recv len=17 entropy=3.85 bs_len=17 u16le=21314 u32le=1135426 ascii='BS....:..Y. M.y!e'
[2026-06-10 22:18:59] channel BS frame #301: body_len=13 head=17 db 3a cc 81 59 11 20 4d 81 79 21 65 ascii='..:..Y. M.y!e'
[2026-06-10 22:18:59] channel recv len=17 entropy=4.09 bs_len=17 u16le=21314 u32le=1135426 ascii='BS....q......>..-'
[2026-06-10 22:18:59] channel BS frame #302: body_len=13 head=d4 9b 71 07 cb 06 f6 fe e9 3e 8e f1 2d ascii='..q......>..-'
[2026-06-10 22:18:59] channel recv len=17 entropy=4.09 bs_len=17 u16le=21314 u32le=1135426 ascii='BS..W..{.........'
[2026-06-10 22:18:59] channel BS frame #303: body_len=13 head=57 cc e0 7b db 09 08 bd f2 e5 0c 8e 7f ascii='W..{.........'
[2026-06-10 22:18:59] channel recv len=19 entropy=4.25 bs_len=19 u16le=21314 u32le=1266498 ascii='BS..m....!...l....b'
[2026-06-10 22:18:59] channel BS frame #304: body_len=15 head=6d d4 db 8b fd 21 93 c9 80 6c 96 11 da a1 62 ascii='m....!...l....b'
[2026-06-10 22:18:59] channel recv len=17 entropy=3.73 bs_len=17 u16le=21314 u32le=1135426 ascii='BS....Y>YB!..vK.0'
[2026-06-10 22:18:59] channel BS frame #305: body_len=13 head=bd bd 59 3e 59 42 21 b3 95 76 4b 18 30 ascii='..Y>YB!..vK.0'
[2026-06-10 22:19:00] channel recv len=19 entropy=4.25 bs_len=19 u16le=21314 u32le=1266498 ascii='BS...n.........D.F9'
[2026-06-10 22:19:00] channel BS frame #306: body_len=15 head=ba 6e e6 dc da dd a7 1d c0 18 f9 44 08 46 39 ascii='.n.........D.F9'
[2026-06-10 22:19:00] channel recv len=17 entropy=4.09 bs_len=17 u16le=21314 u32le=1135426 ascii='BS...]...?.4.#..;'
[2026-06-10 22:19:00] channel BS frame #307: body_len=13 head=c5 5d 05 c1 90 3f ba 34 d4 23 dd 12 3b ascii='.]...?.4.#..;'
[2026-06-10 22:19:00] channel recv len=17 entropy=4.09 bs_len=17 u16le=21314 u32le=1135426 ascii='BS...K:.T71=v...6'
[2026-06-10 22:19:00] channel BS frame #308: body_len=13 head=9a 4b 3a c5 54 37 31 3d 76 16 94 87 36 ascii='.K:.T71=v...6'
[2026-06-10 22:19:00] channel recv len=32 entropy=3.98 bs_len=6 u16le=21314 u32le=414530 ascii='BS...FBS..E.-.z.#N,BS.....Sz.#N,'
[2026-06-10 22:19:00] channel BS frame #309: body_len=2 head=b6 46 ascii='.F'
[2026-06-10 22:19:00] channel BS frame #310: body_len=9 head=45 e4 2d cb 7a f6 23 4e 2c ascii='E.-.z.#N,'
[2026-06-10 22:19:00] channel BS frame #311: body_len=9 head=81 bc 00 53 7a f6 23 4e 2c ascii='...Sz.#N,'
[2026-06-10 22:19:00] channel recv len=17 entropy=4.09 bs_len=17 u16le=21314 u32le=1135426 ascii='BS........{....3D'
[2026-06-10 22:19:00] channel BS frame #312: body_len=13 head=91 f8 de ba f0 8e 7b d1 16 dd df 33 44 ascii='......{....3D'
[2026-06-10 22:19:00] channel recv len=17 entropy=3.97 bs_len=17 u16le=21314 u32le=1135426 ascii='BS...."#f.|....}.'
[2026-06-10 22:19:00] channel BS frame #313: body_len=13 head=0d d8 22 23 66 be 7c cb f3 91 be 7d 98 ascii='.."#f.|....}.'
[2026-06-10 22:19:00] channel recv len=17 entropy=4.09 bs_len=17 u16le=21314 u32le=1135426 ascii='BS...64...u...0jb'
[2026-06-10 22:19:00] channel BS frame #314: body_len=13 head=c0 36 34 0d dc ef 75 f1 a2 d9 30 6a 62 ascii='.64...u...0jb'
[2026-06-10 22:19:00] channel recv len=17 entropy=4.09 bs_len=17 u16le=21314 u32le=1135426 ascii='BS..7j/~.4....ro.'
[2026-06-10 22:19:00] channel BS frame #315: body_len=13 head=37 6a 2f 7e c5 34 ed 1d e7 1f 72 6f d4 ascii='7j/~.4....ro.'
[2026-06-10 22:19:00] channel recv len=13 entropy=3.70 bs_len=13 u16le=21314 u32le=873282 ascii='BS..>j-^.s:].'
[2026-06-10 22:19:00] channel BS frame #316: body_len=9 head=3e 6a 2d 5e 8f 73 3a 5d bd ascii='>j-^.s:].'
[2026-06-10 22:19:01] channel recv len=17 entropy=3.97 bs_len=17 u16le=21314 u32le=1135426 ascii='BS..<PW....o....2'
[2026-06-10 22:19:01] channel BS frame #317: body_len=13 head=3c 50 57 96 f7 ba 03 6f f5 f5 c0 c2 32 ascii='<PW....o....2'
[2026-06-10 22:19:01] channel recv len=32 entropy=4.60 bs_len=15 u16le=21314 u32le=1004354 ascii='BS...^Ft.h..B."BS..^o.*."J....9.'
[2026-06-10 22:19:01] channel BS frame #318: body_len=11 head=d0 5e 46 74 c4 68 af 9a 42 d5 22 ascii='.^Ft.h..B."'
[2026-06-10 22:19:01] channel BS frame #319: body_len=13 head=5e 6f e7 2a 1c 22 4a 12 bf ae 94 39 b1 ascii='^o.*."J....9.'
[2026-06-10 22:19:01] channel recv len=17 entropy=4.09 bs_len=17 u16le=21314 u32le=1135426 ascii='BS..g.:2....... .'
[2026-06-10 22:19:01] channel BS frame #320: body_len=13 head=67 db 3a 32 94 89 0b 15 18 cd a7 20 bc ascii='g.:2....... .'
[2026-06-10 22:19:01] channel recv len=32 entropy=4.75 bs_len=15 u16le=21314 u32le=1004354 ascii='BS..xW.t.h.".k.BS....Znv...VTl..'
[2026-06-10 22:19:01] channel BS frame #321: body_len=11 head=78 57 d0 74 c4 68 19 22 ae 6b a7 ascii='xW.t.h.".k.'
[2026-06-10 22:19:01] channel BS frame #322: body_len=13 head=c2 1b 5a 6e 76 a4 05 05 56 54 6c f3 b1 ascii='..Znv...VTl..'
[2026-06-10 22:19:01] channel recv len=17 entropy=3.97 bs_len=17 u16le=21314 u32le=1135426 ascii='BS..g.:3....g...)'
[2026-06-10 22:19:01] channel BS frame #323: body_len=13 head=67 db 3a 33 02 b9 0c 82 67 f9 8c f5 29 ascii='g.:3....g...)'
[2026-06-10 22:19:01] channel recv len=32 entropy=4.52 bs_len=15 u16le=21314 u32le=1004354 ascii='BS....m..hn.*..BS.....*...#...*/'
[2026-06-10 22:19:01] channel BS frame #324: body_len=11 head=82 ab 6d 2e c4 68 6e ba 2a 90 11 ascii='..m..hn.*..'
[2026-06-10 22:19:01] channel BS frame #325: body_len=13 head=c5 a9 b0 2a 89 fb 0d 23 7f 00 f5 2a 2f ascii='...*...#...*/'
[2026-06-10 22:19:01] channel recv len=17 entropy=4.09 bs_len=17 u16le=21314 u32le=1135426 ascii='BS..g.:&._.*..@..'
[2026-06-10 22:19:01] channel BS frame #326: body_len=13 head=67 db 3a 26 e9 5f fd 2a 98 a7 40 99 9b ascii='g.:&._.*..@..'
[2026-06-10 22:19:01] channel recv len=32 entropy=4.81 bs_len=15 u16le=21314 u32le=1004354 ascii='BS.."VT..h>N...BS..........MK.%/'
[2026-06-10 22:19:01] channel BS frame #327: body_len=11 head=22 56 54 b0 c4 68 3e 4e 8f eb a7 ascii='"VT..h>N...'
[2026-06-10 22:19:01] channel BS frame #328: body_len=13 head=f1 e4 0d 1d ae a1 97 9a 4d 4b da 25 2f ascii='........MK.%/'
[2026-06-10 22:19:01] channel recv len=17 entropy=4.09 bs_len=17 u16le=21314 u32le=1135426 ascii='BS..g.:..u&......'
[2026-06-10 22:19:01] channel BS frame #329: body_len=13 head=67 db 3a 07 b7 75 26 e4 e8 c1 03 b0 b9 ascii='g.:..u&......'
[2026-06-10 22:19:01] channel recv len=32 entropy=4.66 bs_len=15 u16le=21314 u32le=1004354 ascii='BS..KW.D.h.y..:BS..7.LD..Bn.$qb/'
[2026-06-10 22:19:01] channel BS frame #330: body_len=11 head=4b 57 ae 44 c4 68 cc 79 c5 e7 3a ascii='KW.D.h.y..:'
[2026-06-10 22:19:01] channel BS frame #331: body_len=13 head=37 c3 4c 44 90 db 42 6e 08 24 71 62 2f ascii='7.LD..Bn.$qb/'
[2026-06-10 22:19:01] channel recv len=17 entropy=4.09 bs_len=17 u16le=21314 u32le=1135426 ascii='BS..g.:O.........'
[2026-06-10 22:19:01] channel BS frame #332: body_len=13 head=67 db 3a 4f 15 be 0d 07 e5 86 8a 08 f0 ascii='g.:O.........'
[2026-06-10 22:19:01] channel recv len=19 entropy=4.14 bs_len=19 u16le=21314 u32le=1266498 ascii='BS...0_./..k.|}OS..'
[2026-06-10 22:19:01] channel BS frame #333: body_len=15 head=ef 30 5f a8 2f cd 98 6b 89 7c 7d 4f 53 9e e9 ascii='.0_./..k.|}OS..'
[2026-06-10 22:19:01] channel recv len=32 entropy=4.81 bs_len=15 u16le=21314 u32le=1004354 ascii='BS..W..M.h. ...BS..HCe..&.q}.|./'
[2026-06-10 22:19:01] channel BS frame #334: body_len=11 head=57 a6 aa 4d c4 68 e3 20 15 f7 16 ascii='W..M.h. ...'
[2026-06-10 22:19:01] channel BS frame #335: body_len=13 head=48 43 65 8a c2 26 1f 71 7d a0 7c ce 2f ascii='HCe..&.q}.|./'
[2026-06-10 22:19:01] channel recv len=5 entropy=2.32 bs_len=5 u16le=21314 u32le=348994 ascii='BS...'
[2026-06-10 22:19:01] channel BS frame #336: body_len=1 head=12 ascii='.'
[2026-06-10 22:19:01] channel replay observed client frame #336; server frames sent=160
[2026-06-10 22:19:01] channel recv len=17 entropy=4.09 bs_len=17 u16le=21314 u32le=1135426 ascii='BS../..(H..Cx....'
[2026-06-10 22:19:01] channel BS frame #337: body_len=13 head=2f aa 83 28 48 e8 f9 43 78 8d d4 c5 a9 ascii='/..(H..Cx....'
[2026-06-10 22:19:01] channel recv len=32 entropy=4.69 bs_len=15 u16le=21314 u32le=1004354 ascii="BS....&b.h[..Y.BS...iq...'D...:/"
[2026-06-10 22:19:01] channel BS frame #338: body_len=11 head=ea b9 26 62 c4 68 5b 9e d8 59 95 ascii='..&b.h[..Y.'
[2026-06-10 22:19:01] channel BS frame #339: body_len=13 head=da 69 71 08 05 ab 27 44 d8 06 95 3a 2f ascii=".iq...'D...:/"
[2026-06-10 22:19:02] channel recv len=17 entropy=3.97 bs_len=17 u16le=21314 u32le=1135426 ascii='BS..g.:54..h.....'
[2026-06-10 22:19:02] channel BS frame #340: body_len=13 head=67 db 3a 35 34 9c 8c 68 9d cd ba df cd ascii='g.:54..h.....'
[2026-06-10 22:19:02] channel recv len=32 entropy=4.75 bs_len=15 u16le=21314 u32le=1004354 ascii='BS.... e.h..f..BS...w........Y./'
[2026-06-10 22:19:02] channel BS frame #341: body_len=11 head=d8 88 20 65 c4 68 a9 af 66 da b2 ascii='.. e.h..f..'
[2026-06-10 22:19:02] channel BS frame #342: body_len=13 head=da 77 e3 90 f1 f3 02 e1 f4 dd 59 8a 2f ascii='.w........Y./'
[2026-06-10 22:19:02] channel recv len=17 entropy=4.09 bs_len=17 u16le=21314 u32le=1135426 ascii='BS..g.:._).s...#.'
[2026-06-10 22:19:02] channel BS frame #343: body_len=13 head=67 db 3a 12 5f 29 86 73 15 84 d7 23 fd ascii='g.:._).s...#.'
[2026-06-10 22:19:02] channel recv len=32 entropy=4.73 bs_len=15 u16le=21314 u32le=1004354 ascii='BS..W....h....MBS.........(..bV/'
[2026-06-10 22:19:02] channel BS frame #344: body_len=11 head=57 d0 b5 fc c4 68 c9 f4 1b e9 4d ascii='W....h....M'
[2026-06-10 22:19:02] channel BS frame #345: body_len=13 head=8a 19 94 c0 ec 8e fa 28 00 80 62 56 2f ascii='.......(..bV/'
[2026-06-10 22:19:02] channel recv len=19 entropy=4.14 bs_len=19 u16le=21314 u32le=1266498 ascii='BS..g...b.8..6.....'
[2026-06-10 22:19:02] channel BS frame #346: body_len=15 head=67 e3 a5 ff 62 b7 38 e7 c4 36 e3 bb bc a7 f1 ascii='g...b.8..6.....'
[2026-06-10 22:19:02] channel recv len=32 entropy=4.60 bs_len=15 u16le=21314 u32le=1004354 ascii='BS..r....h.5P..BS...0......H.s..'
[2026-06-10 22:19:02] channel BS frame #347: body_len=11 head=72 fd 0d 1b c4 68 d0 35 50 02 11 ascii='r....h.5P..'
[2026-06-10 22:19:02] channel BS frame #348: body_len=13 head=c3 30 0d c0 ec ff d8 11 48 ef 73 9f b1 ascii='.0......H.s..'
[2026-06-10 22:19:02] channel recv len=17 entropy=3.85 bs_len=17 u16le=21314 u32le=1135426 ascii='BS..g.:....n.7+7.'
[2026-06-10 22:19:02] channel BS frame #349: body_len=13 head=67 db 3a b5 14 14 bc 6e cc 37 2b 37 93 ascii='g.:....n.7+7.'
[2026-06-10 22:19:02] channel recv len=32 entropy=4.75 bs_len=15 u16le=21314 u32le=1004354 ascii='BS..2.=..h+^ob.BS..=............'
[2026-06-10 22:19:02] channel BS frame #350: body_len=11 head=32 1c 3d f5 c4 68 2b 5e 6f 62 12 ascii='2.=..h+^ob.'
[2026-06-10 22:19:02] channel BS frame #351: body_len=13 head=3d b9 0d c0 ec ff 1b ee cf 07 b0 8e c2 ascii='=............'
[2026-06-10 22:19:02] channel recv len=17 entropy=3.97 bs_len=17 u16le=21314 u32le=1135426 ascii='BS..g.:....9.".b.'
[2026-06-10 22:19:02] channel BS frame #352: body_len=13 head=67 db 3a e9 cb 06 f0 39 89 22 eb 62 cb ascii='g.:....9.".b.'
[2026-06-10 22:19:02] channel recv len=33 entropy=3.99 bs_len=13 u16le=21314 u32le=873282 ascii='BS.....gz.#N,BS.....Sz.#N,BS.....'
[2026-06-10 22:19:02] channel BS frame #353: body_len=9 head=14 87 89 67 7a f6 23 4e 2c ascii='...gz.#N,'
[2026-06-10 22:19:02] channel BS frame #354: body_len=9 head=81 bc 00 53 7a f6 23 4e 2c ascii='...Sz.#N,'
[2026-06-10 22:19:02] channel BS frame #355: body_len=3 head=86 14 1d ascii='...'
[2026-06-10 22:19:02] channel recv len=13 entropy=3.70 bs_len=13 u16le=21314 u32le=873282 ascii='BS..#Y.?.....'
[2026-06-10 22:19:02] channel BS frame #356: body_len=9 head=23 59 af 3f a9 8a d7 95 b0 ascii='#Y.?.....'
[2026-06-10 22:19:02] channel recv len=13 entropy=3.70 bs_len=13 u16le=21314 u32le=873282 ascii='BS...F.&X.lWn'
[2026-06-10 22:19:02] channel BS frame #357: body_len=9 head=d3 46 af 26 58 ed 6c 57 6e ascii='.F.&X.lWn'
[2026-06-10 22:19:02] channel recv len=13 entropy=3.70 bs_len=13 u16le=21314 u32le=873282 ascii='BS....+K..oY.'
[2026-06-10 22:19:02] channel BS frame #358: body_len=9 head=92 f8 2b 4b bd f0 6f 59 7f ascii='..+K..oY.'
[2026-06-10 22:19:03] channel recv len=13 entropy=3.55 bs_len=13 u16le=21314 u32le=873282 ascii='BS....s..kOO.'
[2026-06-10 22:19:03] channel BS frame #359: body_len=9 head=de 90 73 ec f1 6b 4f 4f 9e ascii='..s..kOO.'
[2026-06-10 22:19:03] channel recv len=13 entropy=3.70 bs_len=13 u16le=21314 u32le=873282 ascii='BS...C.1....r'
[2026-06-10 22:19:03] channel BS frame #360: body_len=9 head=bc 43 f0 31 98 c6 97 8b 72 ascii='.C.1....r'
[2026-06-10 22:19:03] channel recv len=17 entropy=3.97 bs_len=17 u16le=21314 u32le=1135426 ascii='BS..8@.v)q.S..f_.'
[2026-06-10 22:19:03] channel BS frame #361: body_len=13 head=38 40 c1 76 29 71 8f 53 f5 a9 66 5f fa ascii='8@.v)q.S..f_.'
[2026-06-10 22:19:03] channel recv len=17 entropy=4.09 bs_len=17 u16le=21314 u32le=1135426 ascii='BS..PQD].....J.}.'
[2026-06-10 22:19:03] channel BS frame #362: body_len=13 head=50 51 44 5d d9 87 a7 02 ae 4a f4 7d b6 ascii='PQD].....J.}.'
[2026-06-10 22:19:03] channel recv len=17 entropy=3.73 bs_len=17 u16le=21314 u32le=1135426 ascii='BS.....8.8:..z...'
[2026-06-10 22:19:03] channel BS frame #363: body_len=13 head=0c be c3 38 ee 38 3a 9c d3 7a 1d 1d c3 ascii='...8.8:..z...'
[2026-06-10 22:19:03] channel recv len=17 entropy=3.97 bs_len=17 u16le=21314 u32le=1135426 ascii='BS.. ..d7..:..F..'
[2026-06-10 22:19:03] channel BS frame #364: body_len=13 head=20 02 8e 64 37 aa dc 3a be cb 46 0e 02 ascii=' ..d7..:..F..'
[2026-06-10 22:19:03] channel recv len=17 entropy=4.09 bs_len=17 u16le=21314 u32le=1135426 ascii='BS....<....-../AV'
[2026-06-10 22:19:03] channel BS frame #365: body_len=13 head=d3 85 3c d1 e8 89 aa 2d b5 e3 2f 41 56 ascii='..<....-../AV'
[2026-06-10 22:19:03] channel recv len=19 entropy=4.25 bs_len=19 u16le=21314 u32le=1266498 ascii='BS..2x..J.L..D...^.'
[2026-06-10 22:19:03] channel BS frame #366: body_len=15 head=32 78 e5 04 4a 99 4c 0b f0 44 88 dd 97 5e a3 ascii='2x..J.L..D...^.'
[2026-06-10 22:19:03] channel recv len=17 entropy=4.09 bs_len=17 u16le=21314 u32le=1135426 ascii='BS..J.&...~.}.6..'
[2026-06-10 22:19:03] channel BS frame #367: body_len=13 head=4a be 26 fe 9e 92 7e f3 7d 14 36 ee 88 ascii='J.&...~.}.6..'
[2026-06-10 22:19:03] channel recv len=19 entropy=4.14 bs_len=19 u16le=21314 u32le=1266498 ascii='BS...4$....1&..m...'
[2026-06-10 22:19:03] channel BS frame #368: body_len=15 head=0a 34 24 c8 f9 f1 ad 31 26 8a de 6d 00 82 aa ascii='.4$....1&..m...'
[2026-06-10 22:19:04] channel recv len=17 entropy=3.97 bs_len=17 u16le=21314 u32le=1135426 ascii='BS.......G.u...$.'
[2026-06-10 22:19:04] channel BS frame #369: body_len=13 head=8f d6 8f e2 0c 47 86 75 05 ac 12 24 a6 ascii='.....G.u...$.'
[2026-06-10 22:19:04] channel recv len=19 entropy=4.14 bs_len=19 u16le=21314 u32le=1266498 ascii='BS.. ......._.H....'
[2026-06-10 22:19:04] channel BS frame #370: body_len=15 head=20 f2 d2 e8 9a 1f 9f cc 5f db 48 89 f9 9a c3 ascii=' ......._.H....'
[2026-06-10 22:19:04] channel recv len=17 entropy=3.97 bs_len=17 u16le=21314 u32le=1135426 ascii='BS.....}...!..H.)'
[2026-06-10 22:19:04] channel BS frame #371: body_len=13 head=aa d7 94 7d d9 d2 da 21 c0 da 48 a6 29 ascii='...}...!..H.)'
[2026-06-10 22:19:04] channel recv len=17 entropy=4.09 bs_len=17 u16le=21314 u32le=1135426 ascii='BS..p$..X....g...'
[2026-06-10 22:19:04] channel BS frame #372: body_len=13 head=70 24 96 dc 58 c2 e3 aa da 67 cc ec 95 ascii='p$..X....g...'
[2026-06-10 22:19:04] channel recv len=9 entropy=3.17 bs_len=9 u16le=21314 u32le=611138 ascii='BS...f.`?'
[2026-06-10 22:19:04] channel BS frame #373: body_len=5 head=d5 66 11 60 3f ascii='.f.`?'
[2026-06-10 22:19:04] channel recv len=19 entropy=4.14 bs_len=19 u16le=21314 u32le=1266498 ascii='BS....4aG..1X6$.+..'
[2026-06-10 22:19:04] channel BS frame #374: body_len=15 head=f0 ec 34 61 47 f0 fc 31 58 36 24 cf 2b a1 fd ascii='..4aG..1X6$.+..'
[2026-06-10 22:19:04] channel recv len=19 entropy=4.25 bs_len=19 u16le=21314 u32le=1266498 ascii='BS.............@-..'
[2026-06-10 22:19:04] channel BS frame #375: body_len=15 head=c2 9b d2 92 b3 82 cb 2e 07 e0 fd 40 2d ad ec ascii='...........@-..'
[2026-06-10 22:19:04] channel recv len=19 entropy=4.14 bs_len=19 u16le=21314 u32le=1266498 ascii='BS..JZ..e..;...<...'
[2026-06-10 22:19:04] channel BS frame #376: body_len=15 head=4a 5a a2 09 65 2e bd 3b 9f be 8c 3c be 02 c4 ascii='JZ..e..;...<...'
[2026-06-10 22:19:04] channel recv len=17 entropy=4.09 bs_len=17 u16le=21314 u32le=1135426 ascii='BS...K..........C'
[2026-06-10 22:19:04] channel BS frame #377: body_len=13 head=eb 4b 89 ce a0 04 8d ba 15 ad cd b7 43 ascii='.K..........C'
[2026-06-10 22:19:04] channel recv len=17 entropy=3.85 bs_len=17 u16le=21314 u32le=1135426 ascii='BS..v;.M......;.+'
[2026-06-10 22:19:04] channel BS frame #378: body_len=13 head=76 3b f4 4d 00 1b 12 e2 a2 ff 3b e4 2b ascii='v;.M......;.+'
[2026-06-10 22:19:04] channel recv len=32 entropy=3.89 bs_len=6 u16le=21314 u32le=414530 ascii='BS....BS..0Y#%z.#N,BS.....Sz.#N,'
[2026-06-10 22:19:04] channel BS frame #379: body_len=2 head=dd b5 ascii='..'
[2026-06-10 22:19:04] channel BS frame #380: body_len=9 head=30 59 23 25 7a f6 23 4e 2c ascii='0Y#%z.#N,'
[2026-06-10 22:19:04] channel BS frame #381: body_len=9 head=81 bc 00 53 7a f6 23 4e 2c ascii='...Sz.#N,'
[2026-06-10 22:19:04] channel recv len=5 entropy=2.32 bs_len=5 u16le=21314 u32le=348994 ascii='BS...'
[2026-06-10 22:19:04] channel BS frame #382: body_len=1 head=e4 ascii='.'
[2026-06-10 22:19:04] channel replay observed client frame #382; server frames sent=170
[2026-06-10 22:19:04] channel recv len=17 entropy=4.09 bs_len=17 u16le=21314 u32le=1135426 ascii='BS...N.L...8s....'
[2026-06-10 22:19:04] channel BS frame #383: body_len=13 head=0c 4e 1b 4c f1 81 f7 38 73 c2 e8 8e 01 ascii='.N.L...8s....'
[2026-06-10 22:19:05] channel recv len=13 entropy=3.55 bs_len=13 u16le=21314 u32le=873282 ascii='BS..|>.[r...1'
[2026-06-10 22:19:05] channel BS frame #384: body_len=9 head=7c 3e 82 5b 72 bb bb d0 31 ascii='|>.[r...1'
[2026-06-10 22:19:05] channel recv len=17 entropy=3.85 bs_len=17 u16le=21314 u32le=1135426 ascii='BS......yZ....{+.'
[2026-06-10 22:19:05] channel BS frame #385: body_len=13 head=8c 01 dd bc 79 5a 0d 8c a0 e9 7b 2b bc ascii='....yZ....{+.'
[2026-06-10 22:19:05] channel recv len=17 entropy=4.09 bs_len=17 u16le=21314 u32le=1135426 ascii='BS.....x...=>..L.'
[2026-06-10 22:19:05] channel BS frame #386: body_len=13 head=9d d5 83 78 1e f0 ef 3d 3e c0 0a 4c 0c ascii='...x...=>..L.'
[2026-06-10 22:19:05] channel recv len=17 entropy=4.09 bs_len=17 u16le=21314 u32le=1135426 ascii='BS...A6......[...'
[2026-06-10 22:19:05] channel BS frame #387: body_len=13 head=81 41 36 04 0e 1d ba d6 1c 5b c3 2e f9 ascii='.A6......[...'
[2026-06-10 22:19:05] channel recv len=17 entropy=4.09 bs_len=17 u16le=21314 u32le=1135426 ascii='BS.....Gf!..%...j'
[2026-06-10 22:19:05] channel BS frame #388: body_len=13 head=0c f3 d3 47 66 21 f1 d8 25 c8 82 b7 6a ascii='...Gf!..%...j'
[2026-06-10 22:19:05] channel recv len=6 entropy=2.58 bs_len=6 u16le=21314 u32le=414530 ascii='BS..aw'
[2026-06-10 22:19:05] channel BS frame #389: body_len=2 head=61 77 ascii='aw'
[2026-06-10 22:19:05] channel recv len=17 entropy=3.85 bs_len=17 u16le=21314 u32le=1135426 ascii='BS..R..........x.'
[2026-06-10 22:19:05] channel BS frame #390: body_len=13 head=52 c0 00 ad c4 e0 c4 ed c1 f0 8c 78 bb ascii='R..........x.'
[2026-06-10 22:19:05] channel recv len=13 entropy=3.70 bs_len=13 u16le=21314 u32le=873282 ascii='BS...Q.......'
[2026-06-10 22:19:05] channel BS frame #391: body_len=9 head=8b 51 c4 c3 1b cd c6 fc 16 ascii='.Q.......'
[2026-06-10 22:19:05] channel recv len=15 entropy=3.91 bs_len=15 u16le=21314 u32le=1004354 ascii='BS......,]nQ...'
[2026-06-10 22:19:05] channel BS frame #392: body_len=11 head=b8 dd ee d3 2c 5d 6e 51 1b ed 9e ascii='....,]nQ...'
[2026-06-10 22:19:05] channel recv len=17 entropy=4.09 bs_len=17 u16le=21314 u32le=1135426 ascii='BS..a)....J....*I'
[2026-06-10 22:19:05] channel BS frame #393: body_len=13 head=61 29 87 88 ca 83 4a 18 ad 16 a2 2a 49 ascii='a)....J....*I'
[2026-06-10 22:19:05] channel recv len=19 entropy=4.14 bs_len=19 u16le=21314 u32le=1266498 ascii='BS..?....~....../cg'
[2026-06-10 22:19:05] channel BS frame #394: body_len=15 head=3f a1 09 94 07 7e ec ec ce 17 9f 86 2f 63 67 ascii='?....~....../cg'
[2026-06-10 22:19:06] channel recv len=17 entropy=3.81 bs_len=17 u16le=21314 u32le=1135426 ascii='BS..@{.?S.JS..3;.'
[2026-06-10 22:19:06] channel BS frame #395: body_len=13 head=40 7b 08 3f 53 15 4a 53 ff 1e 33 3b a0 ascii='@{.?S.JS..3;.'
[2026-06-10 22:19:06] channel recv len=17 entropy=3.97 bs_len=17 u16le=21314 u32le=1135426 ascii='BS....hg.)S*...!j'
[2026-06-10 22:19:06] channel BS frame #396: body_len=13 head=b3 dc 68 67 ed 29 53 2a f7 14 aa 21 6a ascii='..hg.)S*...!j'
[2026-06-10 22:19:06] channel recv len=13 entropy=3.55 bs_len=13 u16le=21314 u32le=873282 ascii='BS...6wff....'
[2026-06-10 22:19:06] channel BS frame #397: body_len=9 head=f8 36 77 66 66 a3 84 ae 1e ascii='.6wff....'
[2026-06-10 22:19:06] channel recv len=6 entropy=2.58 bs_len=6 u16le=21314 u32le=414530 ascii='BS..O.'
[2026-06-10 22:19:06] channel BS frame #398: body_len=2 head=4f b5 ascii='O.'
[2026-06-10 22:19:06] channel recv len=17 entropy=3.85 bs_len=17 u16le=21314 u32le=1135426 ascii='BS.......k.......'
[2026-06-10 22:19:06] channel BS frame #399: body_len=13 head=06 e4 00 ea f1 6b 9f 85 80 fa 80 0b f5 ascii='.....k.......'
[2026-06-10 22:19:06] channel recv len=17 entropy=4.09 bs_len=17 u16le=21314 u32le=1135426 ascii='BS..bO`...._.5m[.'
[2026-06-10 22:19:06] channel BS frame #400: body_len=13 head=62 4f 60 f8 a4 a6 b0 5f 83 35 6d 5b 7f ascii='bO`...._.5m[.'
[2026-06-10 22:19:06] channel recv len=17 entropy=3.97 bs_len=17 u16le=21314 u32le=1135426 ascii='BS......_Rf.DS...'
[2026-06-10 22:19:06] channel BS frame #401: body_len=13 head=f9 1e 92 ef 5f 52 66 9b 44 53 7f f7 d2 ascii='...._Rf.DS...'
[2026-06-10 22:19:06] channel recv len=17 entropy=4.09 bs_len=17 u16le=21314 u32le=1135426 ascii='BS..`.N..........'
[2026-06-10 22:19:06] channel BS frame #402: body_len=13 head=60 eb 4e bd fb 17 e0 2e e6 df 18 1f 13 ascii='`.N..........'
[2026-06-10 22:19:06] channel recv len=17 entropy=3.97 bs_len=17 u16le=21314 u32le=1135426 ascii='BS...QD..1.....@.'
[2026-06-10 22:19:06] channel BS frame #403: body_len=13 head=a2 51 44 2e 9a 31 87 9c 0d 9c 8b 40 fe ascii='.QD..1.....@.'
[2026-06-10 22:19:07] channel recv len=17 entropy=4.09 bs_len=17 u16le=21314 u32le=1135426 ascii='BS..`.7.XH.C...l.'
[2026-06-10 22:19:07] channel BS frame #404: body_len=13 head=60 1a 37 1b 58 48 d7 43 d9 e7 8e 6c 17 ascii='`.7.XH.C...l.'
[2026-06-10 22:19:07] channel recv len=17 entropy=4.09 bs_len=17 u16le=21314 u32le=1135426 ascii='BS.........x....{'
[2026-06-10 22:19:07] channel BS frame #405: body_len=13 head=9a 1b a7 0e 8f dd 0f 78 ec dc a4 98 7b ascii='.......x....{'
[2026-06-10 22:19:07] channel recv len=9 entropy=3.17 bs_len=9 u16le=21314 u32le=611138 ascii='BS..2.eky'
[2026-06-10 22:19:07] channel BS frame #406: body_len=5 head=32 a2 65 6b 79 ascii='2.eky'
[2026-06-10 22:19:07] channel recv len=19 entropy=4.14 bs_len=19 u16le=21314 u32le=1266498 ascii='BS..)..;.tfM....Dl$'
[2026-06-10 22:19:07] channel BS frame #407: body_len=15 head=29 f0 af 3b dc 74 66 4d 81 d9 d9 0a 44 6c 24 ascii=')..;.tfM....Dl$'
[2026-06-10 22:19:07] channel recv len=17 entropy=4.09 bs_len=17 u16le=21314 u32le=1135426 ascii='BS....Z....1...;v'
[2026-06-10 22:19:07] channel BS frame #408: body_len=13 head=ff f0 5a a2 ef a7 0b 31 de 82 a4 3b 76 ascii='..Z....1...;v'
[2026-06-10 22:19:07] channel recv len=9 entropy=3.17 bs_len=9 u16le=21314 u32le=611138 ascii='BS... ..y'
[2026-06-10 22:19:07] channel BS frame #409: body_len=5 head=bf 20 9e 8c 79 ascii='. ..y'
[2026-06-10 22:19:07] channel recv len=17 entropy=3.97 bs_len=17 u16le=21314 u32le=1135426 ascii='BS..).M....s}.SG.'
[2026-06-10 22:19:07] channel BS frame #410: body_len=13 head=29 dc 4d d9 9a fb d4 73 7d 16 53 47 cd ascii=').M....s}.SG.'
[2026-06-10 22:19:07] channel recv len=17 entropy=4.09 bs_len=17 u16le=21314 u32le=1135426 ascii='BS...b......}8...'
[2026-06-10 22:19:07] channel BS frame #411: body_len=13 head=06 62 f2 83 b6 9a da 9d 7d 38 92 ed a3 ascii='.b......}8...'
[2026-06-10 22:19:07] channel recv len=9 entropy=3.17 bs_len=9 u16le=21314 u32le=611138 ascii='BS.._...y'
[2026-06-10 22:19:07] channel BS frame #412: body_len=5 head=5f 86 ee d5 79 ascii='_...y'
[2026-06-10 22:19:07] channel recv len=11 entropy=3.46 bs_len=11 u16le=21314 u32le=742210 ascii='BS..).IM..K'
[2026-06-10 22:19:07] channel BS frame #413: body_len=7 head=29 dc 49 4d f4 8c 4b ascii=').IM..K'
[2026-06-10 22:19:07] channel recv len=6 entropy=2.58 bs_len=6 u16le=21314 u32le=414530 ascii='BS...r'
[2026-06-10 22:19:07] channel BS frame #414: body_len=2 head=ba 72 ascii='.r'
[2026-06-10 22:19:07] channel recv len=9 entropy=3.17 bs_len=9 u16le=21314 u32le=611138 ascii='BS....~My'
[2026-06-10 22:19:07] channel BS frame #415: body_len=5 head=ff 89 7e 4d 79 ascii='..~My'
[2026-06-10 22:19:07] channel recv len=11 entropy=3.46 bs_len=11 u16le=21314 u32le=742210 ascii='BS..).I...G'
[2026-06-10 22:19:07] channel BS frame #416: body_len=7 head=29 dc 49 cd d4 f8 47 ascii=').I...G'
[2026-06-10 22:19:07] channel recv len=5 entropy=2.32 bs_len=5 u16le=21314 u32le=348994 ascii='BS...'
[2026-06-10 22:19:07] channel BS frame #417: body_len=1 head=c3 ascii='.'
[2026-06-10 22:19:07] channel replay observed client frame #417; server frames sent=174
[2026-06-10 22:19:07] channel recv len=13 entropy=3.70 bs_len=13 u16le=21314 u32le=873282 ascii='BS......{..[.'
[2026-06-10 22:19:07] channel BS frame #418: body_len=9 head=a3 04 e1 f1 7b 19 1a 5b b7 ascii='....{..[.'
[2026-06-10 22:19:08] channel recv len=9 entropy=3.17 bs_len=9 u16le=21314 u32le=611138 ascii='BS..94..y'
[2026-06-10 22:19:08] channel BS frame #419: body_len=5 head=39 34 19 b1 79 ascii='94..y'
[2026-06-10 22:19:08] channel recv len=17 entropy=4.09 bs_len=17 u16le=21314 u32le=1135426 ascii='BS..).M.q..6..,!.'
[2026-06-10 22:19:08] channel BS frame #420: body_len=13 head=29 dc 4d cc 71 1f 09 36 87 a7 2c 21 df ascii=').M.q..6..,!.'
[2026-06-10 22:19:08] channel recv len=17 entropy=4.09 bs_len=17 u16le=21314 u32le=1135426 ascii='BS..Z...N........'
[2026-06-10 22:19:08] channel BS frame #421: body_len=13 head=5a 16 f4 b5 4e 1d a7 1e be f1 ee 94 bf ascii='Z...N........'
[2026-06-10 22:19:08] channel recv len=9 entropy=3.17 bs_len=9 u16le=21314 u32le=611138 ascii='BS...F.wy'
[2026-06-10 22:19:08] channel BS frame #422: body_len=5 head=f5 46 89 77 79 ascii='.F.wy'
[2026-06-10 22:19:08] channel recv len=32 entropy=3.91 bs_len=6 u16le=21314 u32le=414530 ascii='BS..=.BS.. .-.z.#N,BS.....Sz.#N,'
[2026-06-10 22:19:08] channel BS frame #423: body_len=2 head=3d 81 ascii='=.'
[2026-06-10 22:19:08] channel BS frame #424: body_len=9 head=20 93 2d cb 7a f6 23 4e 2c ascii=' .-.z.#N,'
[2026-06-10 22:19:08] channel BS frame #425: body_len=9 head=81 bc 00 53 7a f6 23 4e 2c ascii='...Sz.#N,'
[2026-06-10 22:19:08] channel recv len=17 entropy=4.09 bs_len=17 u16le=21314 u32le=1135426 ascii='BS......I0..)..LA'
[2026-06-10 22:19:08] channel BS frame #426: body_len=13 head=91 f8 de a8 49 30 1f b7 29 8b c5 4c 41 ascii='....I0..)..LA'
[2026-06-10 22:19:08] channel recv len=17 entropy=3.97 bs_len=17 u16le=21314 u32le=1135426 ascii='BS...w...-..V."w+'
[2026-06-10 22:19:08] channel BS frame #427: body_len=13 head=03 77 fd 9e d8 2d a0 8c 56 e5 22 77 2b ascii='.w...-..V."w+'
[2026-06-10 22:19:08] channel recv len=17 entropy=4.09 bs_len=17 u16le=21314 u32le=1135426 ascii='BS..[.%.....9....'
[2026-06-10 22:19:08] channel BS frame #428: body_len=13 head=5b c0 25 98 9d cf ac ce 39 86 a9 85 a4 ascii='[.%.....9....'
[2026-06-10 22:19:08] channel recv len=17 entropy=3.97 bs_len=17 u16le=21314 u32le=1135426 ascii='BS...y......u...k'
[2026-06-10 22:19:08] channel BS frame #429: body_len=13 head=07 79 cc c5 e8 b9 a5 e8 75 13 f2 88 6b ascii='.y......u...k'
[2026-06-10 22:19:08] channel recv len=15 entropy=3.91 bs_len=15 u16le=21314 u32le=1004354 ascii='BS....Le)5.\\..N'
[2026-06-10 22:19:08] channel BS frame #430: body_len=11 head=f1 ad 4c 65 29 35 02 5c a0 e3 4e ascii='..Le)5.\\..N'
[2026-06-10 22:19:08] channel recv len=15 entropy=3.91 bs_len=15 u16le=21314 u32le=1004354 ascii='BS..4....WT.f.e'
[2026-06-10 22:19:08] channel BS frame #431: body_len=11 head=34 9f 99 19 03 57 54 b1 66 e0 65 ascii='4....WT.f.e'
[2026-06-10 22:19:08] channel recv len=17 entropy=4.09 bs_len=17 u16le=21314 u32le=1135426 ascii='BS.........3.&...'
[2026-06-10 22:19:08] channel BS frame #432: body_len=13 head=fb c3 95 8d d9 2e b3 33 ea 26 fc f6 03 ascii='.......3.&...'
[2026-06-10 22:19:09] channel recv len=17 entropy=3.85 bs_len=17 u16le=21314 u32le=1135426 ascii='BS..S......y..1..'
[2026-06-10 22:19:09] channel BS frame #433: body_len=13 head=53 8c 10 c3 99 d4 b5 79 cf 99 31 f6 de ascii='S......y..1..'
[2026-06-10 22:19:09] channel recv len=17 entropy=3.97 bs_len=17 u16le=21314 u32le=1135426 ascii='BS...6.D....M...D'
[2026-06-10 22:19:09] channel BS frame #434: body_len=13 head=03 36 a2 44 c1 be 8f b4 4d 05 d2 10 44 ascii='.6.D....M...D'
[2026-06-10 22:19:09] channel recv len=32 entropy=3.91 bs_len=6 u16le=21314 u32le=414530 ascii='BS..+;BS....*.z.#N,BS.....Sz.#N,'
[2026-06-10 22:19:09] channel BS frame #435: body_len=2 head=2b 3b ascii='+;'
[2026-06-10 22:19:09] channel BS frame #436: body_len=9 head=90 9c 2a bc 7a f6 23 4e 2c ascii='..*.z.#N,'
[2026-06-10 22:19:09] channel BS frame #437: body_len=9 head=81 bc 00 53 7a f6 23 4e 2c ascii='...Sz.#N,'
[2026-06-10 22:19:09] channel recv len=17 entropy=3.97 bs_len=17 u16le=21314 u32le=1135426 ascii='BS.............Fj'
[2026-06-10 22:19:09] channel BS frame #438: body_len=13 head=91 f8 de b4 09 9c cd 06 09 81 03 46 6a ascii='...........Fj'
[2026-06-10 22:19:09] channel recv len=17 entropy=4.09 bs_len=17 u16le=21314 u32le=1135426 ascii='BS..E....x.q.M.Z.'
[2026-06-10 22:19:09] channel BS frame #439: body_len=13 head=45 01 d8 f4 d3 78 1c 71 87 4d bb 5a 1a ascii='E....x.q.M.Z.'
[2026-06-10 22:19:09] channel recv len=17 entropy=4.09 bs_len=17 u16le=21314 u32le=1135426 ascii='BS..}....E....X).'
[2026-06-10 22:19:09] channel BS frame #440: body_len=13 head=7d 1e b4 ed b0 45 13 ef c6 98 58 29 80 ascii='}....E....X).'
[2026-06-10 22:19:09] channel recv len=17 entropy=3.97 bs_len=17 u16le=21314 u32le=1135426 ascii='BS...U........R.U'
[2026-06-10 22:19:09] channel BS frame #441: body_len=13 head=f5 55 a4 82 bf e0 ae fb 05 1f 52 12 55 ascii='.U........R.U'
[2026-06-10 22:19:09] channel recv len=17 entropy=4.09 bs_len=17 u16le=21314 u32le=1135426 ascii='BS..\\....u.....j.'
[2026-06-10 22:19:09] channel BS frame #442: body_len=13 head=5c d4 dd f2 1c 75 ca 80 f5 fb c5 6a f7 ascii='\\....u.....j.'
[2026-06-10 22:19:09] channel recv len=17 entropy=4.09 bs_len=17 u16le=21314 u32le=1135426 ascii='BS...G..).\\..C..r'
[2026-06-10 22:19:09] channel BS frame #443: body_len=13 head=10 47 1f 84 29 cf 5c c7 af 43 09 9c 72 ascii='.G..).\\..C..r'
[2026-06-10 22:19:10] channel recv len=17 entropy=4.09 bs_len=17 u16le=21314 u32le=1135426 ascii='BS....0..8R.y....'
[2026-06-10 22:19:10] channel BS frame #444: body_len=13 head=d8 ee 30 ed 9c 38 52 eb 79 e8 8d 05 19 ascii='..0..8R.y....'
[2026-06-10 22:19:10] channel recv len=17 entropy=4.09 bs_len=17 u16le=21314 u32le=1135426 ascii='BS..).$.m....H.t.'
[2026-06-10 22:19:10] channel BS frame #445: body_len=13 head=29 c4 24 b0 6d 93 8f 95 9c 48 04 74 f0 ascii=').$.m....H.t.'
[2026-06-10 22:19:10] channel recv len=17 entropy=4.09 bs_len=17 u16le=21314 u32le=1135426 ascii='BS..Vs.F;.YqH....'
[2026-06-10 22:19:10] channel BS frame #446: body_len=13 head=56 73 f9 46 3b 08 59 71 48 d7 b1 90 ac ascii='Vs.F;.YqH....'
[2026-06-10 22:19:10] channel recv len=32 entropy=3.98 bs_len=6 u16le=21314 u32le=414530 ascii='BS..I/BS....-.z.#N,BS.....Sz.#N,'
[2026-06-10 22:19:10] channel BS frame #447: body_len=2 head=49 2f ascii='I/'
[2026-06-10 22:19:10] channel BS frame #448: body_len=9 head=85 f1 2d cb 7a f6 23 4e 2c ascii='..-.z.#N,'
[2026-06-10 22:19:10] channel BS frame #449: body_len=9 head=81 bc 00 53 7a f6 23 4e 2c ascii='...Sz.#N,'
[2026-06-10 22:19:10] channel recv len=13 entropy=3.70 bs_len=13 u16le=21314 u32le=873282 ascii='BS........G..'
[2026-06-10 22:19:10] channel BS frame #450: body_len=9 head=91 f8 dc ae f1 14 47 d7 d5 ascii='......G..'
[2026-06-10 22:19:10] channel recv len=13 entropy=3.70 bs_len=13 u16le=21314 u32le=873282 ascii='BS..&.....%.9'
[2026-06-10 22:19:10] channel BS frame #451: body_len=9 head=26 05 d8 e1 8b ed 25 84 39 ascii='&.....%.9'
[2026-06-10 22:19:10] channel recv len=13 entropy=3.70 bs_len=13 u16le=21314 u32le=873282 ascii='BS...:....gQE'
[2026-06-10 22:19:10] channel BS frame #452: body_len=9 head=12 3a e0 10 e1 08 67 51 45 ascii='.:....gQE'
[2026-06-10 22:19:10] channel recv len=17 entropy=4.09 bs_len=17 u16le=21314 u32le=1135426 ascii='BS.. <......E....'
[2026-06-10 22:19:10] channel BS frame #453: body_len=13 head=20 3c 84 04 1e ba 92 db 45 1a 89 b7 d0 ascii=' <......E....'
[2026-06-10 22:19:10] channel recv len=5 entropy=2.32 bs_len=5 u16le=21314 u32le=348994 ascii='BS..5'
[2026-06-10 22:19:10] channel BS frame #454: body_len=1 head=35 ascii='5'
[2026-06-10 22:19:10] channel replay observed client frame #454; server frames sent=182
[2026-06-10 22:19:10] channel recv len=17 entropy=4.09 bs_len=17 u16le=21314 u32le=1135426 ascii='BS...K.G..,."e...'
[2026-06-10 22:19:10] channel BS frame #455: body_len=13 head=85 4b e1 47 7f 81 2c bb 22 65 a1 d9 d4 ascii='.K.G..,."e...'
[2026-06-10 22:19:11] channel recv len=17 entropy=4.09 bs_len=17 u16le=21314 u32le=1135426 ascii="BS.......\\9N.k'.b"
[2026-06-10 22:19:11] channel BS frame #456: body_len=13 head=df b3 d0 eb cd 5c 39 4e f0 6b 27 82 62 ascii=".....\\9N.k'.b"
[2026-06-10 22:19:11] channel recv len=17 entropy=3.97 bs_len=17 u16le=21314 u32le=1135426 ascii='BS..%.-.qqV.@y..&'
[2026-06-10 22:19:11] channel BS frame #457: body_len=13 head=25 bf 2d d0 71 71 56 e5 40 79 ef ca 26 ascii='%.-.qqV.@y..&'
[2026-06-10 22:19:11] channel recv len=17 entropy=4.09 bs_len=17 u16le=21314 u32le=1135426 ascii='BS.....`..V....;.'
[2026-06-10 22:19:11] channel BS frame #458: body_len=13 head=eb e1 1e 60 b3 f1 56 8d b1 7f c4 3b b9 ascii='...`..V....;.'
[2026-06-10 22:19:11] channel recv len=17 entropy=3.97 bs_len=17 u16le=21314 u32le=1135426 ascii='BS...<yHr.r..$.5.'
[2026-06-10 22:19:11] channel BS frame #459: body_len=13 head=e2 3c 79 48 72 07 72 1a 9a 24 ac 35 e9 ascii='.<yHr.r..$.5.'
[2026-06-10 22:19:11] channel recv len=17 entropy=3.97 bs_len=17 u16le=21314 u32le=1135426 ascii='BS....k....j.$..6'
[2026-06-10 22:19:11] channel BS frame #460: body_len=13 head=0b 8b 6b 84 e9 b6 9d 6a dd 24 8b ea 36 ascii='..k....j.$..6'
[2026-06-10 22:19:11] channel recv len=32 entropy=4.66 bs_len=15 u16le=21314 u32le=1004354 ascii='BS..g..V.h.x.~!BS.....*.......h\\'
[2026-06-10 22:19:11] channel BS frame #461: body_len=11 head=67 c6 e6 56 c4 68 cc 78 07 7e 21 ascii='g..V.h.x.~!'
[2026-06-10 22:19:11] channel BS frame #462: body_len=13 head=c3 90 a8 2a 1c f7 8a fe f9 00 13 68 5c ascii='...*.......h\\'
[2026-06-10 22:19:11] channel recv len=17 entropy=3.97 bs_len=17 u16le=21314 u32le=1135426 ascii='BS..g.:.(F.\\...J['
[2026-06-10 22:19:11] channel BS frame #463: body_len=13 head=67 db 3a d4 28 46 8c 5c 8c 03 eb 4a 5b ascii='g.:.(F.\\...J['
[2026-06-10 22:19:11] channel recv len=32 entropy=4.75 bs_len=15 u16le=21314 u32le=1004354 ascii='BS..3[.L.hse.o.BS..Fn.=.3.0%...\\'
[2026-06-10 22:19:11] channel BS frame #464: body_len=11 head=33 5b f4 4c c4 68 73 65 c8 6f bd ascii='3[.L.hse.o.'
[2026-06-10 22:19:11] channel BS frame #465: body_len=13 head=46 6e ca 3d d1 33 01 30 25 fb 17 a2 5c ascii='Fn.=.3.0%...\\'
[2026-06-10 22:19:11] channel recv len=17 entropy=4.09 bs_len=17 u16le=21314 u32le=1135426 ascii='BS..g.:.....y$.W.'
[2026-06-10 22:19:11] channel BS frame #466: body_len=13 head=67 db 3a c1 c3 af ec 92 79 24 b7 57 07 ascii='g.:.....y$.W.'
[2026-06-10 22:19:11] channel recv len=32 entropy=4.81 bs_len=15 u16le=21314 u32le=1004354 ascii='BS.....L.h?..7JBS....t....w.C...'
[2026-06-10 22:19:11] channel BS frame #467: body_len=11 head=7f ed fd 4c c4 68 3f de cd 37 4a ascii='...L.h?..7J'
[2026-06-10 22:19:11] channel BS frame #468: body_len=13 head=9d 17 74 0c 08 ec 02 77 dc 43 f6 96 c6 ascii='..t....w.C...'
[2026-06-10 22:19:11] channel recv len=17 entropy=4.09 bs_len=17 u16le=21314 u32le=1135426 ascii='BS..g.:.+.\\.....b'
[2026-06-10 22:19:11] channel BS frame #469: body_len=13 head=67 db 3a 2e 2b c0 5c a5 0a 9a 0b ae 62 ascii='g.:.+.\\.....b'
[2026-06-10 22:19:12] channel recv len=32 entropy=4.69 bs_len=15 u16le=21314 u32le=1004354 ascii='BS..39.L.h.#...BS.....u.L.+.0r./'
[2026-06-10 22:19:12] channel BS frame #470: body_len=11 head=33 39 06 4c c4 68 19 23 f8 b5 91 ascii='39.L.h.#...'
[2026-06-10 22:19:12] channel BS frame #471: body_len=13 head=ad 98 c5 75 a8 4c c9 2b b9 30 72 11 2f ascii='...u.L.+.0r./'
[2026-06-10 22:19:12] channel recv len=17 entropy=4.09 bs_len=17 u16le=21314 u32le=1135426 ascii='BS..g.:..N...6(..'
[2026-06-10 22:19:12] channel BS frame #472: body_len=13 head=67 db 3a 18 b2 4e 0a c8 bf 36 28 10 1c ascii='g.:..N...6(..'
[2026-06-10 22:19:12] channel recv len=32 entropy=4.69 bs_len=15 u16le=21314 u32le=1004354 ascii='BS...ni..h.AX.CBS..[>6..3iz...+/'
[2026-06-10 22:19:12] channel BS frame #473: body_len=11 head=a5 6e 69 d5 c4 68 fd 41 58 04 43 ascii='.ni..h.AX.C'
[2026-06-10 22:19:12] channel BS frame #474: body_len=13 head=5b 3e 36 81 dc 33 69 7a 9f c7 d5 2b 2f ascii='[>6..3iz...+/'
[2026-06-10 22:19:12] channel recv len=17 entropy=3.97 bs_len=17 u16le=21314 u32le=1135426 ascii='BS..g.:.@m.O.=.[`'
[2026-06-10 22:19:12] channel BS frame #475: body_len=13 head=67 db 3a 09 40 6d 00 4f 12 3d d8 5b 60 ascii='g.:.@m.O.=.[`'
[2026-06-10 22:19:12] channel recv len=17 entropy=3.97 bs_len=17 u16le=21314 u32le=1135426 ascii='BS....0.|....e...'
[2026-06-10 22:19:12] channel BS frame #476: body_len=13 head=d4 c5 30 f5 7c 11 b8 87 c2 65 bf ad 02 ascii='..0.|....e...'
[2026-06-10 22:19:12] channel recv len=17 entropy=4.09 bs_len=17 u16le=21314 u32le=1135426 ascii='BS....,....2.T...'
[2026-06-10 22:19:12] channel BS frame #477: body_len=13 head=b5 a9 2c ea 89 1b 13 32 f2 54 a4 ed 85 ascii='..,....2.T...'
[2026-06-10 22:19:12] channel recv len=32 entropy=4.69 bs_len=15 u16le=21314 u32le=1004354 ascii='BS...n.;.h....GBS...r.Y..U0n..g/'
[2026-06-10 22:19:12] channel BS frame #478: body_len=11 head=c5 6e a6 3b c4 68 ab 83 87 8d 47 ascii='.n.;.h....G'
[2026-06-10 22:19:12] channel BS frame #479: body_len=13 head=ab 72 d5 59 dc 1d 55 30 6e ea c2 67 2f ascii='.r.Y..U0n..g/'
[2026-06-10 22:19:12] channel recv len=13 entropy=3.70 bs_len=13 u16le=21314 u32le=873282 ascii='BS..g.8b...l+'
[2026-06-10 22:19:12] channel BS frame #480: body_len=9 head=67 db 38 62 12 c0 c9 6c 2b ascii='g.8b...l+'
[2026-06-10 22:19:12] channel recv len=17 entropy=3.97 bs_len=17 u16le=21314 u32le=1135426 ascii='BS...B..q.c.y.a..'
[2026-06-10 22:19:12] channel BS frame #481: body_len=13 head=e4 42 18 9e 71 d7 63 8b 79 92 61 0f 08 ascii='.B..q.c.y.a..'
[2026-06-10 22:19:12] channel recv len=17 entropy=4.09 bs_len=17 u16le=21314 u32le=1135426 ascii='BS...*..../..i._6'
[2026-06-10 22:19:12] channel BS frame #482: body_len=13 head=d3 2a b8 b5 0c 02 2f 0f 96 69 e4 5f 36 ascii='.*..../..i._6'
[2026-06-10 22:19:12] channel recv len=32 entropy=4.66 bs_len=15 u16le=21314 u32le=1004354 ascii='BS..K..L.h...S&BS....Dz....D.,i/'
[2026-06-10 22:19:12] channel BS frame #483: body_len=11 head=4b f6 e4 4c c4 68 90 a6 da 53 26 ascii='K..L.h...S&'
[2026-06-10 22:19:12] channel BS frame #484: body_len=13 head=8c 8b 44 7a c5 c9 e0 85 44 b2 2c 69 2f ascii='..Dz....D.,i/'
[2026-06-10 22:19:12] channel recv len=17 entropy=4.09 bs_len=17 u16le=21314 u32le=1135426 ascii='BS..g.:..n.Y...@1'
[2026-06-10 22:19:12] channel BS frame #485: body_len=13 head=67 db 3a 8c ef 6e f7 59 d7 81 16 40 31 ascii='g.:..n.Y...@1'
[2026-06-10 22:19:13] channel recv len=32 entropy=4.62 bs_len=15 u16le=21314 u32le=1004354 ascii='BS.....L.h..mUsBS...0.Ps./=..../'
[2026-06-10 22:19:13] channel BS frame #486: body_len=11 head=aa 9f a7 4c c4 68 93 1d 6d 55 73 ascii='...L.h..mUs'
[2026-06-10 22:19:13] channel BS frame #487: body_len=13 head=af 30 f1 50 73 fe 2f 3d fe e5 e9 96 2f ascii='.0.Ps./=..../'
[2026-06-10 22:19:13] channel recv len=17 entropy=3.97 bs_len=17 u16le=21314 u32le=1135426 ascii='BS..g.:......V.m]'
[2026-06-10 22:19:13] channel BS frame #488: body_len=13 head=67 db 3a f8 ca db 9f b3 e6 56 90 6d 5d ascii='g.:......V.m]'
[2026-06-10 22:19:13] channel recv len=32 entropy=4.81 bs_len=15 u16le=21314 u32le=1004354 ascii='BS.....L.h.9if.BS.........w.>[./'
[2026-06-10 22:19:13] channel BS frame #489: body_len=11 head=b9 9f a7 4c c4 68 e7 39 69 66 96 ascii='...L.h.9if.'
[2026-06-10 22:19:13] channel BS frame #490: body_len=13 head=d2 95 ef 18 0e b3 84 77 e3 3e 5b fd 2f ascii='.......w.>[./'
[2026-06-10 22:19:13] channel recv len=17 entropy=4.09 bs_len=17 u16le=21314 u32le=1135426 ascii='BS..g.:........n.'
[2026-06-10 22:19:13] channel BS frame #491: body_len=13 head=67 db 3a eb 14 9b b7 ec 10 a8 ae 6e 99 ascii='g.:........n.'
[2026-06-10 22:19:13] channel recv len=32 entropy=4.73 bs_len=15 u16le=21314 u32le=1004354 ascii='BS..Ti.L.h..B.(BS....-...E.FYX./'
[2026-06-10 22:19:13] channel BS frame #492: body_len=11 head=54 69 f0 4c c4 68 e6 af 42 8d 28 ascii='Ti.L.h..B.('
[2026-06-10 22:19:13] channel BS frame #493: body_len=13 head=b7 07 2d c0 ec be 45 d5 46 59 58 d2 2f ascii='..-...E.FYX./'
[2026-06-10 22:19:13] channel recv len=17 entropy=3.97 bs_len=17 u16le=21314 u32le=1135426 ascii='BS..g.:...b7~..T.'
[2026-06-10 22:19:13] channel BS frame #494: body_len=13 head=67 db 3a d7 93 e4 62 37 7e d0 aa 54 e4 ascii='g.:...b7~..T.'
[2026-06-10 22:19:13] channel recv len=17 entropy=4.09 bs_len=17 u16le=21314 u32le=1135426 ascii='BS.."..)`d}f.I...'
[2026-06-10 22:19:13] channel BS frame #495: body_len=13 head=22 af a1 29 60 64 7d 66 85 49 ba de 0c ascii='"..)`d}f.I...'
[2026-06-10 22:19:13] channel recv len=32 entropy=4.81 bs_len=15 u16le=21314 u32le=1004354 ascii='BS.......h...$}BS..69.{.....2Nw/'
[2026-06-10 22:19:13] channel BS frame #496: body_len=11 head=c2 d2 d5 a5 c4 68 06 d0 0b 24 7d ascii='.....h...$}'
[2026-06-10 22:19:13] channel BS frame #497: body_len=13 head=36 39 92 7b bb f4 f7 8f f1 32 4e 77 2f ascii='69.{.....2Nw/'
[2026-06-10 22:19:13] channel recv len=17 entropy=4.09 bs_len=17 u16le=21314 u32le=1135426 ascii='BS..g.:#..W..ts4.'
[2026-06-10 22:19:13] channel BS frame #498: body_len=13 head=67 db 3a 23 95 13 57 9b 1c 74 73 34 15 ascii='g.:#..W..ts4.'
[2026-06-10 22:19:13] channel recv len=32 entropy=4.75 bs_len=15 u16le=21314 u32le=1004354 ascii='BS.....K.h.0.o.BS...E*...R.I...X'
[2026-06-10 22:19:13] channel BS frame #499: body_len=11 head=9a 01 96 4b c4 68 91 30 9a 6f 83 ascii='...K.h.0.o.'
[2026-06-10 22:19:13] channel BS frame #500: body_len=13 head=1c 45 2a c0 ec fb 52 a0 49 81 d5 86 58 ascii='.E*...R.I...X'
[2026-06-10 22:19:13] channel client plain frame #500: len=17 entropy=3.29 bs_len=17 u16le=21314 u32le=1135426 ascii='BS..u...=...=....'
[2026-06-10 22:19:13] channel recv len=17 entropy=4.09 bs_len=17 u16le=21314 u32le=1135426 ascii='BS..g.:.qG..f.j..'
[2026-06-10 22:19:13] channel BS frame #501: body_len=13 head=67 db 3a 01 71 47 dc 16 66 87 6a a7 a0 ascii='g.:.qG..f.j..'
[2026-06-10 22:19:13] channel recv len=32 entropy=4.75 bs_len=15 u16le=21314 u32le=1004354 ascii='BS.....K.h.JY.0BS.......9?.....X'
[2026-06-10 22:19:13] channel BS frame #502: body_len=11 head=a0 01 96 4b c4 68 85 4a 59 b6 30 ascii='...K.h.JY.0'
[2026-06-10 22:19:13] channel BS frame #503: body_len=13 head=df 80 b3 c0 ec 39 3f 85 ca 02 a9 8f 58 ascii='.....9?.....X'
[2026-06-10 22:19:13] channel recv len=17 entropy=4.09 bs_len=17 u16le=21314 u32le=1135426 ascii='BS..g.:b.}yFV.(.v'
[2026-06-10 22:19:13] channel BS frame #504: body_len=13 head=67 db 3a 62 93 7d 79 46 56 e4 28 06 76 ascii='g.:b.}yFV.(.v'
[2026-06-10 22:19:13] channel recv len=5 entropy=2.32 bs_len=5 u16le=21314 u32le=348994 ascii='BS...'
[2026-06-10 22:19:13] channel BS frame #505: body_len=1 head=c3 ascii='.'
[2026-06-10 22:19:13] channel replay observed client frame #505; server frames sent=192
[2026-06-10 22:19:13] channel recv len=32 entropy=4.81 bs_len=15 u16le=21314 u32le=1004354 ascii='BS.......h..onrBS....*..9?.....X'
[2026-06-10 22:19:13] channel BS frame #506: body_len=11 head=a4 f3 d4 aa c4 68 dd 8e 6f 6e 72 ascii='.....h..onr'
[2026-06-10 22:19:13] channel BS frame #507: body_len=13 head=0d 8b 2a c0 ec 39 3f 85 ca 02 a9 8f 58 ascii='..*..9?.....X'
[2026-06-10 22:19:13] channel recv len=17 entropy=4.09 bs_len=17 u16le=21314 u32le=1135426 ascii='BS..g.:A.0.@.N+.J'
[2026-06-10 22:19:13] channel BS frame #508: body_len=13 head=67 db 3a 41 e1 30 99 40 de 4e 2b f9 4a ascii='g.:A.0.@.N+.J'
[2026-06-10 22:19:13] channel recv len=15 entropy=3.91 bs_len=15 u16le=21314 u32le=1004354 ascii='BS....>...T...s'
[2026-06-10 22:19:13] channel BS frame #509: body_len=11 head=9e 85 3e bc 9c c8 54 a6 87 c5 73 ascii='..>...T...s'
[2026-06-10 22:19:14] channel recv len=17 entropy=4.09 bs_len=17 u16le=21314 u32le=1135426 ascii='BS...Y0......W..9'
[2026-06-10 22:19:14] channel BS frame #510: body_len=13 head=c4 59 30 9c fd c9 ac bb d9 57 94 83 39 ascii='.Y0......W..9'
[2026-06-10 22:19:14] channel recv len=17 entropy=4.09 bs_len=17 u16le=21314 u32le=1135426 ascii='BS...>.6&...dcD..'
[2026-06-10 22:19:14] channel BS frame #511: body_len=13 head=fe 3e bd 36 26 a2 8d 9b 64 63 44 85 db ascii='.>.6&...dcD..'
[2026-06-10 22:19:14] channel recv len=17 entropy=4.09 bs_len=17 u16le=21314 u32le=1135426 ascii='BS..P......0...[.'
[2026-06-10 22:19:14] channel BS frame #512: body_len=13 head=50 ce ff d7 0c b1 e2 30 86 f8 d4 5b bc ascii='P......0...[.'
[2026-06-10 22:19:14] channel recv len=19 entropy=4.25 bs_len=19 u16le=21314 u32le=1266498 ascii='BS....G.c....H.k...'
[2026-06-10 22:19:14] channel BS frame #513: body_len=15 head=a7 e3 47 f6 63 cd 97 a2 d7 48 10 6b 82 0b fc ascii='..G.c....H.k...'
[2026-06-10 22:19:14] channel recv len=32 entropy=4.75 bs_len=15 u16le=21314 u32le=1004354 ascii='BS..1vk..hk63."BS...9...E;...XW/'
[2026-06-10 22:19:14] channel BS frame #514: body_len=11 head=31 76 6b 92 c4 68 6b 36 33 b6 22 ascii='1vk..hk63."'
[2026-06-10 22:19:14] channel BS frame #515: body_len=13 head=fb 39 87 bd 83 45 3b cf fd 13 58 57 2f ascii='.9...E;...XW/'
[2026-06-10 22:19:14] channel recv len=19 entropy=4.14 bs_len=19 u16le=21314 u32le=1266498 ascii='BS..g...J.....mc.5.'
[2026-06-10 22:19:14] channel BS frame #516: body_len=15 head=67 ed a2 92 4a a9 a9 18 a0 ee 6d 63 d1 35 d8 ascii='g...J.....mc.5.'
[2026-06-10 22:19:14] channel recv len=19 entropy=4.25 bs_len=19 u16le=21314 u32le=1266498 ascii='BS......K,....AGP.O'
[2026-06-10 22:19:14] channel BS frame #517: body_len=15 head=a7 90 dc da 4b 2c eb 0f 0b e4 41 47 50 e8 4f ascii='....K,....AGP.O'
[2026-06-10 22:19:14] channel recv len=32 entropy=4.69 bs_len=15 u16le=21314 u32le=1004354 ascii='BS..L..&.h.vj.]BS...}...4....7.X'
[2026-06-10 22:19:14] channel BS frame #518: body_len=11 head=4c df b5 26 c4 68 0f 76 6a 1c 5d ascii='L..&.h.vj.]'
[2026-06-10 22:19:14] channel BS frame #519: body_len=13 head=ba 7d de c0 ec 34 90 b5 13 01 37 88 58 ascii='.}...4....7.X'
[2026-06-10 22:19:14] channel recv len=17 entropy=4.09 bs_len=17 u16le=21314 u32le=1135426 ascii='BS..g.:.~8Po...Q.'
[2026-06-10 22:19:14] channel BS frame #520: body_len=13 head=67 db 3a 83 7e 38 50 6f 8e 89 c8 51 96 ascii='g.:.~8Po...Q.'
[2026-06-10 22:19:14] channel recv len=19 entropy=4.25 bs_len=19 u16le=21314 u32le=1266498 ascii='BS..pqQi.Dg......mw'
[2026-06-10 22:19:14] channel BS frame #521: body_len=15 head=70 71 51 69 b1 44 67 93 06 ef ea 8c 94 6d 77 ascii='pqQi.Dg......mw'
[2026-06-10 22:19:14] channel recv len=19 entropy=4.25 bs_len=19 u16le=21314 u32le=1266498 ascii='BS..."...t.....R...'
[2026-06-10 22:19:14] channel BS frame #522: body_len=15 head=91 22 98 9c cf 74 c9 01 fb 8c e2 52 02 99 c1 ascii='."...t.....R...'
[2026-06-10 22:19:14] channel recv len=32 entropy=4.81 bs_len=15 u16le=21314 u32le=1004354 ascii='BS.....V.hd...tBS..!8...9?.....X'
[2026-06-10 22:19:14] channel BS frame #523: body_len=11 head=97 b6 0d 56 c4 68 64 a6 ee fe 74 ascii='...V.hd...t'
[2026-06-10 22:19:14] channel BS frame #524: body_len=13 head=21 38 ae c0 ec 39 3f 85 ca 02 a9 8f 58 ascii='!8...9?.....X'
[2026-06-10 22:19:14] channel recv len=17 entropy=3.97 bs_len=17 u16le=21314 u32le=1135426 ascii='BS..g.:L_..k.r..U'
[2026-06-10 22:19:14] channel BS frame #525: body_len=13 head=67 db 3a 4c 5f e3 92 6b db 72 aa b6 55 ascii='g.:L_..k.r..U'
[2026-06-10 22:19:14] channel recv len=32 entropy=4.75 bs_len=15 u16le=21314 u32le=1004354 ascii='BS..?. ..h.q...BS...M>..9?.....X'
[2026-06-10 22:19:14] channel BS frame #526: body_len=11 head=3f b4 20 b1 c4 68 01 71 8a a3 1a ascii='?. ..h.q...'
[2026-06-10 22:19:14] channel BS frame #527: body_len=13 head=86 4d 3e c0 ec 39 3f 85 ca 02 a9 8f 58 ascii='.M>..9?.....X'
[2026-06-10 22:19:14] channel recv len=19 entropy=4.25 bs_len=19 u16le=21314 u32le=1266498 ascii='BS..g..+k..i..d&7L.'
[2026-06-10 22:19:14] channel BS frame #528: body_len=15 head=67 e7 bc 2b 6b d3 fa 69 80 aa 64 26 37 4c e3 ascii='g..+k..i..d&7L.'
[2026-06-10 22:19:14] channel recv len=15 entropy=3.91 bs_len=15 u16le=21314 u32le=1004354 ascii='BS.......ak..5.'
[2026-06-10 22:19:14] channel BS frame #529: body_len=11 head=c9 19 b5 0b 95 61 6b 8a e4 35 f2 ascii='.....ak..5.'
[2026-06-10 22:19:15] channel recv len=17 entropy=4.09 bs_len=17 u16le=21314 u32le=1135426 ascii='BS..$hc>O......\\.'
[2026-06-10 22:19:15] channel BS frame #530: body_len=13 head=24 68 63 3e 4f ef d6 85 f1 84 f3 5c dc ascii='$hc>O......\\.'
[2026-06-10 22:19:15] channel recv len=19 entropy=4.04 bs_len=19 u16le=21314 u32le=1266498 ascii='BS..0UO0.....Z...F.'
[2026-06-10 22:19:15] channel BS frame #531: body_len=15 head=30 55 4f 30 d4 9c be 2e bf 5a e3 1b 00 46 dc ascii='0UO0.....Z...F.'
[2026-06-10 22:19:15] channel recv len=19 entropy=4.14 bs_len=19 u16le=21314 u32le=1266498 ascii='BS........b...... .'
[2026-06-10 22:19:15] channel BS frame #532: body_len=15 head=0c e7 97 9a c6 9c 62 cb 10 03 99 e6 eb 20 e7 ascii='......b...... .'
[2026-06-10 22:19:15] channel recv len=19 entropy=4.25 bs_len=19 u16le=21314 u32le=1266498 ascii='BS.. ..g....[.k6_..'
[2026-06-10 22:19:15] channel BS frame #533: body_len=15 head=20 b0 a1 67 ee f8 9c ac 5b a6 6b 36 5f 15 ca ascii=' ..g....[.k6_..'
[2026-06-10 22:19:15] channel recv len=13 entropy=3.70 bs_len=13 u16le=21314 u32le=873282 ascii='BS..s,N....ji'
[2026-06-10 22:19:15] channel BS frame #534: body_len=9 head=73 2c 4e d4 b7 b6 e3 6a 69 ascii='s,N....ji'
[2026-06-10 22:19:15] channel recv len=13 entropy=3.70 bs_len=13 u16le=21314 u32le=873282 ascii='BS.....V...M.'
[2026-06-10 22:19:15] channel BS frame #535: body_len=9 head=86 b8 d4 56 a6 f5 1a 4d a2 ascii='...V...M.'
[2026-06-10 22:19:15] channel recv len=17 entropy=4.09 bs_len=17 u16le=21314 u32le=1135426 ascii='BS....u+.."....).'
[2026-06-10 22:19:15] channel BS frame #536: body_len=13 head=16 04 75 2b a5 99 22 cf 8a a9 bc 29 94 ascii='..u+.."....).'
[2026-06-10 22:19:15] channel recv len=19 entropy=4.14 bs_len=19 u16le=21314 u32le=1266498 ascii='BS...../.Z.x..U....'
[2026-06-10 22:19:15] channel BS frame #537: body_len=15 head=ef 9b fc 2f c7 5a 9a 78 cd f0 55 cd f9 d8 d1 ascii='.../.Z.x..U....'
[2026-06-10 22:19:15] channel recv len=19 entropy=4.04 bs_len=19 u16le=21314 u32le=1266498 ascii='BS..w...d..B[...&..'
[2026-06-10 22:19:15] channel BS frame #538: body_len=15 head=77 e8 d1 1e 64 1e f4 42 5b dc 1d f5 26 8e d7 ascii='w...d..B[...&..'
[2026-06-10 22:19:15] channel recv len=19 entropy=4.25 bs_len=19 u16le=21314 u32le=1266498 ascii='BS....F.._(4[......'
[2026-06-10 22:19:15] channel BS frame #539: body_len=15 head=8e 80 46 b0 f4 5f 28 34 5b d6 03 e8 f1 1f ec ascii='..F.._(4[......'
[2026-06-10 22:19:15] channel recv len=17 entropy=3.97 bs_len=17 u16le=21314 u32le=1135426 ascii='BS...V..q|...@...'
[2026-06-10 22:19:15] channel BS frame #540: body_len=13 head=83 56 0c a7 71 7c eb 89 9d 40 00 0b af ascii='.V..q|...@...'
[2026-06-10 22:19:15] channel recv len=19 entropy=4.25 bs_len=19 u16le=21314 u32le=1266498 ascii='BS...u.G...9n...g..'
[2026-06-10 22:19:15] channel BS frame #541: body_len=15 head=ae 75 0e 47 fd aa c4 39 6e 91 15 ad 67 ab 17 ascii='.u.G...9n...g..'
[2026-06-10 22:19:15] channel recv len=33 entropy=3.97 bs_len=13 u16le=21314 u32le=873282 ascii='BS..9.M.z.#N,BS.....Sz.#N,BS.....'
[2026-06-10 22:19:15] channel BS frame #542: body_len=9 head=39 df 4d e7 7a f6 23 4e 2c ascii='9.M.z.#N,'
[2026-06-10 22:19:15] channel BS frame #543: body_len=9 head=81 bc 00 53 7a f6 23 4e 2c ascii='...Sz.#N,'
[2026-06-10 22:19:15] channel BS frame #544: body_len=3 head=86 0d dd ascii='...'
[2026-06-10 22:19:16] channel recv len=17 entropy=3.97 bs_len=17 u16le=21314 u32le=1135426 ascii='BS...2...=.2.*../'
[2026-06-10 22:19:16] channel BS frame #545: body_len=13 head=8b 32 c9 93 14 3d 82 32 ab 2a 05 c2 2f ascii='.2...=.2.*../'
[2026-06-10 22:19:16] channel recv len=15 entropy=3.91 bs_len=15 u16le=21314 u32le=1004354 ascii='BS...>.....2@..'
[2026-06-10 22:19:16] channel BS frame #546: body_len=11 head=fe 3e ff 09 bd eb ca 32 40 c5 01 ascii='.>.....2@..'
[2026-06-10 22:19:16] channel recv len=13 entropy=3.70 bs_len=13 u16le=21314 u32le=873282 ascii='BS..k..p!.q..'
[2026-06-10 22:19:16] channel BS frame #547: body_len=9 head=6b 89 88 70 21 b4 71 d7 0f ascii='k..p!.q..'
[2026-06-10 22:19:16] channel recv len=17 entropy=3.97 bs_len=17 u16le=21314 u32le=1135426 ascii='BS...>...;;..o%Oq'
[2026-06-10 22:19:16] channel BS frame #548: body_len=13 head=0b 3e 97 ea f8 3b 3b dc 1c 6f 25 4f 71 ascii='.>...;;..o%Oq'
[2026-06-10 22:19:16] channel recv len=17 entropy=4.09 bs_len=17 u16le=21314 u32le=1135426 ascii='BS..+..?..r....#.'
[2026-06-10 22:19:16] channel BS frame #549: body_len=13 head=2b 98 13 3f b9 9f 72 a8 1c fa bd 23 16 ascii='+..?..r....#.'
[2026-06-10 22:19:16] channel recv len=17 entropy=4.09 bs_len=17 u16le=21314 u32le=1135426 ascii='BS........}OJ..."'
[2026-06-10 22:19:16] channel BS frame #550: body_len=13 head=e0 95 d1 fb c9 f5 7d 4f 4a 9e e6 bf 22 ascii='......}OJ..."'
[2026-06-10 22:19:16] channel recv len=17 entropy=4.09 bs_len=17 u16le=21314 u32le=1135426 ascii='BS.....;F.a.! ...'
[2026-06-10 22:19:16] channel BS frame #551: body_len=13 head=db bf ea 3b 46 fe 61 85 21 20 01 80 c7 ascii='...;F.a.! ...'
[2026-06-10 22:19:16] channel recv len=17 entropy=4.09 bs_len=17 u16le=21314 u32le=1135426 ascii='BS..Y..2.|s.!/[lw'
[2026-06-10 22:19:16] channel BS frame #552: body_len=13 head=59 a9 cb 32 cf 7c 73 ad 21 2f 5b 6c 77 ascii='Y..2.|s.!/[lw'
[2026-06-10 22:19:16] channel recv len=5 entropy=2.32 bs_len=5 u16le=21314 u32le=348994 ascii='BS...'
[2026-06-10 22:19:16] channel BS frame #553: body_len=1 head=a5 ascii='.'
[2026-06-10 22:19:16] channel replay observed client frame #553; server frames sent=202
[2026-06-10 22:19:16] channel recv len=17 entropy=4.09 bs_len=17 u16le=21314 u32le=1135426 ascii='BS..p.h..Z... ..x'
[2026-06-10 22:19:16] channel BS frame #554: body_len=13 head=70 be 68 99 ae 5a 14 f7 7f 20 92 0c 78 ascii='p.h..Z... ..x'
[2026-06-10 22:19:17] channel recv len=17 entropy=4.09 bs_len=17 u16le=21314 u32le=1135426 ascii='BS...4^1.....K...'
[2026-06-10 22:19:17] channel BS frame #555: body_len=13 head=12 34 5e 31 fa 14 e0 d7 16 4b db a9 b3 ascii='.4^1.....K...'
[2026-06-10 22:19:17] channel recv len=17 entropy=4.09 bs_len=17 u16le=21314 u32le=1135426 ascii='BS....Dj..Y..w...'
[2026-06-10 22:19:17] channel BS frame #556: body_len=13 head=cf ee 44 6a 86 9c 59 19 96 77 e9 b2 1e ascii='..Dj..Y..w...'
[2026-06-10 22:19:17] channel recv len=19 entropy=4.25 bs_len=19 u16le=21314 u32le=1266498 ascii="BS......'+..j>....."
[2026-06-10 22:19:17] channel BS frame #557: body_len=15 head=d3 a8 d2 c4 27 2b 0b c2 6a 3e 08 a2 0f af c5 ascii="....'+..j>....."
[2026-06-10 22:19:17] channel recv len=17 entropy=4.09 bs_len=17 u16le=21314 u32le=1135426 ascii='BS.....J..c..`...'
[2026-06-10 22:19:17] channel BS frame #558: body_len=13 head=9b 04 c4 4a c2 09 63 bb b5 60 ac c1 1e ascii='...J..c..`...'
[2026-06-10 22:19:17] channel recv len=17 entropy=3.97 bs_len=17 u16le=21314 u32le=1135426 ascii='BS........OQ%...Q'
[2026-06-10 22:19:17] channel BS frame #559: body_len=13 head=b1 ef cd 0f 9e 8c 4f 51 25 bd a3 17 51 ascii='......OQ%...Q'
[2026-06-10 22:19:17] channel recv len=17 entropy=4.09 bs_len=17 u16le=21314 u32le=1135426 ascii='BS.......u.....N{'
[2026-06-10 22:19:17] channel BS frame #560: body_len=13 head=9d c6 ef c1 90 75 91 c9 a0 ae 81 4e 7b ascii='.....u.....N{'
[2026-06-10 22:19:17] channel recv len=15 entropy=3.77 bs_len=15 u16le=21314 u32le=1004354 ascii='BS...f.......p.'
[2026-06-10 22:19:17] channel BS frame #561: body_len=11 head=e2 66 97 c9 0b f4 9f 9f c6 70 b1 ascii='.f.......p.'
[2026-06-10 22:19:17] channel recv len=15 entropy=3.91 bs_len=15 u16le=21314 u32le=1004354 ascii='BS...V...c_.Z..'
[2026-06-10 22:19:17] channel BS frame #562: body_len=11 head=cd 56 a5 eb ff 63 5f 91 5a 82 c2 ascii='.V...c_.Z..'
[2026-06-10 22:19:17] channel recv len=9 entropy=3.17 bs_len=9 u16le=21314 u32le=611138 ascii='BS..]2..T'
[2026-06-10 22:19:17] channel BS frame #563: body_len=5 head=5d 32 ce c9 54 ascii=']2..T'
[2026-06-10 22:19:17] channel recv len=17 entropy=4.09 bs_len=17 u16le=21314 u32le=1135426 ascii='BS....:g........q'
[2026-06-10 22:19:17] channel BS frame #564: body_len=13 head=94 db 3a 67 15 16 8f ea 07 de c0 f2 71 ascii='..:g........q'
[2026-06-10 22:19:17] channel recv len=19 entropy=4.14 bs_len=19 u16le=21314 u32le=1266498 ascii="BS...d.Ed....'}6..="
[2026-06-10 22:19:17] channel BS frame #565: body_len=15 head=10 64 a2 45 64 c7 1f 19 93 27 7d 36 02 ee 3d ascii=".d.Ed....'}6..="
[2026-06-10 22:19:17] channel recv len=17 entropy=3.85 bs_len=17 u16le=21314 u32le=1135426 ascii='BS...... .r.C....'
[2026-06-10 22:19:17] channel BS frame #566: body_len=13 head=d9 c6 f4 c0 20 8b 72 d1 43 f8 b1 00 f8 ascii='.... .r.C....'
[2026-06-10 22:19:18] channel recv len=19 entropy=4.14 bs_len=19 u16le=21314 u32le=1266498 ascii='BS..*0*$(@`[....1d.'
[2026-06-10 22:19:18] channel BS frame #567: body_len=15 head=2a 30 2a 24 28 40 60 5b 96 db 7f bc 31 64 1d ascii='*0*$(@`[....1d.'
[2026-06-10 22:19:18] channel recv len=13 entropy=3.70 bs_len=13 u16le=21314 u32le=873282 ascii='BS...?,...q..'
[2026-06-10 22:19:18] channel BS frame #568: body_len=9 head=d3 3f 2c f1 a3 ad 71 f8 fb ascii='.?,...q..'
[2026-06-10 22:19:18] channel recv len=17 entropy=4.09 bs_len=17 u16le=21314 u32le=1135426 ascii='BS.........}....|'
[2026-06-10 22:19:18] channel BS frame #569: body_len=13 head=eb b4 da 92 f9 80 8f 7d b2 9a bf f8 7c ascii='.......}....|'
[2026-06-10 22:19:18] channel recv len=17 entropy=4.09 bs_len=17 u16le=21314 u32le=1135426 ascii='BS..)!....W...,}+'
[2026-06-10 22:19:18] channel BS frame #570: body_len=13 head=29 21 86 04 b7 83 57 2e a7 bc 2c 7d 2b ascii=')!....W...,}+'
[2026-06-10 22:19:18] channel recv len=17 entropy=4.09 bs_len=17 u16le=21314 u32le=1135426 ascii='BS.....b...{Y....'
[2026-06-10 22:19:18] channel BS frame #571: body_len=13 head=8f b2 bb 62 f3 da 0b 7b 59 ee eb c7 c9 ascii='...b...{Y....'
[2026-06-10 22:19:18] channel recv len=17 entropy=3.97 bs_len=17 u16le=21314 u32le=1135426 ascii='BS....NT.........'
[2026-06-10 22:19:18] channel BS frame #572: body_len=13 head=9c aa 4e 54 f7 b0 b8 c4 9a df aa 15 05 ascii='..NT.........'
[2026-06-10 22:19:18] channel recv len=17 entropy=3.73 bs_len=17 u16le=21314 u32le=1135426 ascii='BS....8..8....#.S'
[2026-06-10 22:19:18] channel BS frame #573: body_len=13 head=8e 00 38 18 b1 38 df 9b ab 19 23 09 53 ascii='..8..8....#.S'
[2026-06-10 22:19:18] channel recv len=19 entropy=4.25 bs_len=19 u16le=21314 u32le=1266498 ascii='BS...#.2.....nV.%..'
[2026-06-10 22:19:18] channel BS frame #574: body_len=15 head=e3 23 1f 32 b7 f4 91 a5 e1 6e 56 c2 25 85 bd ascii='.#.2.....nV.%..'
[2026-06-10 22:19:19] channel recv len=32 entropy=3.91 bs_len=6 u16le=21314 u32le=414530 ascii='BS...mBS..1.*.z.#N,BS.....Sz.#N,'
[2026-06-10 22:19:19] channel BS frame #575: body_len=2 head=ab 6d ascii='.m'
[2026-06-10 22:19:19] channel BS frame #576: body_len=9 head=31 19 2a bc 7a f6 23 4e 2c ascii='1.*.z.#N,'
[2026-06-10 22:19:19] channel BS frame #577: body_len=9 head=81 bc 00 53 7a f6 23 4e 2c ascii='...Sz.#N,'
[2026-06-10 22:19:19] channel recv len=17 entropy=4.09 bs_len=17 u16le=21314 u32le=1135426 ascii='BS........1.$>V.g'
[2026-06-10 22:19:19] channel BS frame #578: body_len=13 head=91 f8 de 0c b1 be 31 d7 24 3e 56 b0 67 ascii='......1.$>V.g'
[2026-06-10 22:19:19] channel recv len=17 entropy=4.09 bs_len=17 u16le=21314 u32le=1135426 ascii='BS...1..bH..z..hJ'
[2026-06-10 22:19:19] channel BS frame #579: body_len=13 head=a5 31 ca f0 62 48 fe c6 7a 0d e9 68 4a ascii='.1..bH..z..hJ'
[2026-06-10 22:19:19] channel recv len=17 entropy=4.09 bs_len=17 u16le=21314 u32le=1135426 ascii='BS...\\..%..N.@jyL'
[2026-06-10 22:19:19] channel BS frame #580: body_len=13 head=98 5c c2 d5 25 8a ab 4e a7 40 6a 79 4c ascii='.\\..%..N.@jyL'
[2026-06-10 22:19:19] channel recv len=17 entropy=3.97 bs_len=17 u16le=21314 u32le=1135426 ascii='BS.....D+u@...]z.'
[2026-06-10 22:19:19] channel BS frame #581: body_len=13 head=d9 f2 1a 44 2b 75 40 1a be ad 5d 7a a2 ascii='...D+u@...]z.'
[2026-06-10 22:19:19] channel recv len=17 entropy=3.97 bs_len=17 u16le=21314 u32le=1135426 ascii='BS..rQ..k..c;`t.]'
[2026-06-10 22:19:19] channel BS frame #582: body_len=13 head=72 51 eb f6 6b bd c6 63 3b 60 74 f6 5d ascii='rQ..k..c;`t.]'
[2026-06-10 22:19:19] channel recv len=19 entropy=4.25 bs_len=19 u16le=21314 u32le=1266498 ascii='BS.......3...K`.#%.'
[2026-06-10 22:19:19] channel BS frame #583: body_len=15 head=8d 18 ba e9 b3 33 d1 f6 1d 4b 60 2e 23 25 8c ascii='.....3...K`.#%.'
[2026-06-10 22:19:19] channel recv len=19 entropy=4.25 bs_len=19 u16le=21314 u32le=1266498 ascii='BS..&.5....XU.c....'
[2026-06-10 22:19:19] channel BS frame #584: body_len=15 head=26 1d 35 19 c0 81 89 58 55 da 63 1a 82 e8 04 ascii='&.5....XU.c....'
[2026-06-10 22:19:19] channel recv len=19 entropy=4.14 bs_len=19 u16le=21314 u32le=1266498 ascii='BS...~HM:..h.H.n...'
[2026-06-10 22:19:19] channel BS frame #585: body_len=15 head=c3 7e 48 4d 3a 01 f1 68 8d 48 8a 6e ac d9 86 ascii='.~HM:..h.H.n...'
[2026-06-10 22:19:19] channel recv len=17 entropy=4.09 bs_len=17 u16le=21314 u32le=1135426 ascii='BS..?b.$..eX...mA'
[2026-06-10 22:19:19] channel BS frame #586: body_len=13 head=3f 62 a2 24 0d cb 65 58 ef 18 1c 6d 41 ascii='?b.$..eX...mA'
[2026-06-10 22:19:19] channel recv len=17 entropy=4.09 bs_len=17 u16le=21314 u32le=1135426 ascii='BS..Pb. ......1..'
[2026-06-10 22:19:19] channel BS frame #587: body_len=13 head=50 62 a2 20 14 1a e3 c0 86 f5 31 e0 bf ascii='Pb. ......1..'
[2026-06-10 22:19:19] channel recv len=5 entropy=2.32 bs_len=5 u16le=21314 u32le=348994 ascii='BS..f'
[2026-06-10 22:19:19] channel BS frame #588: body_len=1 head=66 ascii='f'
[2026-06-10 22:19:19] channel replay observed client frame #588; server frames sent=212
[2026-06-10 22:19:19] channel recv len=19 entropy=4.25 bs_len=19 u16le=21314 u32le=1266498 ascii='BS...G.Q..v.b1...|.'
[2026-06-10 22:19:19] channel BS frame #589: body_len=15 head=9f 47 a4 51 89 83 76 81 62 31 80 f8 b6 7c b2 ascii='.G.Q..v.b1...|.'
[2026-06-10 22:19:20] channel recv len=19 entropy=4.25 bs_len=19 u16le=21314 u32le=1266498 ascii='BS...8....X].{:<&0.'
[2026-06-10 22:19:20] channel BS frame #590: body_len=15 head=8a 38 ed 9d a7 ef 58 5d f3 7b 3a 3c 26 30 aa ascii='.8....X].{:<&0.'
[2026-06-10 22:19:20] channel recv len=13 entropy=3.70 bs_len=13 u16le=21314 u32le=873282 ascii='BS..*=...1..A'
[2026-06-10 22:19:20] channel BS frame #591: body_len=9 head=2a 3d b8 a0 1f 31 9f 01 41 ascii='*=...1..A'
[2026-06-10 22:19:20] channel recv len=13 entropy=3.70 bs_len=13 u16le=21314 u32le=873282 ascii='BS.......).1.'
[2026-06-10 22:19:20] channel BS frame #592: body_len=9 head=fc ea ec fb 18 29 c6 31 cd ascii='.....).1.'
[2026-06-10 22:19:20] channel recv len=11 entropy=3.46 bs_len=11 u16le=21314 u32le=742210 ascii='BS.........'
[2026-06-10 22:19:20] channel BS frame #593: body_len=7 head=ef 88 95 f5 a3 fa c5 ascii='.......'
[2026-06-10 22:19:20] channel recv len=11 entropy=3.46 bs_len=11 u16le=21314 u32le=742210 ascii='BS..:.Hy.pk'
[2026-06-10 22:19:20] channel BS frame #594: body_len=7 head=3a c0 48 79 b3 70 6b ascii=':.Hy.pk'
[2026-06-10 22:19:20] channel recv len=11 entropy=3.46 bs_len=11 u16le=21314 u32le=742210 ascii='BS....-..;w'
[2026-06-10 22:19:20] channel BS frame #595: body_len=7 head=18 bd 2d b2 f3 3b 77 ascii='..-..;w'
[2026-06-10 22:19:22] channel recv len=5 entropy=2.32 bs_len=5 u16le=21314 u32le=348994 ascii='BS.. '
[2026-06-10 22:19:22] channel BS frame #596: body_len=1 head=20 ascii=' '
[2026-06-10 22:19:22] channel replay observed client frame #596; server frames sent=222
[2026-06-10 22:19:25] channel recv len=5 entropy=2.32 bs_len=5 u16le=21314 u32le=348994 ascii='BS..$'
[2026-06-10 22:19:25] channel BS frame #597: body_len=1 head=24 ascii='$'
[2026-06-10 22:19:25] channel replay observed client frame #597; server frames sent=232
[2026-06-10 22:19:28] channel recv len=5 entropy=2.32 bs_len=5 u16le=21314 u32le=348994 ascii='BS...'
[2026-06-10 22:19:28] channel BS frame #598: body_len=1 head=c2 ascii='.'
[2026-06-10 22:19:28] channel replay observed client frame #598; server frames sent=236
[2026-06-10 22:19:29] client->game 93 bytes
[2026-06-10 22:19:29] game recv len=93 entropy=6.17 bs_len=93 u16le=21314 u16be=16979 u32le=6116162 u32be=1112759552 ascii='BS].3.a.G..9.)...GX.3.j..?.9.....~S...PLm..*!; .x...m1...e.^..q9..;.W.$....R7.A4...'
[2026-06-10 22:19:29] game client plain #17: type=0x1e body_len=89 head=1e 54 00 00 00 01 50 08 ff 00 00 04 09 bc 71 40 field32=84 payload_len=84 field32b=4278734849 strings=['iI!]']
[2026-06-10 22:19:29] game replay observed 1 complete client BS frame(s); total=17
[2026-06-10 22:19:31] channel recv len=5 entropy=2.32 bs_len=5 u16le=21314 u32le=348994 ascii='BS...'
[2026-06-10 22:19:31] channel BS frame #599: body_len=1 head=fd ascii='.'
[2026-06-10 22:19:31] channel replay observed client frame #599; server frames sent=244
[2026-06-10 22:19:34] channel recv len=5 entropy=2.32 bs_len=5 u16le=21314 u32le=348994 ascii='BS..a'
[2026-06-10 22:19:34] channel BS frame #600: body_len=1 head=61 ascii='a'
[2026-06-10 22:19:34] channel replay sent server frame #250 after client frame #600: len=9 entropy=3.17 bs_len=9 u16le=21314 u32le=611138 ascii='BS..gec`.'
[2026-06-10 22:19:34] channel replay observed client frame #600; server frames sent=254
[2026-06-10 22:19:37] channel recv len=5 entropy=2.32 bs_len=5 u16le=21314 u32le=348994 ascii='BS..a'
[2026-06-10 22:19:37] channel BS frame #601: body_len=1 head=61 ascii='a'
[2026-06-10 22:19:37] channel replay observed client frame #601; server frames sent=264
[2026-06-10 22:19:40] channel recv len=5 entropy=2.32 bs_len=5 u16le=21314 u32le=348994 ascii='BS..a'
[2026-06-10 22:19:40] channel BS frame #602: body_len=1 head=61 ascii='a'
[2026-06-10 22:19:40] channel replay observed client frame #602; server frames sent=274
[2026-06-10 22:19:43] channel recv len=5 entropy=2.32 bs_len=5 u16le=21314 u32le=348994 ascii='BS..a'
[2026-06-10 22:19:43] channel BS frame #603: body_len=1 head=61 ascii='a'
[2026-06-10 22:19:43] channel replay observed client frame #603; server frames sent=284
[2026-06-10 22:19:46] channel recv len=5 entropy=2.32 bs_len=5 u16le=21314 u32le=348994 ascii='BS..a'
[2026-06-10 22:19:46] channel BS frame #604: body_len=1 head=61 ascii='a'
[2026-06-10 22:19:46] channel replay observed client frame #604; server frames sent=294
[2026-06-10 22:19:49] channel recv len=5 entropy=2.32 bs_len=5 u16le=21314 u32le=348994 ascii='BS..a'
[2026-06-10 22:19:49] channel BS frame #605: body_len=1 head=61 ascii='a'
[2026-06-10 22:19:49] channel replay observed client frame #605; server frames sent=298
[2026-06-10 22:19:52] channel recv len=5 entropy=2.32 bs_len=5 u16le=21314 u32le=348994 ascii='BS..a'
[2026-06-10 22:19:52] channel BS frame #606: body_len=1 head=61 ascii='a'
[2026-06-10 22:19:52] channel replay observed client frame #606; server frames sent=306
[2026-06-10 22:19:55] channel recv len=5 entropy=2.32 bs_len=5 u16le=21314 u32le=348994 ascii='BS..a'
[2026-06-10 22:19:55] channel BS frame #607: body_len=1 head=61 ascii='a'
[2026-06-10 22:19:55] channel replay observed client frame #607; server frames sent=316
[2026-06-10 22:19:58] channel recv len=5 entropy=2.32 bs_len=5 u16le=21314 u32le=348994 ascii='BS..a'
[2026-06-10 22:19:58] channel BS frame #608: body_len=1 head=61 ascii='a'
[2026-06-10 22:19:58] channel replay observed client frame #608; server frames sent=326
[2026-06-10 22:20:01] channel recv len=5 entropy=2.32 bs_len=5 u16le=21314 u32le=348994 ascii='BS..a'
[2026-06-10 22:20:01] channel BS frame #609: body_len=1 head=61 ascii='a'
[2026-06-10 22:20:01] channel replay observed client frame #609; server frames sent=336
[2026-06-10 22:20:04] channel recv len=5 entropy=2.32 bs_len=5 u16le=21314 u32le=348994 ascii='BS..a'
[2026-06-10 22:20:04] channel BS frame #610: body_len=1 head=61 ascii='a'
[2026-06-10 22:20:04] channel replay observed client frame #610; server frames sent=346
[2026-06-10 22:20:07] channel recv len=5 entropy=2.32 bs_len=5 u16le=21314 u32le=348994 ascii='BS..a'
[2026-06-10 22:20:07] channel BS frame #611: body_len=1 head=61 ascii='a'
[2026-06-10 22:20:07] channel replay observed client frame #611; server frames sent=356
[2026-06-10 22:20:10] channel recv len=5 entropy=2.32 bs_len=5 u16le=21314 u32le=348994 ascii='BS..a'
[2026-06-10 22:20:10] channel BS frame #612: body_len=1 head=61 ascii='a'
[2026-06-10 22:20:10] channel replay observed client frame #612; server frames sent=360
[2026-06-10 22:20:13] channel recv len=5 entropy=2.32 bs_len=5 u16le=21314 u32le=348994 ascii='BS..a'
[2026-06-10 22:20:13] channel BS frame #613: body_len=1 head=61 ascii='a'
[2026-06-10 22:20:13] channel replay observed client frame #613; server frames sent=368
[2026-06-10 22:20:16] channel recv len=5 entropy=2.32 bs_len=5 u16le=21314 u32le=348994 ascii='BS..a'
[2026-06-10 22:20:16] channel BS frame #614: body_len=1 head=61 ascii='a'
[2026-06-10 22:20:16] channel replay observed client frame #614; server frames sent=378
[2026-06-10 22:20:19] channel recv len=5 entropy=2.32 bs_len=5 u16le=21314 u32le=348994 ascii='BS..a'
[2026-06-10 22:20:19] channel BS frame #615: body_len=1 head=61 ascii='a'
[2026-06-10 22:20:19] channel replay observed client frame #615; server frames sent=388
[2026-06-10 22:20:22] channel recv len=5 entropy=2.32 bs_len=5 u16le=21314 u32le=348994 ascii='BS..a'
[2026-06-10 22:20:22] channel BS frame #616: body_len=1 head=61 ascii='a'
[2026-06-10 22:20:22] channel replay observed client frame #616; server frames sent=398
[2026-06-10 22:20:25] channel recv len=5 entropy=2.32 bs_len=5 u16le=21314 u32le=348994 ascii='BS..a'
[2026-06-10 22:20:25] channel BS frame #617: body_len=1 head=61 ascii='a'
[2026-06-10 22:20:25] channel replay observed client frame #617; server frames sent=408
[2026-06-10 22:20:28] channel recv len=5 entropy=2.32 bs_len=5 u16le=21314 u32le=348994 ascii='BS..a'
[2026-06-10 22:20:28] channel BS frame #618: body_len=1 head=61 ascii='a'
[2026-06-10 22:20:28] channel replay observed client frame #618; server frames sent=418
[2026-06-10 22:20:29] client->game 78 bytes
[2026-06-10 22:20:29] game recv len=78 entropy=6.02 bs_len=78 u16le=21314 u16be=16979 u32le=5133122 u32be=1112755712 ascii="BSN.3.a.G..9.w&.OZ+#b..am3G... >./.F.{...h....4u...#..F...U.&r.'..A.X.....f.qt"
[2026-06-10 22:20:29] game client plain #18: type=0x1e body_len=74 head=1e 45 00 00 00 01 44 08 ff 00 00 04 01 f0 89 5d field32=69 payload_len=69 field32b=4278731777 strings=['>Aku', 'hD"*']
[2026-06-10 22:20:29] game replay observed 1 complete client BS frame(s); total=18
[2026-06-10 22:20:31] channel recv len=5 entropy=2.32 bs_len=5 u16le=21314 u32le=348994 ascii='BS..a'
[2026-06-10 22:20:31] channel BS frame #619: body_len=1 head=61 ascii='a'
[2026-06-10 22:20:31] channel replay observed client frame #619; server frames sent=422
[2026-06-10 22:20:34] channel recv len=5 entropy=2.32 bs_len=5 u16le=21314 u32le=348994 ascii='BS..a'
[2026-06-10 22:20:34] channel BS frame #620: body_len=1 head=61 ascii='a'
[2026-06-10 22:20:34] channel replay observed client frame #620; server frames sent=430
[2026-06-10 22:20:37] channel recv len=5 entropy=2.32 bs_len=5 u16le=21314 u32le=348994 ascii='BS..a'
[2026-06-10 22:20:37] channel BS frame #621: body_len=1 head=61 ascii='a'
[2026-06-10 22:20:37] channel replay observed client frame #621; server frames sent=440
[2026-06-10 22:20:40] channel recv len=5 entropy=2.32 bs_len=5 u16le=21314 u32le=348994 ascii='BS..a'
[2026-06-10 22:20:40] channel BS frame #622: body_len=1 head=61 ascii='a'
[2026-06-10 22:20:40] channel replay observed client frame #622; server frames sent=450
[2026-06-10 22:20:43] channel recv len=5 entropy=2.32 bs_len=5 u16le=21314 u32le=348994 ascii='BS..a'
[2026-06-10 22:20:43] channel BS frame #623: body_len=1 head=61 ascii='a'
[2026-06-10 22:20:43] channel replay observed client frame #623; server frames sent=460
[2026-06-10 22:20:46] channel recv len=5 entropy=2.32 bs_len=5 u16le=21314 u32le=348994 ascii='BS..a'
[2026-06-10 22:20:46] channel BS frame #624: body_len=1 head=61 ascii='a'
[2026-06-10 22:20:46] channel replay observed client frame #624; server frames sent=470
[2026-06-10 22:20:49] channel recv len=5 entropy=2.32 bs_len=5 u16le=21314 u32le=348994 ascii='BS..a'
[2026-06-10 22:20:49] channel BS frame #625: body_len=1 head=61 ascii='a'
[2026-06-10 22:20:49] channel replay observed client frame #625; server frames sent=480
[2026-06-10 22:20:52] channel recv len=5 entropy=2.32 bs_len=5 u16le=21314 u32le=348994 ascii='BS..a'
[2026-06-10 22:20:52] channel BS frame #626: body_len=1 head=61 ascii='a'
[2026-06-10 22:20:52] channel replay observed client frame #626; server frames sent=484
[2026-06-10 22:20:54] channel recv len=11 entropy=3.46 bs_len=11 u16le=21314 u32le=742210 ascii='BS....XC.L.'
[2026-06-10 22:20:54] channel BS frame #627: body_len=7 head=14 e2 58 43 af 4c 85 ascii='..XC.L.'
[2026-06-10 22:20:54] channel recv len=11 entropy=3.46 bs_len=11 u16le=21314 u32le=742210 ascii='BS..h......'
[2026-06-10 22:20:54] channel BS frame #628: body_len=7 head=68 04 d5 df c1 9f de ascii='h......'
[2026-06-10 22:20:54] channel recv len=11 entropy=3.46 bs_len=11 u16le=21314 u32le=742210 ascii='BS...O.....'
[2026-06-10 22:20:54] channel BS frame #629: body_len=7 head=12 4f c4 a8 af f5 a2 ascii='.O.....'
[2026-06-10 22:20:54] channel recv len=11 entropy=3.46 bs_len=11 u16le=21314 u32le=742210 ascii='BS....{....'
[2026-06-10 22:20:54] channel BS frame #630: body_len=7 head=f2 a3 7b 01 f8 9c e1 ascii='..{....'
[2026-06-10 22:20:55] channel recv len=11 entropy=3.46 bs_len=11 u16le=21314 u32le=742210 ascii='BS....P\\...'
[2026-06-10 22:20:55] channel BS frame #631: body_len=7 head=03 17 50 5c b1 fb bb ascii='..P\\...'
[2026-06-10 22:20:55] channel recv len=11 entropy=3.46 bs_len=11 u16le=21314 u32le=742210 ascii='BS...3~.v..'
[2026-06-10 22:20:55] channel BS frame #632: body_len=7 head=b9 33 7e 19 76 e2 ff ascii='.3~.v..'
[2026-06-10 22:20:55] channel recv len=11 entropy=3.46 bs_len=11 u16le=21314 u32le=742210 ascii='BS..cNMk.-.'
[2026-06-10 22:20:55] channel BS frame #633: body_len=7 head=63 4e 4d 6b 8a 2d 1c ascii='cNMk.-.'
[2026-06-10 22:20:55] channel recv len=11 entropy=3.46 bs_len=11 u16le=21314 u32le=742210 ascii='BS...z.....'
[2026-06-10 22:20:55] channel BS frame #634: body_len=7 head=ad 7a 8c fd 7f 8e e8 ascii='.z.....'
[2026-06-10 22:20:55] channel recv len=11 entropy=3.46 bs_len=11 u16le=21314 u32le=742210 ascii='BS..(j.....'
[2026-06-10 22:20:55] channel BS frame #635: body_len=7 head=28 6a ab d3 fd b0 86 ascii='(j.....'
[2026-06-10 22:20:55] channel recv len=13 entropy=3.70 bs_len=13 u16le=21314 u32le=873282 ascii='BS..U*.9...".'
[2026-06-10 22:20:55] channel BS frame #636: body_len=9 head=55 2a db 39 cd d4 86 22 fd ascii='U*.9...".'
[2026-06-10 22:20:55] channel recv len=17 entropy=3.97 bs_len=17 u16le=21314 u32le=1135426 ascii='BS......E..}rL...'
[2026-06-10 22:20:55] channel BS frame #637: body_len=13 head=d2 be b5 fc 45 ad 1b 7d 72 4c 00 02 84 ascii='....E..}rL...'
[2026-06-10 22:20:55] channel recv len=17 entropy=3.97 bs_len=17 u16le=21314 u32le=1135426 ascii='BS..Bd..(w.....*.'
[2026-06-10 22:20:55] channel BS frame #638: body_len=13 head=42 64 af 9a 28 77 a9 01 8a f0 99 2a ed ascii='Bd..(w.....*.'
[2026-06-10 22:20:55] channel recv len=17 entropy=4.09 bs_len=17 u16le=21314 u32le=1135426 ascii='BS.....6.........'
[2026-06-10 22:20:55] channel BS frame #639: body_len=13 head=f6 91 bc 36 0b ac ef 1a 12 a2 04 da ba ascii='...6.........'
[2026-06-10 22:20:56] channel recv len=5 entropy=2.32 bs_len=5 u16le=21314 u32le=348994 ascii='BS..y'
[2026-06-10 22:20:56] channel BS frame #640: body_len=1 head=79 ascii='y'
[2026-06-10 22:20:56] channel replay observed client frame #640; server frames sent=492
[2026-06-10 22:20:56] channel recv len=17 entropy=3.97 bs_len=17 u16le=21314 u32le=1135426 ascii="BS...=.,.'.Q..:K."
[2026-06-10 22:20:56] channel BS frame #641: body_len=13 head=ef 3d d9 2c a8 27 e8 51 a8 bf 3a 4b 85 ascii=".=.,.'.Q..:K."
[2026-06-10 22:20:56] channel recv len=17 entropy=3.97 bs_len=17 u16le=21314 u32le=1135426 ascii='BS..."."....u....'
[2026-06-10 22:20:56] channel BS frame #642: body_len=13 head=fa 22 fc 22 03 0c 10 a0 75 ad b8 c2 f7 ascii='."."....u....'
[2026-06-10 22:20:56] channel recv len=19 entropy=4.14 bs_len=19 u16le=21314 u32le=1266498 ascii='BS..B.{...+`Qc$.->e'
[2026-06-10 22:20:56] channel BS frame #643: body_len=15 head=42 a6 7b d7 9b a1 2b 60 51 63 24 c7 2d 3e 65 ascii='B.{...+`Qc$.->e'
[2026-06-10 22:20:56] channel recv len=13 entropy=3.70 bs_len=13 u16le=21314 u32le=873282 ascii='BS....I...?..'
[2026-06-10 22:20:56] channel BS frame #644: body_len=9 head=a2 9f 49 03 df a7 3f 12 a6 ascii='..I...?..'
[2026-06-10 22:20:56] channel recv len=15 entropy=3.91 bs_len=15 u16le=21314 u32le=1004354 ascii='BS..V.QP....?..'
[2026-06-10 22:20:56] channel BS frame #645: body_len=11 head=56 86 51 50 d1 ab 83 9a 3f ba e0 ascii='V.QP....?..'
[2026-06-10 22:20:56] channel recv len=15 entropy=3.91 bs_len=15 u16le=21314 u32le=1004354 ascii='BS..ZM.....%..,'
[2026-06-10 22:20:56] channel BS frame #646: body_len=11 head=5a 4d dd ed fe d1 81 25 8c 9f 2c ascii='ZM.....%..,'
[2026-06-10 22:20:56] channel recv len=17 entropy=3.97 bs_len=17 u16le=21314 u32le=1135426 ascii='BS..].u...;.c.9.;'
[2026-06-10 22:20:56] channel BS frame #647: body_len=13 head=5d db 75 c8 85 a2 3b bb 63 0c 39 c4 3b ascii='].u...;.c.9.;'
[2026-06-10 22:20:56] channel recv len=32 entropy=3.98 bs_len=6 u16le=21314 u32le=414530 ascii='BS..`.BS...}-.z.#N,BS.....Sz.#N,'
[2026-06-10 22:20:56] channel BS frame #648: body_len=2 head=60 a0 ascii='`.'
[2026-06-10 22:20:56] channel BS frame #649: body_len=9 head=c2 7d 2d cb 7a f6 23 4e 2c ascii='.}-.z.#N,'
[2026-06-10 22:20:56] channel BS frame #650: body_len=9 head=81 bc 00 53 7a f6 23 4e 2c ascii='...Sz.#N,'
[2026-06-10 22:20:56] channel recv len=17 entropy=4.09 bs_len=17 u16le=21314 u32le=1135426 ascii='BS.....1.J.......'
[2026-06-10 22:20:56] channel BS frame #651: body_len=13 head=91 f8 de 31 a1 4a a6 92 bd 19 c9 b3 04 ascii='...1.J.......'
[2026-06-10 22:20:56] channel recv len=17 entropy=3.97 bs_len=17 u16le=21314 u32le=1135426 ascii='BS......TF8..2..R'
[2026-06-10 22:20:56] channel BS frame #652: body_len=13 head=8b fd f6 db 54 46 38 cb db 32 8c b0 52 ascii='....TF8..2..R'
[2026-06-10 22:20:57] channel recv len=17 entropy=4.09 bs_len=17 u16le=21314 u32le=1135426 ascii='BS.....^d........'
[2026-06-10 22:20:57] channel BS frame #653: body_len=13 head=d1 a2 de 5e 64 d7 a7 a4 9c 92 b4 bc 9e ascii='...^d........'
[2026-06-10 22:20:57] channel recv len=17 entropy=4.09 bs_len=17 u16le=21314 u32le=1135426 ascii='BS..q......}...|.'
[2026-06-10 22:20:57] channel BS frame #654: body_len=13 head=71 d9 f9 f6 80 90 f2 7d b2 07 05 7c e7 ascii='q......}...|.'
[2026-06-10 22:20:57] channel recv len=17 entropy=4.09 bs_len=17 u16le=21314 u32le=1135426 ascii="BS..z....'..1!l.."
[2026-06-10 22:20:57] channel BS frame #655: body_len=13 head=7a 90 df 1b a5 27 b6 b4 31 21 6c 8a b9 ascii="z....'..1!l.."
[2026-06-10 22:20:57] channel recv len=17 entropy=4.09 bs_len=17 u16le=21314 u32le=1135426 ascii='BS...C.\\.f.Rv...}'
[2026-06-10 22:20:57] channel BS frame #656: body_len=13 head=1b 43 a7 5c 8e 66 e9 52 76 ac 9c f9 7d ascii='.C.\\.f.Rv...}'
[2026-06-10 22:20:57] channel recv len=19 entropy=4.25 bs_len=19 u16le=21314 u32le=1266498 ascii='BS..m..&eXKd#.Pg.a>'
[2026-06-10 22:20:57] channel BS frame #657: body_len=15 head=6d ff 93 26 65 58 4b 64 23 96 50 67 ae 61 3e ascii='m..&eXKd#.Pg.a>'
[2026-06-10 22:20:57] channel recv len=17 entropy=4.09 bs_len=17 u16le=21314 u32le=1135426 ascii='BS..,..l.....;..)'
[2026-06-10 22:20:57] channel BS frame #658: body_len=13 head=2c dd 89 6c bd af 88 a9 da 3b 96 c9 29 ascii=',..l.....;..)'
[2026-06-10 22:20:57] channel recv len=32 entropy=4.81 bs_len=15 u16le=21314 u32le=1004354 ascii='BS..y....h.....BS..._T*...4q.g..'
[2026-06-10 22:20:57] channel BS frame #659: body_len=11 head=79 e9 ef c7 c4 68 bb e4 19 85 db ascii='y....h.....'
[2026-06-10 22:20:57] channel BS frame #660: body_len=13 head=0e 5f 54 2a 1c 0b 12 34 71 81 67 ae b1 ascii='._T*...4q.g..'
[2026-06-10 22:20:57] channel recv len=17 entropy=3.97 bs_len=17 u16le=21314 u32le=1135426 ascii='BS..g.:......:.b-'
[2026-06-10 22:20:57] channel BS frame #661: body_len=13 head=67 db 3a 8b ba 87 bf ed e7 3a 99 62 2d ascii='g.:......:.b-'
[2026-06-10 22:20:57] channel recv len=19 entropy=4.25 bs_len=19 u16le=21314 u32le=1266498 ascii='BS...}.].2......P"l'
[2026-06-10 22:20:57] channel BS frame #662: body_len=15 head=1d 7d 9d 5d 96 32 b5 19 12 93 91 1b 50 22 6c ascii='.}.].2......P"l'
[2026-06-10 22:20:57] channel recv len=32 entropy=4.69 bs_len=15 u16le=21314 u32le=1004354 ascii='BS..8./..h...Z.BS..`.Om)...R.*m.'
[2026-06-10 22:20:57] channel BS frame #663: body_len=11 head=38 a4 2f be c4 68 12 a8 eb 5a 8a ascii='8./..h...Z.'
[2026-06-10 22:20:57] channel BS frame #664: body_len=13 head=60 96 4f 6d 29 e2 c4 90 52 b8 2a 6d b1 ascii='`.Om)...R.*m.'
[2026-06-10 22:20:57] channel recv len=17 entropy=4.09 bs_len=17 u16le=21314 u32le=1135426 ascii='BS..g.:..3HZ\\.{.@'
[2026-06-10 22:20:57] channel BS frame #665: body_len=13 head=67 db 3a 82 1e 33 48 5a 5c 18 7b 94 40 ascii='g.:..3HZ\\.{.@'
[2026-06-10 22:20:57] channel recv len=32 entropy=4.60 bs_len=15 u16le=21314 u32le=1004354 ascii='BS.._.N..h5....BS..H.]..3iS*Xd]/'
[2026-06-10 22:20:57] channel BS frame #666: body_len=11 head=5f e5 4e c9 c4 68 35 c2 15 17 e5 ascii='_.N..h5....'
[2026-06-10 22:20:57] channel BS frame #667: body_len=13 head=48 c6 5d 82 c1 33 69 53 2a 58 64 5d 2f ascii='H.]..3iS*Xd]/'
[2026-06-10 22:20:58] channel recv len=17 entropy=4.09 bs_len=17 u16le=21314 u32le=1135426 ascii='BS..g.:.c.(.3....'
[2026-06-10 22:20:58] channel BS frame #668: body_len=13 head=67 db 3a 96 63 e4 28 fb 33 18 cd 0e e7 ascii='g.:.c.(.3....'
[2026-06-10 22:20:58] channel recv len=32 entropy=4.69 bs_len=15 u16le=21314 u32le=1004354 ascii="BS...'d..h...u[BS..O9...WRN..I./"
[2026-06-10 22:20:58] channel BS frame #669: body_len=11 head=01 27 64 aa c4 68 9a bb dd 75 5b ascii=".'d..h...u["
[2026-06-10 22:20:58] channel BS frame #670: body_len=13 head=4f 39 1e 11 e2 57 52 4e 09 dc 49 bb 2f ascii='O9...WRN..I./'
[2026-06-10 22:20:58] channel recv len=17 entropy=3.97 bs_len=17 u16le=21314 u32le=1135426 ascii='BS..g.:...gHP9$..'
[2026-06-10 22:20:58] channel BS frame #671: body_len=13 head=67 db 3a a6 cf d5 67 48 50 39 24 d8 15 ascii='g.:...gHP9$..'
[2026-06-10 22:20:58] channel recv len=32 entropy=4.81 bs_len=15 u16le=21314 u32le=1004354 ascii='BS..)<.C.h-....BS..Nk...... ..b/'
[2026-06-10 22:20:58] channel BS frame #672: body_len=11 head=29 3c 83 43 c4 68 2d 95 f4 a6 17 ascii=')<.C.h-....'
[2026-06-10 22:20:58] channel BS frame #673: body_len=13 head=4e 6b aa b9 89 03 b2 c6 20 1c 1b 62 2f ascii='Nk...... ..b/'
[2026-06-10 22:20:58] channel recv len=17 entropy=4.09 bs_len=17 u16le=21314 u32le=1135426 ascii='BS..g.:..l......t'
[2026-06-10 22:20:58] channel BS frame #674: body_len=13 head=67 db 3a b0 9e 6c 98 8c f1 01 bc a8 74 ascii='g.:..l......t'
[2026-06-10 22:20:58] channel recv len=32 entropy=4.75 bs_len=15 u16le=21314 u32le=1004354 ascii='BS.....C.hE...ABS..z...|g)..0~./'
[2026-06-10 22:20:58] channel BS frame #675: body_len=11 head=b5 e4 be 43 c4 68 45 ff ff 9a 41 ascii='...C.hE...A'
[2026-06-10 22:20:58] channel BS frame #676: body_len=13 head=7a ed 10 07 7c 67 29 1b 8c 30 7e ce 2f ascii='z...|g)..0~./'
[2026-06-10 22:20:58] channel recv len=17 entropy=4.09 bs_len=17 u16le=21314 u32le=1135426 ascii='BS..g.:C8..<....n'
[2026-06-10 22:20:58] channel BS frame #677: body_len=13 head=67 db 3a 43 38 ce ba 3c 07 cd fb 10 6e ascii='g.:C8..<....n'
[2026-06-10 22:20:58] channel recv len=19 entropy=4.14 bs_len=19 u16le=21314 u32le=1266498 ascii='BS......d..d....-;.'
[2026-06-10 22:20:58] channel BS frame #678: body_len=15 head=bb d4 bc 10 64 e5 07 64 c5 11 d9 bd 2d 3b 1d ascii='....d..d....-;.'
[2026-06-10 22:20:58] channel recv len=17 entropy=3.97 bs_len=17 u16le=21314 u32le=1135426 ascii='BS...Q.........!.'
[2026-06-10 22:20:58] channel BS frame #679: body_len=13 head=02 51 f8 bb c8 f2 c1 7f 8c 9d f8 21 d6 ascii='.Q.........!.'
[2026-06-10 22:20:58] channel recv len=32 entropy=3.91 bs_len=6 u16le=21314 u32le=414530 ascii='BS....BS....*.z.#N,BS.....Sz.#N,'
[2026-06-10 22:20:58] channel BS frame #680: body_len=2 head=e6 2e ascii='..'
[2026-06-10 22:20:58] channel BS frame #681: body_len=9 head=ae c0 2a bc 7a f6 23 4e 2c ascii='..*.z.#N,'
[2026-06-10 22:20:58] channel BS frame #682: body_len=9 head=81 bc 00 53 7a f6 23 4e 2c ascii='...Sz.#N,'
[2026-06-10 22:20:58] channel recv len=17 entropy=4.09 bs_len=17 u16le=21314 u32le=1135426 ascii='BS.....b..}...~..'
[2026-06-10 22:20:58] channel BS frame #683: body_len=13 head=91 f8 de 62 10 df 7d cd f6 fc 7e b3 e0 ascii='...b..}...~..'
[2026-06-10 22:20:58] channel recv len=17 entropy=3.97 bs_len=17 u16le=21314 u32le=1135426 ascii='BS...UB.....4....'
[2026-06-10 22:20:58] channel BS frame #684: body_len=13 head=b0 55 42 cd e2 ef fd a3 34 e3 8e f1 90 ascii='.UB.....4....'
[2026-06-10 22:20:58] channel recv len=17 entropy=4.09 bs_len=17 u16le=21314 u32le=1135426 ascii='BS...?..2U.}....)'
[2026-06-10 22:20:58] channel BS frame #685: body_len=13 head=01 3f 07 10 32 55 b1 7d ed 06 17 b4 29 ascii='.?..2U.}....)'
[2026-06-10 22:20:59] channel recv len=19 entropy=4.14 bs_len=19 u16le=21314 u32le=1266498 ascii='BS......fRgD4...g..'
[2026-06-10 22:20:59] channel BS frame #686: body_len=15 head=b7 9d da 88 66 52 67 44 34 a1 0e b3 67 92 ce ascii='....fRgD4...g..'
[2026-06-10 22:20:59] channel recv len=5 entropy=2.32 bs_len=5 u16le=21314 u32le=348994 ascii='BS...'
[2026-06-10 22:20:59] channel BS frame #687: body_len=1 head=80 ascii='.'
[2026-06-10 22:20:59] channel replay sent server frame #500 after client frame #687: len=10 entropy=3.32 bs_len=10 u16le=21314 u32le=676674 ascii='BS..|..u..'
[2026-06-10 22:20:59] channel replay observed client frame #687; server frames sent=502
[2026-06-10 22:20:59] channel recv len=17 entropy=3.85 bs_len=17 u16le=21314 u32le=1135426 ascii="BS..N.X' .8...SA;"
[2026-06-10 22:20:59] channel BS frame #688: body_len=13 head=4e 08 58 27 20 04 38 04 b7 c0 53 41 3b ascii="N.X' .8...SA;"
[2026-06-10 22:20:59] channel recv len=19 entropy=4.25 bs_len=19 u16le=21314 u32le=1266498 ascii='BS......G...]..(k.H'
[2026-06-10 22:20:59] channel BS frame #689: body_len=15 head=d9 94 c8 a7 47 e8 14 09 5d 15 b5 28 6b 0d 48 ascii='....G...]..(k.H'
[2026-06-10 22:20:59] channel recv len=19 entropy=4.25 bs_len=19 u16le=21314 u32le=1266498 ascii='BS....t..f.[C_.....'
[2026-06-10 22:20:59] channel BS frame #690: body_len=15 head=f7 1f 74 bc 92 66 da 5b 43 5f d0 0d f1 f4 9a ascii='..t..f.[C_.....'
[2026-06-10 22:20:59] channel recv len=17 entropy=4.09 bs_len=17 u16le=21314 u32le=1135426 ascii='BS...!Q.....v:.U{'
[2026-06-10 22:20:59] channel BS frame #691: body_len=13 head=cb 21 51 ef 87 0b 0e fd 76 3a bb 55 7b ascii='.!Q.....v:.U{'
[2026-06-10 22:20:59] channel recv len=19 entropy=4.04 bs_len=19 u16le=21314 u32le=1266498 ascii='BS....K.f..".S..F.1'
[2026-06-10 22:20:59] channel BS frame #692: body_len=15 head=06 ac 4b 87 66 b9 06 22 d2 53 9d bd 46 f8 31 ascii='..K.f..".S..F.1'
[2026-06-10 22:20:59] channel recv len=19 entropy=4.04 bs_len=19 u16le=21314 u32le=1266498 ascii='BS....X..N.0CN"UH..'
[2026-06-10 22:20:59] channel BS frame #693: body_len=15 head=0f a3 58 ba ba 4e b1 30 43 4e 22 55 48 01 ef ascii='..X..N.0CN"UH..'
[2026-06-10 22:20:59] channel recv len=17 entropy=4.09 bs_len=17 u16le=21314 u32le=1135426 ascii='BS..Q.....\\7Iw~td'
[2026-06-10 22:20:59] channel BS frame #694: body_len=13 head=51 81 bd a0 19 ea 5c 37 49 77 7e 74 64 ascii='Q.....\\7Iw~td'
[2026-06-10 22:20:59] channel recv len=19 entropy=4.25 bs_len=19 u16le=21314 u32le=1266498 ascii='BS.....q.....v"....'
[2026-06-10 22:20:59] channel BS frame #695: body_len=15 head=df fc b5 71 f9 1a a2 89 16 76 22 07 03 a0 be ascii='...q.....v"....'
[2026-06-10 22:20:59] channel recv len=15 entropy=3.91 bs_len=15 u16le=21314 u32le=1004354 ascii='BS.....H..N>.9a'
[2026-06-10 22:20:59] channel BS frame #696: body_len=11 head=c5 fb 14 48 dc 0a 4e 3e 97 39 61 ascii='...H..N>.9a'
[2026-06-10 22:20:59] channel recv len=19 entropy=4.25 bs_len=19 u16le=21314 u32le=1266498 ascii='BS...V..c.?...d..$e'
[2026-06-10 22:20:59] channel BS frame #697: body_len=15 head=87 56 0f 10 63 ca 3f ae 98 c6 64 df 01 24 65 ascii='.V..c.?...d..$e'
[2026-06-10 22:20:59] channel recv len=17 entropy=4.09 bs_len=17 u16le=21314 u32le=1135426 ascii='BS..R.&/.....5...'
[2026-06-10 22:20:59] channel BS frame #698: body_len=13 head=52 b1 26 2f d7 92 85 9b fc 35 b3 ab fa ascii='R.&/.....5...'
[2026-06-10 22:20:59] channel recv len=17 entropy=4.09 bs_len=17 u16le=21314 u32le=1135426 ascii='BS..?./.K.]4J...p'
[2026-06-10 22:20:59] channel BS frame #699: body_len=13 head=3f 07 2f ed 4b 0b 5d 34 4a 96 10 c1 70 ascii='?./.K.]4J...p'
[2026-06-10 22:20:59] channel recv len=17 entropy=4.09 bs_len=17 u16le=21314 u32le=1135426 ascii='BS..?hu#...z,....'
[2026-06-10 22:20:59] channel BS frame #700: body_len=13 head=3f 68 75 23 1c c6 f6 7a 2c 04 89 81 dc ascii='?hu#...z,....'
[2026-06-10 22:21:00] channel recv len=17 entropy=4.09 bs_len=17 u16le=21314 u32le=1135426 ascii='BS....3.....F.2..'
[2026-06-10 22:21:00] channel BS frame #701: body_len=13 head=a4 ef 33 c0 dd d5 de bc 46 e4 32 05 a5 ascii='..3.....F.2..'
[2026-06-10 22:21:00] channel recv len=9 entropy=3.17 bs_len=9 u16le=21314 u32le=611138 ascii='BS.....[~'
[2026-06-10 22:21:00] channel BS frame #702: body_len=5 head=aa 80 a5 5b 7e ascii='...[~'
[2026-06-10 22:21:00] channel recv len=17 entropy=4.09 bs_len=17 u16le=21314 u32le=1135426 ascii='BS..^.M....f.Z.#.'
[2026-06-10 22:21:00] channel BS frame #703: body_len=13 head=5e dc 4d ad ba 8f df 66 f7 5a b5 23 97 ascii='^.M....f.Z.#.'
[2026-06-10 22:21:00] channel recv len=19 entropy=4.14 bs_len=19 u16le=21314 u32le=1266498 ascii="BS...M5....'3.hH..Y"
[2026-06-10 22:21:00] channel BS frame #704: body_len=15 head=12 4d 35 d2 00 14 a3 27 33 a6 68 48 b4 ad 59 ascii=".M5....'3.hH..Y"
[2026-06-10 22:21:00] channel recv len=9 entropy=3.17 bs_len=9 u16le=21314 u32le=611138 ascii='BS..g...~'
[2026-06-10 22:21:00] channel BS frame #705: body_len=5 head=67 b1 c7 b5 7e ascii='g...~'
[2026-06-10 22:21:00] channel recv len=19 entropy=4.25 bs_len=19 u16le=21314 u32le=1266498 ascii='BS..^.....o....;...'
[2026-06-10 22:21:00] channel BS frame #706: body_len=15 head=5e e6 fe ae c0 f1 6f d4 a2 e3 d2 3b 01 e2 91 ascii='^.....o....;...'
[2026-06-10 22:21:00] channel recv len=17 entropy=4.09 bs_len=17 u16le=21314 u32le=1135426 ascii='BS....O....../|Li'
[2026-06-10 22:21:00] channel BS frame #707: body_len=13 head=e7 05 4f 03 aa 9d f8 b5 d2 2f 7c 4c 69 ascii='..O....../|Li'
[2026-06-10 22:21:00] channel recv len=9 entropy=3.17 bs_len=9 u16le=21314 u32le=611138 ascii='BS..z..O~'
[2026-06-10 22:21:00] channel BS frame #708: body_len=5 head=7a 0c 17 4f 7e ascii='z..O~'
[2026-06-10 22:21:00] channel recv len=17 entropy=4.09 bs_len=17 u16le=21314 u32le=1135426 ascii='BS..^.M.........I'
[2026-06-10 22:21:00] channel BS frame #709: body_len=13 head=5e dc 4d fe f4 8c 07 c7 d2 9c 18 af 49 ascii='^.M.........I'
[2026-06-10 22:21:00] channel recv len=19 entropy=4.25 bs_len=19 u16le=21314 u32le=1266498 ascii='BS..O......F...Xu.#'
[2026-06-10 22:21:00] channel BS frame #710: body_len=15 head=4f dc d7 f6 d2 b0 b5 46 e3 1e cb 58 75 c0 23 ascii='O......F...Xu.#'
[2026-06-10 22:21:00] channel recv len=9 entropy=2.95 bs_len=9 u16le=21314 u32le=611138 ascii='BS...B.?~'
[2026-06-10 22:21:00] channel BS frame #711: body_len=5 head=b9 42 b2 3f 7e ascii='.B.?~'
[2026-06-10 22:21:00] channel recv len=13 entropy=3.70 bs_len=13 u16le=21314 u32le=873282 ascii='BS..^.O..)Z=.'
[2026-06-10 22:21:00] channel BS frame #712: body_len=9 head=5e dc 4f 98 1b 29 5a 3d ca ascii='^.O..)Z=.'
[2026-06-10 22:21:00] channel recv len=17 entropy=3.73 bs_len=17 u16le=21314 u32le=1135426 ascii='BS......Spjg.,j..'
[2026-06-10 22:21:00] channel BS frame #713: body_len=13 head=0a ac 8e f1 53 70 6a 67 cd 2c 6a d8 d8 ascii='....Spjg.,j..'
[2026-06-10 22:21:00] channel recv len=9 entropy=3.17 bs_len=9 u16le=21314 u32le=611138 ascii='BS...,.?~'
[2026-06-10 22:21:00] channel BS frame #714: body_len=5 head=18 2c 86 3f 7e ascii='.,.?~'
[2026-06-10 22:21:00] channel recv len=13 entropy=3.70 bs_len=13 u16le=21314 u32le=873282 ascii='BS..^.."....D'
[2026-06-10 22:21:00] channel BS frame #715: body_len=9 head=5e e0 cf 22 cb ba 19 eb 44 ascii='^.."....D'
[2026-06-10 22:21:01] channel recv len=17 entropy=3.97 bs_len=17 u16le=21314 u32le=1135426 ascii='BS.....q.......Mq'
[2026-06-10 22:21:01] channel BS frame #716: body_len=13 head=ed fe 15 71 19 1a bb fc ee fd 01 4d 71 ascii='...q.......Mq'
[2026-06-10 22:21:01] channel recv len=9 entropy=3.17 bs_len=9 u16le=21314 u32le=611138 ascii='BS...p..~'
[2026-06-10 22:21:01] channel BS frame #717: body_len=5 head=fc 70 06 94 7e ascii='.p..~'
[2026-06-10 22:21:01] channel recv len=49 entropy=4.78 bs_len=15 u16le=21314 u32le=1004354 ascii='BS..Ql.Y.hD~:f.BS....1.S_...W...BS..u...S_...W...'
[2026-06-10 22:21:01] channel BS frame #718: body_len=11 head=51 6c 08 59 c4 68 44 7e 3a 66 af ascii='Ql.Y.hD~:f.'
[2026-06-10 22:21:01] channel BS frame #719: body_len=13 head=f1 82 31 f7 53 5f 86 1b f5 57 b8 a8 b1 ascii='..1.S_...W...'
[2026-06-10 22:21:01] channel BS frame #720: body_len=13 head=75 e3 06 f7 53 5f 86 1b f5 57 b8 a8 b1 ascii='u...S_...W...'
[2026-06-10 22:21:01] channel recv len=17 entropy=4.09 bs_len=17 u16le=21314 u32le=1135426 ascii='BS..g.:...#Q*U...'
[2026-06-10 22:21:01] channel BS frame #721: body_len=13 head=67 db 3a 9e ac ec 23 51 2a 55 9d d1 96 ascii='g.:...#Q*U...'
[2026-06-10 22:21:01] channel recv len=32 entropy=3.98 bs_len=6 u16le=21314 u32le=414530 ascii='BS..i.BS...4-.z.#N,BS.....Sz.#N,'
[2026-06-10 22:21:01] channel BS frame #722: body_len=2 head=69 f8 ascii='i.'
[2026-06-10 22:21:01] channel BS frame #723: body_len=9 head=10 34 2d cb 7a f6 23 4e 2c ascii='.4-.z.#N,'
[2026-06-10 22:21:01] channel BS frame #724: body_len=9 head=81 bc 00 53 7a f6 23 4e 2c ascii='...Sz.#N,'
[2026-06-10 22:21:01] channel recv len=19 entropy=4.25 bs_len=19 u16le=21314 u32le=1266498 ascii='BS.....R...C....gk.'
[2026-06-10 22:21:01] channel BS frame #725: body_len=15 head=91 d6 10 52 96 17 0f 43 c1 ca fc f8 67 6b e0 ascii='...R...C....gk.'
[2026-06-10 22:21:01] channel recv len=9 entropy=2.95 bs_len=9 u16le=21314 u32le=611138 ascii='BS...u.4~'
[2026-06-10 22:21:01] channel BS frame #726: body_len=5 head=2e 75 09 34 7e ascii='.u.4~'
[2026-06-10 22:21:01] channel recv len=17 entropy=4.09 bs_len=17 u16le=21314 u32le=1135426 ascii='BS..^.MU....5/..6'
[2026-06-10 22:21:01] channel BS frame #727: body_len=13 head=5e dc 4d 55 94 f7 95 18 35 2f 0c 19 36 ascii='^.MU....5/..6'
[2026-06-10 22:21:01] channel recv len=17 entropy=4.09 bs_len=17 u16le=21314 u32le=1135426 ascii='BS..`R...J..!M...'
[2026-06-10 22:21:01] channel BS frame #728: body_len=13 head=60 52 fe 16 b1 4a cf e9 21 4d 0d 9f 09 ascii='`R...J..!M...'
[2026-06-10 22:21:01] channel recv len=17 entropy=4.09 bs_len=17 u16le=21314 u32le=1135426 ascii='BS..Py.1x.s..Du..'
[2026-06-10 22:21:01] channel BS frame #729: body_len=13 head=50 79 90 31 78 de 73 81 a7 44 75 e3 9a ascii='Py.1x.s..Du..'
[2026-06-10 22:21:01] channel recv len=17 entropy=4.09 bs_len=17 u16le=21314 u32le=1135426 ascii='BS......bf1.,...N'
[2026-06-10 22:21:01] channel BS frame #730: body_len=13 head=7f 06 bf 87 62 66 31 e6 2c 97 b6 f4 4e ascii='....bf1.,...N'
[2026-06-10 22:21:01] channel recv len=19 entropy=4.14 bs_len=19 u16le=21314 u32le=1266498 ascii='BS.....qmd..D..2...'
[2026-06-10 22:21:01] channel BS frame #731: body_len=15 head=81 b3 ec 71 6d 64 af ef 44 e6 aa 32 0c 0f 0c ascii='...qmd..D..2...'
[2026-06-10 22:21:01] channel recv len=17 entropy=4.09 bs_len=17 u16le=21314 u32le=1135426 ascii='BS..!"...s.E..Rw.'
[2026-06-10 22:21:01] channel BS frame #732: body_len=13 head=21 22 07 a5 bd 73 de 45 c3 03 52 77 d0 ascii='!"...s.E..Rw.'
[2026-06-10 22:21:02] channel recv len=5 entropy=2.32 bs_len=5 u16le=21314 u32le=348994 ascii='BS..a'
[2026-06-10 22:21:02] channel BS frame #733: body_len=1 head=61 ascii='a'
[2026-06-10 22:21:02] channel replay observed client frame #733; server frames sent=512
[2026-06-10 22:21:02] channel recv len=17 entropy=4.09 bs_len=17 u16le=21314 u32le=1135426 ascii='BS..(y7........2.'
[2026-06-10 22:21:02] channel BS frame #734: body_len=13 head=28 79 37 c6 cf 06 a0 95 16 b8 e7 32 85 ascii='(y7........2.'
[2026-06-10 22:21:02] channel recv len=33 entropy=4.05 bs_len=13 u16le=21314 u32le=873282 ascii='BS..[.-.z.#N,BS.....Sz.#N,BS.....'
[2026-06-10 22:21:02] channel BS frame #735: body_len=9 head=5b f8 2d 91 7a f6 23 4e 2c ascii='[.-.z.#N,'
[2026-06-10 22:21:02] channel BS frame #736: body_len=9 head=81 bc 00 53 7a f6 23 4e 2c ascii='...Sz.#N,'
[2026-06-10 22:21:02] channel BS frame #737: body_len=3 head=86 19 a0 ascii='...'
[2026-06-10 22:21:02] channel recv len=17 entropy=4.09 bs_len=17 u16le=21314 u32le=1135426 ascii='BS.._...]......H.'
[2026-06-10 22:21:02] channel BS frame #738: body_len=13 head=5f e8 d3 c0 5d 8a 08 ea bc ca b6 48 ae ascii='_...]......H.'
[2026-06-10 22:21:02] channel recv len=13 entropy=3.55 bs_len=13 u16le=21314 u32le=873282 ascii='BS..=........'
[2026-06-10 22:21:02] channel BS frame #739: body_len=9 head=3d e0 e0 c6 9f 13 ae b6 e3 ascii='=........'
[2026-06-10 22:21:02] channel recv len=13 entropy=3.70 bs_len=13 u16le=21314 u32le=873282 ascii='BS.....$.t...'
[2026-06-10 22:21:02] channel BS frame #740: body_len=9 head=12 df c2 24 b3 74 95 a0 c9 ascii='...$.t...'
[2026-06-10 22:21:02] channel recv len=17 entropy=3.97 bs_len=17 u16le=21314 u32le=1135426 ascii='BS.......Ty...A..'
[2026-06-10 22:21:02] channel BS frame #741: body_len=13 head=d6 05 d5 06 d5 54 79 f1 1b 9c 41 90 d1 ascii='.....Ty...A..'
[2026-06-10 22:21:02] channel recv len=13 entropy=3.70 bs_len=13 u16le=21314 u32le=873282 ascii='BS..c....;..O'
[2026-06-10 22:21:02] channel BS frame #742: body_len=9 head=63 a1 a5 c8 98 3b 99 b2 4f ascii='c....;..O'
[2026-06-10 22:21:02] channel recv len=13 entropy=3.70 bs_len=13 u16le=21314 u32le=873282 ascii='BS..q<FX;..O.'
[2026-06-10 22:21:02] channel BS frame #743: body_len=9 head=71 3c 46 58 3b ae fd 4f ad ascii='q<FX;..O.'
[2026-06-10 22:21:02] channel recv len=17 entropy=3.85 bs_len=17 u16le=21314 u32le=1135426 ascii='BS..A..u.........'
[2026-06-10 22:21:02] channel BS frame #744: body_len=13 head=41 87 90 75 cc 90 14 9d ca ad e3 11 f0 ascii='A..u.........'
[2026-06-10 22:21:03] channel recv len=17 entropy=3.97 bs_len=17 u16le=21314 u32le=1135426 ascii='BS.....&..././d|@'
[2026-06-10 22:21:03] channel BS frame #745: body_len=13 head=8d a7 9b 26 b2 c9 96 2f 8a 2f 64 7c 40 ascii='...&..././d|@'
[2026-06-10 22:21:03] channel recv len=19 entropy=3.93 bs_len=19 u16le=21314 u32le=1266498 ascii='BS.....#)...v.).}..'
[2026-06-10 22:21:03] channel BS frame #746: body_len=15 head=da 8f 87 23 29 00 8f de 76 b1 29 ae 7d b8 bc ascii='...#)...v.).}..'
[2026-06-10 22:21:03] channel recv len=17 entropy=4.09 bs_len=17 u16le=21314 u32le=1135426 ascii='BS............]..'
[2026-06-10 22:21:03] channel BS frame #747: body_len=13 head=f8 9e d5 f5 e5 0d 99 8b e8 e3 5d 87 b3 ascii='..........]..'
[2026-06-10 22:21:03] channel recv len=17 entropy=4.09 bs_len=17 u16le=21314 u32le=1135426 ascii='BS...E%u".a....O.'
[2026-06-10 22:21:03] channel BS frame #748: body_len=13 head=d4 45 25 75 22 84 61 fc e0 d1 e7 4f 0e ascii='.E%u".a....O.'
[2026-06-10 22:21:03] channel recv len=17 entropy=3.97 bs_len=17 u16le=21314 u32le=1135426 ascii='BS....[D.~B.5#..4'
[2026-06-10 22:21:03] channel BS frame #749: body_len=13 head=a8 f4 5b 44 18 7e 42 d7 35 23 8d c5 34 ascii='..[D.~B.5#..4'
[2026-06-10 22:21:03] channel recv len=13 entropy=3.70 bs_len=13 u16le=21314 u32le=873282 ascii='BS...@...f...'
[2026-06-10 22:21:03] channel BS frame #750: body_len=9 head=14 40 b8 96 1d 66 2e cb a7 ascii='.@...f...'
[2026-06-10 22:21:03] channel recv len=13 entropy=3.70 bs_len=13 u16le=21314 u32le=873282 ascii='BS.........p.'
[2026-06-10 22:21:03] channel BS frame #751: body_len=9 head=9c d1 a5 ce 97 aa 93 70 c0 ascii='.......p.'
[2026-06-10 22:21:03] channel recv len=17 entropy=3.97 bs_len=17 u16le=21314 u32le=1135426 ascii='BS..f............'
[2026-06-10 22:21:03] channel BS frame #752: body_len=13 head=66 0c c5 cf 83 f6 a5 ff a0 1a 2e 2e cb ascii='f............'
[2026-06-10 22:21:03] channel recv len=9 entropy=3.17 bs_len=9 u16le=21314 u32le=611138 ascii='BS..J7 ..'
[2026-06-10 22:21:03] channel BS frame #753: body_len=5 head=4a 37 20 bf 8e ascii='J7 ..'
[2026-06-10 22:21:03] channel recv len=17 entropy=4.09 bs_len=17 u16le=21314 u32le=1135426 ascii='BS....:....K.Gu..'
[2026-06-10 22:21:03] channel BS frame #754: body_len=13 head=8e db 3a e4 8d 0c c1 4b ad 47 75 b6 f9 ascii='..:....K.Gu..'
[2026-06-10 22:21:04] channel recv len=17 entropy=4.09 bs_len=17 u16le=21314 u32le=1135426 ascii='BS..If...m...$E."'
[2026-06-10 22:21:04] channel BS frame #755: body_len=13 head=49 66 a8 d5 95 6d 8c ea c0 24 45 dd 22 ascii='If...m...$E."'
[2026-06-10 22:21:04] channel recv len=19 entropy=4.25 bs_len=19 u16le=21314 u32le=1266498 ascii='BS..l.<..........2.'
[2026-06-10 22:21:04] channel BS frame #756: body_len=15 head=6c c7 3c fd 0f 90 08 0e f4 cc 98 ee c5 32 1d ascii='l.<..........2.'
[2026-06-10 22:21:04] channel recv len=17 entropy=4.09 bs_len=17 u16le=21314 u32le=1135426 ascii='BS......b{.c..R.,'
[2026-06-10 22:21:04] channel BS frame #757: body_len=13 head=85 82 aa d0 62 7b ec 63 90 7f 52 f7 2c ascii='....b{.c..R.,'
[2026-06-10 22:21:04] channel recv len=17 entropy=4.09 bs_len=17 u16le=21314 u32le=1135426 ascii='BS.....s..<.....-'
[2026-06-10 22:21:04] channel BS frame #758: body_len=13 head=e1 b1 9e 73 ae 06 3c e9 95 c8 17 ba 2d ascii='...s..<.....-'
[2026-06-10 22:21:04] channel recv len=17 entropy=4.09 bs_len=17 u16le=21314 u32le=1135426 ascii='BS...i.!..T......'
[2026-06-10 22:21:04] channel BS frame #759: body_len=13 head=92 69 ee 21 1d 8d 54 bc eb 8e a9 c3 05 ascii='.i.!..T......'
[2026-06-10 22:21:04] channel recv len=17 entropy=3.97 bs_len=17 u16le=21314 u32le=1135426 ascii='BS..L99.;f.>.....'
[2026-06-10 22:21:04] channel BS frame #760: body_len=13 head=4c 39 39 97 3b 66 f7 3e 05 8d ae 89 9b ascii='L99.;f.>.....'
[2026-06-10 22:21:04] channel recv len=19 entropy=4.25 bs_len=19 u16le=21314 u32le=1266498 ascii='BS....3.....Wr...,.'
[2026-06-10 22:21:04] channel BS frame #761: body_len=15 head=f4 0e 33 0b f3 c3 fd 84 57 72 9b e9 01 2c e5 ascii='..3.....Wr...,.'
[2026-06-10 22:21:04] channel recv len=32 entropy=3.91 bs_len=6 u16le=21314 u32le=414530 ascii='BS...0BS...Q*.z.#N,BS.....Sz.#N,'
[2026-06-10 22:21:04] channel BS frame #762: body_len=2 head=8a 30 ascii='.0'
[2026-06-10 22:21:04] channel BS frame #763: body_len=9 head=9a 51 2a bc 7a f6 23 4e 2c ascii='.Q*.z.#N,'
[2026-06-10 22:21:04] channel BS frame #764: body_len=9 head=81 bc 00 53 7a f6 23 4e 2c ascii='...Sz.#N,'
[2026-06-10 22:21:04] channel recv len=17 entropy=3.97 bs_len=17 u16le=21314 u32le=1135426 ascii='BS......BQ..Km..f'
[2026-06-10 22:21:04] channel BS frame #765: body_len=13 head=91 f8 de a6 42 51 10 15 4b 6d 98 ec 66 ascii='....BQ..Km..f'
[2026-06-10 22:21:05] channel recv len=17 entropy=3.97 bs_len=17 u16le=21314 u32le=1135426 ascii='BS...73..@5......'
[2026-06-10 22:21:05] channel BS frame #766: body_len=13 head=ec 37 33 8e f9 40 35 e4 b1 9d d6 09 f9 ascii='.73..@5......'
[2026-06-10 22:21:05] channel recv len=5 entropy=2.32 bs_len=5 u16le=21314 u32le=348994 ascii='BS..('
[2026-06-10 22:21:05] channel BS frame #767: body_len=1 head=28 ascii='('
[2026-06-10 22:21:05] channel replay observed client frame #767; server frames sent=522
[2026-06-10 22:21:05] channel recv len=17 entropy=3.85 bs_len=17 u16le=21314 u32le=1135426 ascii='BS.....n......#.J'
[2026-06-10 22:21:05] channel BS frame #768: body_len=13 head=e0 11 7f 6e 10 be 16 9b 1b 9a 23 e0 4a ascii='...n......#.J'
[2026-06-10 22:21:05] channel recv len=15 entropy=3.91 bs_len=15 u16le=21314 u32le=1004354 ascii='BS..Zas....~)..'
[2026-06-10 22:21:05] channel BS frame #769: body_len=11 head=5a 61 73 b9 fe 2e 98 7e 29 ee 1d ascii='Zas....~)..'
[2026-06-10 22:21:05] channel recv len=17 entropy=4.09 bs_len=17 u16le=21314 u32le=1135426 ascii='BS..).*ah...s..\\.'
[2026-06-10 22:21:05] channel BS frame #770: body_len=13 head=29 f4 2a 61 68 93 c0 03 73 9d bc 5c f6 ascii=').*ah...s..\\.'
[2026-06-10 22:21:05] channel recv len=19 entropy=4.25 bs_len=19 u16le=21314 u32le=1266498 ascii='BS...}>...fQ.LsR...'
[2026-06-10 22:21:05] channel BS frame #771: body_len=15 head=f6 7d 3e d9 fa d7 66 51 0e 4c 73 52 c8 f9 12 ascii='.}>...fQ.LsR...'
[2026-06-10 22:21:05] channel recv len=15 entropy=3.77 bs_len=15 u16le=21314 u32le=1004354 ascii='BS....&..l..jB}'
[2026-06-10 22:21:05] channel BS frame #772: body_len=11 head=a2 0c 26 c6 d6 6c 0a bf 6a 42 7d ascii='..&..l..jB}'
[2026-06-10 22:21:05] channel recv len=19 entropy=4.25 bs_len=19 u16le=21314 u32le=1266498 ascii='BS.................'
[2026-06-10 22:21:05] channel BS frame #773: body_len=15 head=d7 bf ba 9c b6 11 8f f8 bc 9e f2 12 1a d8 ab ascii='...............'
[2026-06-10 22:21:05] channel recv len=17 entropy=3.97 bs_len=17 u16le=21314 u32le=1135426 ascii='BS...<..P......D.'
[2026-06-10 22:21:05] channel BS frame #774: body_len=13 head=b4 3c 87 05 50 8b cc a9 c5 f6 a9 44 8d ascii='.<..P......D.'
[2026-06-10 22:21:05] channel recv len=13 entropy=3.70 bs_len=13 u16le=21314 u32le=873282 ascii='BS...r..g...,'
[2026-06-10 22:21:05] channel BS frame #775: body_len=9 head=c8 72 ea af 67 12 df bf 2c ascii='.r..g...,'
[2026-06-10 22:21:08] channel recv len=5 entropy=2.32 bs_len=5 u16le=21314 u32le=348994 ascii='BS...'
[2026-06-10 22:21:08] channel BS frame #776: body_len=1 head=ba ascii='.'
[2026-06-10 22:21:08] channel replay observed client frame #776; server frames sent=532
[2026-06-10 22:21:11] channel recv len=5 entropy=2.32 bs_len=5 u16le=21314 u32le=348994 ascii='BS...'
[2026-06-10 22:21:11] channel BS frame #777: body_len=1 head=a2 ascii='.'
[2026-06-10 22:21:11] channel replay observed client frame #777; server frames sent=542
[2026-06-10 22:21:14] channel recv len=5 entropy=2.32 bs_len=5 u16le=21314 u32le=348994 ascii='BS...'
[2026-06-10 22:21:14] channel BS frame #778: body_len=1 head=f6 ascii='.'
[2026-06-10 22:21:14] channel replay observed client frame #778; server frames sent=546
[2026-06-10 22:21:17] channel recv len=5 entropy=2.32 bs_len=5 u16le=21314 u32le=348994 ascii='BS...'
[2026-06-10 22:21:17] channel BS frame #779: body_len=1 head=c1 ascii='.'
[2026-06-10 22:21:17] channel replay observed client frame #779; server frames sent=554
[2026-06-10 22:21:17] channel recv len=9 entropy=3.17 bs_len=9 u16le=21314 u32le=611138 ascii='BS.....g9'
[2026-06-10 22:21:17] channel BS frame #780: body_len=5 head=14 d4 c2 67 39 ascii='...g9'
[2026-06-10 22:21:17] channel recv len=9 entropy=3.17 bs_len=9 u16le=21314 u32le=611138 ascii='BS..z.cr.'
[2026-06-10 22:21:17] channel BS frame #781: body_len=5 head=7a 8d 63 72 c8 ascii='z.cr.'
[2026-06-10 22:21:17] channel recv len=9 entropy=3.17 bs_len=9 u16le=21314 u32le=611138 ascii='BS..v.T..'
[2026-06-10 22:21:17] channel BS frame #782: body_len=5 head=76 9e 54 1c e2 ascii='v.T..'
[2026-06-10 22:21:17] channel recv len=9 entropy=3.17 bs_len=9 u16le=21314 u32le=611138 ascii='BS..t.cr.'
[2026-06-10 22:21:17] channel BS frame #783: body_len=5 head=74 8d 63 72 c8 ascii='t.cr.'
[2026-06-10 22:21:17] channel recv len=9 entropy=3.17 bs_len=9 u16le=21314 u32le=611138 ascii='BS..v..m['
[2026-06-10 22:21:17] channel BS frame #784: body_len=5 head=76 8c 1c 6d 5b ascii='v..m['
[2026-06-10 22:21:17] channel recv len=9 entropy=3.17 bs_len=9 u16le=21314 u32le=611138 ascii='BS....cr.'
[2026-06-10 22:21:17] channel BS frame #785: body_len=5 head=87 8d 63 72 c8 ascii='..cr.'
[2026-06-10 22:21:17] channel recv len=9 entropy=3.17 bs_len=9 u16le=21314 u32le=611138 ascii='BS..v..M.'
[2026-06-10 22:21:17] channel BS frame #786: body_len=5 head=76 9d ee 4d eb ascii='v..M.'
[2026-06-10 22:21:17] channel recv len=9 entropy=3.17 bs_len=9 u16le=21314 u32le=611138 ascii='BS....cr.'
[2026-06-10 22:21:17] channel BS frame #787: body_len=5 head=ed 8d 63 72 c8 ascii='..cr.'
[2026-06-10 22:21:18] channel recv len=9 entropy=2.95 bs_len=9 u16le=21314 u32le=611138 ascii='BS..v..`S'
[2026-06-10 22:21:18] channel BS frame #788: body_len=5 head=76 93 e9 60 53 ascii='v..`S'
[2026-06-10 22:21:18] channel recv len=9 entropy=3.17 bs_len=9 u16le=21314 u32le=611138 ascii='BS....cr.'
[2026-06-10 22:21:18] channel BS frame #789: body_len=5 head=0a 8d 63 72 c8 ascii='..cr.'
[2026-06-10 22:21:18] channel recv len=9 entropy=3.17 bs_len=9 u16le=21314 u32le=611138 ascii='BS..v..<R'
[2026-06-10 22:21:18] channel BS frame #790: body_len=5 head=76 8f a6 3c 52 ascii='v..<R'
[2026-06-10 22:21:18] channel recv len=9 entropy=3.17 bs_len=9 u16le=21314 u32le=611138 ascii='BS....cr.'
[2026-06-10 22:21:18] channel BS frame #791: body_len=5 head=1e 8d 63 72 c8 ascii='..cr.'
[2026-06-10 22:21:18] channel recv len=9 entropy=3.17 bs_len=9 u16le=21314 u32le=611138 ascii='BS..v.a..'
[2026-06-10 22:21:18] channel BS frame #792: body_len=5 head=76 98 61 b9 81 ascii='v.a..'
[2026-06-10 22:21:18] channel recv len=9 entropy=3.17 bs_len=9 u16le=21314 u32le=611138 ascii='BS.......'
[2026-06-10 22:21:18] channel BS frame #793: body_len=5 head=9d 8a c0 e7 ac ascii='.....'
[2026-06-10 22:21:18] channel recv len=9 entropy=3.17 bs_len=9 u16le=21314 u32le=611138 ascii='BS.....<R'
[2026-06-10 22:21:18] channel BS frame #794: body_len=5 head=e8 8f a6 3c 52 ascii='...<R'
[2026-06-10 22:21:18] channel recv len=9 entropy=3.17 bs_len=9 u16le=21314 u32le=611138 ascii='BS....O..'
[2026-06-10 22:21:18] channel BS frame #795: body_len=5 head=1e 8f 4f 13 c6 ascii='..O..'
[2026-06-10 22:21:18] channel recv len=9 entropy=3.17 bs_len=9 u16le=21314 u32le=611138 ascii='BS.....<R'
[2026-06-10 22:21:18] channel BS frame #796: body_len=5 head=98 8f a6 3c 52 ascii='...<R'
[2026-06-10 22:21:18] channel recv len=9 entropy=3.17 bs_len=9 u16le=21314 u32le=611138 ascii='BS....}..'
[2026-06-10 22:21:18] channel BS frame #797: body_len=5 head=1e 87 7d 9b 1d ascii='..}..'
[2026-06-10 22:21:18] channel recv len=9 entropy=3.17 bs_len=9 u16le=21314 u32le=611138 ascii='BS.....<R'
[2026-06-10 22:21:18] channel BS frame #798: body_len=5 head=96 8f a6 3c 52 ascii='...<R'
[2026-06-10 22:21:18] channel recv len=9 entropy=3.17 bs_len=9 u16le=21314 u32le=611138 ascii='BS.......'
[2026-06-10 22:21:18] channel BS frame #799: body_len=5 head=1e 88 ec 86 a2 ascii='.....'
[2026-06-10 22:21:18] channel recv len=9 entropy=3.17 bs_len=9 u16le=21314 u32le=611138 ascii='BS.....<R'
[2026-06-10 22:21:18] channel BS frame #800: body_len=5 head=06 8f a6 3c 52 ascii='...<R'
[2026-06-10 22:21:18] channel recv len=9 entropy=3.17 bs_len=9 u16le=21314 u32le=611138 ascii='BS.....#.'
[2026-06-10 22:21:18] channel BS frame #801: body_len=5 head=1e 8e d9 23 c1 ascii='...#.'
[2026-06-10 22:21:18] channel recv len=9 entropy=3.17 bs_len=9 u16le=21314 u32le=611138 ascii='BS.....<R'
[2026-06-10 22:21:18] channel BS frame #802: body_len=5 head=ef 8f a6 3c 52 ascii='...<R'
[2026-06-10 22:21:18] channel recv len=9 entropy=3.17 bs_len=9 u16le=21314 u32le=611138 ascii='BS....V..'
[2026-06-10 22:21:18] channel BS frame #803: body_len=5 head=1e 8b 56 d7 ab ascii='..V..'
[2026-06-10 22:21:18] channel recv len=9 entropy=3.17 bs_len=9 u16le=21314 u32le=611138 ascii='BS.....<R'
[2026-06-10 22:21:18] channel BS frame #804: body_len=5 head=9f 8f a6 3c 52 ascii='...<R'
[2026-06-10 22:21:18] channel recv len=9 entropy=3.17 bs_len=9 u16le=21314 u32le=611138 ascii='BS....}..'
[2026-06-10 22:21:18] channel BS frame #805: body_len=5 head=1e 87 7d 9b 1d ascii='..}..'
[2026-06-10 22:21:18] channel recv len=9 entropy=3.17 bs_len=9 u16le=21314 u32le=611138 ascii='BS.....<R'
[2026-06-10 22:21:18] channel BS frame #806: body_len=5 head=96 8f a6 3c 52 ascii='...<R'
[2026-06-10 22:21:18] channel recv len=9 entropy=3.17 bs_len=9 u16le=21314 u32le=611138 ascii='BS....cr.'
[2026-06-10 22:21:18] channel BS frame #807: body_len=5 head=1e 8d 63 72 c8 ascii='..cr.'
[2026-06-10 22:21:18] channel recv len=9 entropy=3.17 bs_len=9 u16le=21314 u32le=611138 ascii='BS..v...0'
[2026-06-10 22:21:18] channel BS frame #808: body_len=5 head=76 95 dc c5 30 ascii='v...0'
[2026-06-10 22:21:18] channel recv len=9 entropy=3.17 bs_len=9 u16le=21314 u32le=611138 ascii='BS.....Rx'
[2026-06-10 22:21:18] channel BS frame #809: body_len=5 head=e3 9c 91 52 78 ascii='...Rx'
[2026-06-10 22:21:18] channel recv len=9 entropy=3.17 bs_len=9 u16le=21314 u32le=611138 ascii='BS.....PT'
[2026-06-10 22:21:18] channel BS frame #810: body_len=5 head=1c 92 7f 50 54 ascii='...PT'
[2026-06-10 22:21:18] channel recv len=9 entropy=3.17 bs_len=9 u16le=21314 u32le=611138 ascii='BS..}....'
[2026-06-10 22:21:18] channel BS frame #811: body_len=5 head=7d 86 eb ab 1a ascii='}....'
[2026-06-10 22:21:19] channel recv len=9 entropy=2.95 bs_len=9 u16le=21314 u32le=611138 ascii='BS....S1Z'
[2026-06-10 22:21:19] channel BS frame #812: body_len=5 head=e1 90 53 31 5a ascii='..S1Z'
[2026-06-10 22:21:19] channel recv len=9 entropy=3.17 bs_len=9 u16le=21314 u32le=611138 ascii='BS....O..'
[2026-06-10 22:21:19] channel BS frame #813: body_len=5 head=93 8f 4f 13 c6 ascii='..O..'
[2026-06-10 22:21:20] channel recv len=5 entropy=2.32 bs_len=5 u16le=21314 u32le=348994 ascii='BS...'
[2026-06-10 22:21:20] channel BS frame #814: body_len=1 head=ed ascii='.'
[2026-06-10 22:21:20] channel replay observed client frame #814; server frames sent=564
[2026-06-10 22:21:23] channel recv len=5 entropy=2.32 bs_len=5 u16le=21314 u32le=348994 ascii='BS..#'
[2026-06-10 22:21:23] channel BS frame #815: body_len=1 head=23 ascii='#'
[2026-06-10 22:21:23] channel replay observed client frame #815; server frames sent=574
[2026-06-10 22:21:23] channel recv len=9 entropy=3.17 bs_len=9 u16le=21314 u32le=611138 ascii="BS...'.g9"
[2026-06-10 22:21:23] channel BS frame #816: body_len=5 head=b0 27 c2 67 39 ascii=".'.g9"
[2026-06-10 22:21:23] channel recv len=9 entropy=3.17 bs_len=9 u16le=21314 u32le=611138 ascii='BS..z.cr.'
[2026-06-10 22:21:23] channel BS frame #817: body_len=5 head=7a 8d 63 72 c8 ascii='z.cr.'
[2026-06-10 22:21:24] channel recv len=9 entropy=3.17 bs_len=9 u16le=21314 u32le=611138 ascii='BS..v.x}.'
[2026-06-10 22:21:24] channel BS frame #818: body_len=5 head=76 9c 78 7d ec ascii='v.x}.'
[2026-06-10 22:21:24] channel recv len=9 entropy=3.17 bs_len=9 u16le=21314 u32le=611138 ascii='BS.....#.'
[2026-06-10 22:21:24] channel BS frame #819: body_len=5 head=9a 8e d9 23 c1 ascii='...#.'
[2026-06-10 22:21:24] channel recv len=9 entropy=3.17 bs_len=9 u16le=21314 u32le=611138 ascii='BS.....<R'
[2026-06-10 22:21:24] channel BS frame #820: body_len=5 head=ef 8f a6 3c 52 ascii='...<R'
[2026-06-10 22:21:24] channel recv len=9 entropy=3.17 bs_len=9 u16le=21314 u32le=611138 ascii='BS....cr.'
[2026-06-10 22:21:24] channel BS frame #821: body_len=5 head=1e 8d 63 72 c8 ascii='..cr.'
[2026-06-10 22:21:24] channel recv len=9 entropy=3.17 bs_len=9 u16le=21314 u32le=611138 ascii='BS..v..<R'
[2026-06-10 22:21:24] channel BS frame #822: body_len=5 head=76 8f a6 3c 52 ascii='v..<R'
[2026-06-10 22:21:24] channel recv len=9 entropy=3.17 bs_len=9 u16le=21314 u32le=611138 ascii='BS....O..'
[2026-06-10 22:21:24] channel BS frame #823: body_len=5 head=1e 8f 4f 13 c6 ascii='..O..'
[2026-06-10 22:21:24] channel recv len=9 entropy=2.95 bs_len=9 u16le=21314 u32le=611138 ascii='BS....a..'
[2026-06-10 22:21:24] channel BS frame #824: body_len=5 head=98 98 61 b9 81 ascii='..a..'
[2026-06-10 22:21:24] channel recv len=9 entropy=3.17 bs_len=9 u16le=21314 u32le=611138 ascii='BS....cr.'
[2026-06-10 22:21:24] channel BS frame #825: body_len=5 head=9d 8d 63 72 c8 ascii='..cr.'
[2026-06-10 22:21:24] channel recv len=9 entropy=3.17 bs_len=9 u16le=21314 u32le=611138 ascii='BS..v..<R'
[2026-06-10 22:21:24] channel BS frame #826: body_len=5 head=76 8f a6 3c 52 ascii='v..<R'
[2026-06-10 22:21:24] channel recv len=9 entropy=3.17 bs_len=9 u16le=21314 u32le=611138 ascii='BS.....#.'
[2026-06-10 22:21:24] channel BS frame #827: body_len=5 head=1e 8e d9 23 c1 ascii='...#.'
[2026-06-10 22:21:25] channel recv len=9 entropy=3.17 bs_len=9 u16le=21314 u32le=611138 ascii='BS.....<R'
[2026-06-10 22:21:25] channel BS frame #828: body_len=5 head=ef 8f a6 3c 52 ascii='...<R'
[2026-06-10 22:21:25] channel recv len=9 entropy=3.17 bs_len=9 u16le=21314 u32le=611138 ascii='BS....cr.'
[2026-06-10 22:21:25] channel BS frame #829: body_len=5 head=1e 8d 63 72 c8 ascii='..cr.'
[2026-06-10 22:21:25] channel recv len=9 entropy=2.95 bs_len=9 u16le=21314 u32le=611138 ascii='BS..v..`S'
[2026-06-10 22:21:25] channel BS frame #830: body_len=5 head=76 93 e9 60 53 ascii='v..`S'
[2026-06-10 22:21:25] channel recv len=9 entropy=3.17 bs_len=9 u16le=21314 u32le=611138 ascii='BS....cr.'
[2026-06-10 22:21:25] channel BS frame #831: body_len=5 head=0a 8d 63 72 c8 ascii='..cr.'
[2026-06-10 22:21:25] channel recv len=9 entropy=3.17 bs_len=9 u16le=21314 u32le=611138 ascii='BS..v..PT'
[2026-06-10 22:21:25] channel BS frame #832: body_len=5 head=76 92 7f 50 54 ascii='v..PT'
[2026-06-10 22:21:25] channel recv len=9 entropy=3.17 bs_len=9 u16le=21314 u32le=611138 ascii='BS..}.cr.'
[2026-06-10 22:21:25] channel BS frame #833: body_len=5 head=7d 8d 63 72 c8 ascii='}.cr.'
[2026-06-10 22:21:25] channel recv len=9 entropy=3.17 bs_len=9 u16le=21314 u32le=611138 ascii='BS..v.a..'
[2026-06-10 22:21:25] channel BS frame #834: body_len=5 head=76 98 61 b9 81 ascii='v.a..'
[2026-06-10 22:21:25] channel recv len=9 entropy=3.17 bs_len=9 u16le=21314 u32le=611138 ascii='BS....cr.'
[2026-06-10 22:21:25] channel BS frame #835: body_len=5 head=9d 8d 63 72 c8 ascii='..cr.'
[2026-06-10 22:21:25] channel recv len=9 entropy=3.17 bs_len=9 u16le=21314 u32le=611138 ascii='BS..v....'
[2026-06-10 22:21:25] channel BS frame #836: body_len=5 head=76 87 94 b4 89 ascii='v....'
[2026-06-10 22:21:25] channel recv len=9 entropy=3.17 bs_len=9 u16le=21314 u32le=611138 ascii='BS....O..'
[2026-06-10 22:21:25] channel BS frame #837: body_len=5 head=10 8f 4f 13 c6 ascii='..O..'
[2026-06-10 22:21:25] channel recv len=9 entropy=3.17 bs_len=9 u16le=21314 u32le=611138 ascii='BS......0'
[2026-06-10 22:21:25] channel BS frame #838: body_len=5 head=98 95 dc c5 30 ascii='....0'
[2026-06-10 22:21:25] channel recv len=9 entropy=3.17 bs_len=9 u16le=21314 u32le=611138 ascii='BS....O..'
[2026-06-10 22:21:25] channel BS frame #839: body_len=5 head=e3 8f 4f 13 c6 ascii='..O..'
[2026-06-10 22:21:25] channel recv len=9 entropy=3.17 bs_len=9 u16le=21314 u32le=611138 ascii='BS.....<R'
[2026-06-10 22:21:25] channel BS frame #840: body_len=5 head=98 8f a6 3c 52 ascii='...<R'
[2026-06-10 22:21:25] channel recv len=9 entropy=3.17 bs_len=9 u16le=21314 u32le=611138 ascii='BS....O..'
[2026-06-10 22:21:25] channel BS frame #841: body_len=5 head=1e 8f 4f 13 c6 ascii='..O..'
[2026-06-10 22:21:25] channel recv len=9 entropy=3.17 bs_len=9 u16le=21314 u32le=611138 ascii='BS.....<R'
[2026-06-10 22:21:25] channel BS frame #842: body_len=5 head=98 8f a6 3c 52 ascii='...<R'
[2026-06-10 22:21:25] channel recv len=9 entropy=3.17 bs_len=9 u16le=21314 u32le=611138 ascii='BS.....b.'
[2026-06-10 22:21:25] channel BS frame #843: body_len=5 head=1e 9d 07 62 7f ascii='...b.'
[2026-06-10 22:21:25] channel recv len=9 entropy=3.17 bs_len=9 u16le=21314 u32le=611138 ascii='BS..k..<R'
[2026-06-10 22:21:25] channel BS frame #844: body_len=5 head=6b 8f a6 3c 52 ascii='k..<R'
[2026-06-10 22:21:25] channel recv len=9 entropy=3.17 bs_len=9 u16le=21314 u32le=611138 ascii='BS.....#.'
[2026-06-10 22:21:25] channel BS frame #845: body_len=5 head=1e 8e d9 23 c1 ascii='...#.'
[2026-06-10 22:21:26] channel recv len=9 entropy=3.17 bs_len=9 u16le=21314 u32le=611138 ascii='BS.....<R'
[2026-06-10 22:21:26] channel BS frame #846: body_len=5 head=ef 8f a6 3c 52 ascii='...<R'
[2026-06-10 22:21:26] channel recv len=9 entropy=3.17 bs_len=9 u16le=21314 u32le=611138 ascii='BS....cr.'
[2026-06-10 22:21:26] channel BS frame #847: body_len=5 head=1e 8d 63 72 c8 ascii='..cr.'
[2026-06-10 22:21:26] channel recv len=9 entropy=3.17 bs_len=9 u16le=21314 u32le=611138 ascii='BS..v..<R'
[2026-06-10 22:21:26] channel BS frame #848: body_len=5 head=76 8f a6 3c 52 ascii='v..<R'
[2026-06-10 22:21:26] channel recv len=9 entropy=3.17 bs_len=9 u16le=21314 u32le=611138 ascii='BS.......'
[2026-06-10 22:21:26] channel BS frame #849: body_len=5 head=1e 88 ec 86 a2 ascii='.....'
[2026-06-10 22:21:26] channel recv len=9 entropy=3.17 bs_len=9 u16le=21314 u32le=611138 ascii='BS.....<R'
[2026-06-10 22:21:26] channel BS frame #850: body_len=5 head=06 8f a6 3c 52 ascii='...<R'
[2026-06-10 22:21:26] channel recv len=5 entropy=2.32 bs_len=5 u16le=21314 u32le=348994 ascii='BS..k'
[2026-06-10 22:21:26] channel BS frame #851: body_len=1 head=6b ascii='k'
[2026-06-10 22:21:26] channel replay observed client frame #851; server frames sent=584
[2026-06-10 22:21:26] channel recv len=9 entropy=3.17 bs_len=9 u16le=21314 u32le=611138 ascii='BS..X....'
[2026-06-10 22:21:26] channel BS frame #852: body_len=5 head=58 89 f6 e0 c6 ascii='X....'
[2026-06-10 22:21:26] channel recv len=9 entropy=3.17 bs_len=9 u16le=21314 u32le=611138 ascii='BS.....`.'
[2026-06-10 22:21:26] channel BS frame #853: body_len=5 head=98 a2 d3 60 8d ascii='...`.'
[2026-06-10 22:21:26] channel recv len=9 entropy=3.17 bs_len=9 u16le=21314 u32le=611138 ascii='BS..[..#.'
[2026-06-10 22:21:26] channel BS frame #854: body_len=5 head=5b 8e d9 23 c1 ascii='[..#.'
[2026-06-10 22:21:26] channel recv len=9 entropy=3.17 bs_len=9 u16le=21314 u32le=611138 ascii='BS.....<R'
[2026-06-10 22:21:26] channel BS frame #855: body_len=5 head=ef 8f a6 3c 52 ascii='...<R'
[2026-06-10 22:21:26] channel recv len=9 entropy=3.17 bs_len=9 u16le=21314 u32le=611138 ascii='BS.....#.'
[2026-06-10 22:21:26] channel BS frame #856: body_len=5 head=1e 8e d9 23 c1 ascii='...#.'
[2026-06-10 22:21:26] channel recv len=9 entropy=3.17 bs_len=9 u16le=21314 u32le=611138 ascii='BS.....<R'
[2026-06-10 22:21:26] channel BS frame #857: body_len=5 head=ef 8f a6 3c 52 ascii='...<R'
[2026-06-10 22:21:26] channel recv len=9 entropy=3.17 bs_len=9 u16le=21314 u32le=611138 ascii='BS....O..'
[2026-06-10 22:21:26] channel BS frame #858: body_len=5 head=1e 8f 4f 13 c6 ascii='..O..'
[2026-06-10 22:21:26] channel recv len=9 entropy=3.17 bs_len=9 u16le=21314 u32le=611138 ascii='BS.....<R'
[2026-06-10 22:21:26] channel BS frame #859: body_len=5 head=98 8f a6 3c 52 ascii='...<R'
[2026-06-10 22:21:26] channel recv len=9 entropy=3.17 bs_len=9 u16le=21314 u32le=611138 ascii='BS.....#.'
[2026-06-10 22:21:26] channel BS frame #860: body_len=5 head=1e 8e d9 23 c1 ascii='...#.'
[2026-06-10 22:21:26] channel recv len=9 entropy=3.17 bs_len=9 u16le=21314 u32le=611138 ascii='BS.....<R'
[2026-06-10 22:21:26] channel BS frame #861: body_len=5 head=ef 8f a6 3c 52 ascii='...<R'
[2026-06-10 22:21:26] channel recv len=9 entropy=3.17 bs_len=9 u16le=21314 u32le=611138 ascii='BS.......'
[2026-06-10 22:21:26] channel BS frame #862: body_len=5 head=1e 88 ec 86 a2 ascii='.....'
[2026-06-10 22:21:26] channel recv len=9 entropy=3.17 bs_len=9 u16le=21314 u32le=611138 ascii='BS.....<R'
[2026-06-10 22:21:26] channel BS frame #863: body_len=5 head=06 8f a6 3c 52 ascii='...<R'
[2026-06-10 22:21:26] channel recv len=9 entropy=3.17 bs_len=9 u16le=21314 u32le=611138 ascii='BS.....#.'
[2026-06-10 22:21:26] channel BS frame #864: body_len=5 head=1e 8e d9 23 c1 ascii='...#.'
[2026-06-10 22:21:26] channel recv len=9 entropy=3.17 bs_len=9 u16le=21314 u32le=611138 ascii='BS.....<R'
[2026-06-10 22:21:26] channel BS frame #865: body_len=5 head=ef 8f a6 3c 52 ascii='...<R'
[2026-06-10 22:21:26] channel recv len=9 entropy=3.17 bs_len=9 u16le=21314 u32le=611138 ascii='BS....O..'
[2026-06-10 22:21:26] channel BS frame #866: body_len=5 head=1e 8f 4f 13 c6 ascii='..O..'
[2026-06-10 22:21:26] channel recv len=9 entropy=3.17 bs_len=9 u16le=21314 u32le=611138 ascii='BS.....<R'
[2026-06-10 22:21:26] channel BS frame #867: body_len=5 head=98 8f a6 3c 52 ascii='...<R'
[2026-06-10 22:21:26] channel recv len=9 entropy=3.17 bs_len=9 u16le=21314 u32le=611138 ascii='BS....cr.'
[2026-06-10 22:21:26] channel BS frame #868: body_len=5 head=1e 8d 63 72 c8 ascii='..cr.'
[2026-06-10 22:21:26] channel recv len=9 entropy=3.17 bs_len=9 u16le=21314 u32le=611138 ascii='BS..v..<R'
[2026-06-10 22:21:26] channel BS frame #869: body_len=5 head=76 8f a6 3c 52 ascii='v..<R'
[2026-06-10 22:21:26] channel recv len=9 entropy=3.17 bs_len=9 u16le=21314 u32le=611138 ascii='BS....cr.'
[2026-06-10 22:21:26] channel BS frame #870: body_len=5 head=1e 8d 63 72 c8 ascii='..cr.'
[2026-06-10 22:21:26] channel recv len=9 entropy=3.17 bs_len=9 u16le=21314 u32le=611138 ascii='BS..v..<R'
[2026-06-10 22:21:26] channel BS frame #871: body_len=5 head=76 8f a6 3c 52 ascii='v..<R'
[2026-06-10 22:21:26] channel recv len=9 entropy=3.17 bs_len=9 u16le=21314 u32le=611138 ascii='BS....cr.'
[2026-06-10 22:21:26] channel BS frame #872: body_len=5 head=1e 8d 63 72 c8 ascii='..cr.'
[2026-06-10 22:21:26] channel recv len=9 entropy=2.95 bs_len=9 u16le=21314 u32le=611138 ascii='BS..v..`S'
[2026-06-10 22:21:26] channel BS frame #873: body_len=5 head=76 93 e9 60 53 ascii='v..`S'
[2026-06-10 22:21:26] channel recv len=9 entropy=3.17 bs_len=9 u16le=21314 u32le=611138 ascii='BS.....#.'
[2026-06-10 22:21:26] channel BS frame #874: body_len=5 head=0a 8e d9 23 c1 ascii='...#.'
[2026-06-10 22:21:26] channel recv len=9 entropy=3.17 bs_len=9 u16le=21314 u32le=611138 ascii='BS.....<R'
[2026-06-10 22:21:26] channel BS frame #875: body_len=5 head=ef 8f a6 3c 52 ascii='...<R'
[2026-06-10 22:21:26] channel recv len=9 entropy=3.17 bs_len=9 u16le=21314 u32le=611138 ascii='BS.....#.'
[2026-06-10 22:21:26] channel BS frame #876: body_len=5 head=1e 8e d9 23 c1 ascii='...#.'
[2026-06-10 22:21:27] channel recv len=9 entropy=3.17 bs_len=9 u16le=21314 u32le=611138 ascii='BS.....<R'
[2026-06-10 22:21:27] channel BS frame #877: body_len=5 head=ef 8f a6 3c 52 ascii='...<R'
[2026-06-10 22:21:27] channel recv len=9 entropy=3.17 bs_len=9 u16le=21314 u32le=611138 ascii='BS....cr.'
[2026-06-10 22:21:27] channel BS frame #878: body_len=5 head=1e 8d 63 72 c8 ascii='..cr.'
[2026-06-10 22:21:27] channel recv len=9 entropy=3.17 bs_len=9 u16le=21314 u32le=611138 ascii='BS..v..<R'
[2026-06-10 22:21:27] channel BS frame #879: body_len=5 head=76 8f a6 3c 52 ascii='v..<R'
[2026-06-10 22:21:27] channel recv len=9 entropy=3.17 bs_len=9 u16le=21314 u32le=611138 ascii='BS....cr.'
[2026-06-10 22:21:27] channel BS frame #880: body_len=5 head=1e 8d 63 72 c8 ascii='..cr.'
[2026-06-10 22:21:27] channel recv len=9 entropy=3.17 bs_len=9 u16le=21314 u32le=611138 ascii='BS..v..<R'
[2026-06-10 22:21:27] channel BS frame #881: body_len=5 head=76 8f a6 3c 52 ascii='v..<R'
[2026-06-10 22:21:27] channel recv len=9 entropy=3.17 bs_len=9 u16le=21314 u32le=611138 ascii='BS....cr.'
[2026-06-10 22:21:27] channel BS frame #882: body_len=5 head=1e 8d 63 72 c8 ascii='..cr.'
[2026-06-10 22:21:27] channel recv len=9 entropy=3.17 bs_len=9 u16le=21314 u32le=611138 ascii='BS..v..<R'
[2026-06-10 22:21:27] channel BS frame #883: body_len=5 head=76 8f a6 3c 52 ascii='v..<R'
[2026-06-10 22:21:27] channel recv len=9 entropy=3.17 bs_len=9 u16le=21314 u32le=611138 ascii='BS....V..'
[2026-06-10 22:21:27] channel BS frame #884: body_len=5 head=1e 8b 56 d7 ab ascii='..V..'
[2026-06-10 22:21:27] channel recv len=9 entropy=3.17 bs_len=9 u16le=21314 u32le=611138 ascii='BS.....<R'
[2026-06-10 22:21:27] channel BS frame #885: body_len=5 head=9f 8f a6 3c 52 ascii='...<R'
[2026-06-10 22:21:27] channel recv len=9 entropy=3.17 bs_len=9 u16le=21314 u32le=611138 ascii='BS.....#.'
[2026-06-10 22:21:27] channel BS frame #886: body_len=5 head=1e 8e d9 23 c1 ascii='...#.'
[2026-06-10 22:21:27] channel recv len=9 entropy=3.17 bs_len=9 u16le=21314 u32le=611138 ascii='BS.....<R'
[2026-06-10 22:21:27] channel BS frame #887: body_len=5 head=ef 8f a6 3c 52 ascii='...<R'
[2026-06-10 22:21:27] channel recv len=9 entropy=3.17 bs_len=9 u16le=21314 u32le=611138 ascii='BS....V..'
[2026-06-10 22:21:27] channel BS frame #888: body_len=5 head=1e 8b 56 d7 ab ascii='..V..'
[2026-06-10 22:21:27] channel recv len=9 entropy=3.17 bs_len=9 u16le=21314 u32le=611138 ascii='BS.....<R'
[2026-06-10 22:21:27] channel BS frame #889: body_len=5 head=9f 8f a6 3c 52 ascii='...<R'
[2026-06-10 22:21:27] channel recv len=9 entropy=3.17 bs_len=9 u16le=21314 u32le=611138 ascii='BS....d_p'
[2026-06-10 22:21:27] channel BS frame #890: body_len=5 head=1e 83 64 5f 70 ascii='..d_p'
[2026-06-10 22:21:27] channel recv len=9 entropy=3.17 bs_len=9 u16le=21314 u32le=611138 ascii='BS.....<R'
[2026-06-10 22:21:27] channel BS frame #891: body_len=5 head=91 8f a6 3c 52 ascii='...<R'
[2026-06-10 22:21:27] channel recv len=9 entropy=3.17 bs_len=9 u16le=21314 u32le=611138 ascii='BS.....#.'
[2026-06-10 22:21:27] channel BS frame #892: body_len=5 head=1e 8e d9 23 c1 ascii='...#.'
[2026-06-10 22:21:27] channel recv len=9 entropy=3.17 bs_len=9 u16le=21314 u32le=611138 ascii='BS.....<R'
[2026-06-10 22:21:27] channel BS frame #893: body_len=5 head=ef 8f a6 3c 52 ascii='...<R'
[2026-06-10 22:21:27] channel recv len=9 entropy=3.17 bs_len=9 u16le=21314 u32le=611138 ascii='BS....z..'
[2026-06-10 22:21:27] channel BS frame #894: body_len=5 head=1e 89 7a b6 a5 ascii='..z..'
[2026-06-10 22:21:27] channel recv len=9 entropy=3.17 bs_len=9 u16le=21314 u32le=611138 ascii='BS..q..<R'
[2026-06-10 22:21:27] channel BS frame #895: body_len=5 head=71 8f a6 3c 52 ascii='q..<R'
[2026-06-10 22:21:27] channel recv len=9 entropy=3.17 bs_len=9 u16le=21314 u32le=611138 ascii='BS.....b.'
[2026-06-10 22:21:27] channel BS frame #896: body_len=5 head=1e 9d 07 62 7f ascii='...b.'
[2026-06-10 22:21:27] channel recv len=9 entropy=3.17 bs_len=9 u16le=21314 u32le=611138 ascii='BS..k..<R'
[2026-06-10 22:21:27] channel BS frame #897: body_len=5 head=6b 8f a6 3c 52 ascii='k..<R'
[2026-06-10 22:21:27] channel recv len=9 entropy=3.17 bs_len=9 u16le=21314 u32le=611138 ascii='BS....H>~'
[2026-06-10 22:21:27] channel BS frame #898: body_len=5 head=1e 81 48 3e 7e ascii='..H>~'
[2026-06-10 22:21:27] channel recv len=9 entropy=3.17 bs_len=9 u16le=21314 u32le=611138 ascii='BS.....<R'
[2026-06-10 22:21:27] channel BS frame #899: body_len=5 head=7f 8f a6 3c 52 ascii='...<R'
[2026-06-10 22:21:27] channel recv len=9 entropy=3.17 bs_len=9 u16le=21314 u32le=611138 ascii='BS.....#.'
[2026-06-10 22:21:27] channel BS frame #900: body_len=5 head=1e 8e d9 23 c1 ascii='...#.'
[2026-06-10 22:21:27] channel recv len=9 entropy=3.17 bs_len=9 u16le=21314 u32le=611138 ascii='BS.......'
[2026-06-10 22:21:27] channel BS frame #901: body_len=5 head=ef 9b db e8 88 ascii='.....'
[2026-06-10 22:21:27] channel recv len=9 entropy=3.17 bs_len=9 u16le=21314 u32le=611138 ascii='BS....cr.'
[2026-06-10 22:21:27] channel BS frame #902: body_len=5 head=04 8d 63 72 c8 ascii='..cr.'
[2026-06-10 22:21:28] channel recv len=9 entropy=3.17 bs_len=9 u16le=21314 u32le=611138 ascii='BS..v....'
[2026-06-10 22:21:28] channel BS frame #903: body_len=5 head=76 85 b8 d5 87 ascii='v....'
[2026-06-10 22:21:28] channel recv len=9 entropy=3.17 bs_len=9 u16le=21314 u32le=611138 ascii='BS.....#.'
[2026-06-10 22:21:28] channel BS frame #904: body_len=5 head=fe 8e d9 23 c1 ascii='...#.'
[2026-06-10 22:21:28] channel recv len=9 entropy=3.17 bs_len=9 u16le=21314 u32le=611138 ascii='BS......>'
[2026-06-10 22:21:28] channel BS frame #905: body_len=5 head=ef 97 f0 a4 3e ascii='....>'
[2026-06-10 22:21:28] channel recv len=9 entropy=3.17 bs_len=9 u16le=21314 u32le=611138 ascii='BS.....#.'
[2026-06-10 22:21:28] channel BS frame #906: body_len=5 head=0d 8e d9 23 c1 ascii='...#.'
[2026-06-10 22:21:28] channel recv len=9 entropy=3.17 bs_len=9 u16le=21314 u32le=611138 ascii='BS....f.9'
[2026-06-10 22:21:28] channel BS frame #907: body_len=5 head=ef 96 66 94 39 ascii='..f.9'
[2026-06-10 22:21:28] channel recv len=9 entropy=3.17 bs_len=9 u16le=21314 u32le=611138 ascii='BS..z.cr.'
[2026-06-10 22:21:28] channel BS frame #908: body_len=5 head=7a 8d 63 72 c8 ascii='z.cr.'
[2026-06-10 22:21:28] channel recv len=9 entropy=3.17 bs_len=9 u16le=21314 u32le=611138 ascii='BS..v.0.U'
[2026-06-10 22:21:28] channel BS frame #909: body_len=5 head=76 8e 30 0c 55 ascii='v.0.U'
[2026-06-10 22:21:28] channel recv len=9 entropy=2.95 bs_len=9 u16le=21314 u32le=611138 ascii='BS..i..B.'
[2026-06-10 22:21:28] channel BS frame #910: body_len=5 head=69 8c f5 42 cf ascii='i..B.'
[2026-06-10 22:21:28] channel recv len=9 entropy=3.17 bs_len=9 u16le=21314 u32le=611138 ascii='BS.......'
[2026-06-10 22:21:28] channel BS frame #911: body_len=5 head=01 99 f7 89 86 ascii='.....'
[2026-06-10 22:21:28] channel recv len=9 entropy=3.17 bs_len=9 u16le=21314 u32le=611138 ascii='BS....cr.'
[2026-06-10 22:21:28] channel BS frame #912: body_len=5 head=ea 8d 63 72 c8 ascii='..cr.'
[2026-06-10 22:21:28] channel recv len=9 entropy=3.17 bs_len=9 u16le=21314 u32le=611138 ascii='BS..v...]'
[2026-06-10 22:21:28] channel BS frame #913: body_len=5 head=76 91 c5 01 5d ascii='v...]'
[2026-06-10 22:21:28] channel recv len=9 entropy=2.95 bs_len=9 u16le=21314 u32le=611138 ascii='BS.....B.'
[2026-06-10 22:21:28] channel BS frame #914: body_len=5 head=e4 8c f5 42 cf ascii='...B.'
[2026-06-10 22:21:29] channel recv len=9 entropy=3.17 bs_len=9 u16le=21314 u32le=611138 ascii='BS.....,.'
[2026-06-10 22:21:29] channel BS frame #915: body_len=5 head=01 9f c2 2c e5 ascii='...,.'
[2026-06-10 22:21:29] channel recv len=9 entropy=3.17 bs_len=9 u16le=21314 u32le=611138 ascii='BS....O..'
[2026-06-10 22:21:29] channel BS frame #916: body_len=5 head=03 8f 4f 13 c6 ascii='..O..'
[2026-06-10 22:21:29] channel recv len=9 entropy=3.17 bs_len=9 u16le=21314 u32le=611138 ascii='BS....J.7'
[2026-06-10 22:21:29] channel BS frame #917: body_len=5 head=98 94 4a f5 37 ascii='..J.7'
[2026-06-10 22:21:29] channel recv len=9 entropy=3.17 bs_len=9 u16le=21314 u32le=611138 ascii='BS....cr.'
[2026-06-10 22:21:29] channel BS frame #918: body_len=5 head=94 8d 63 72 c8 ascii='..cr.'
[2026-06-10 22:21:29] channel recv len=5 entropy=2.32 bs_len=5 u16le=21314 u32le=348994 ascii='BS...'
[2026-06-10 22:21:29] channel BS frame #919: body_len=1 head=03 ascii='.'
[2026-06-10 22:21:29] channel replay observed client frame #919; server frames sent=594
[2026-06-10 22:21:30] channel recv len=9 entropy=3.17 bs_len=9 u16le=21314 u32le=611138 ascii='BS..Vq.W>'
[2026-06-10 22:21:30] channel BS frame #920: body_len=5 head=56 71 a7 57 3e ascii='Vq.W>'
[2026-06-10 22:21:30] channel recv len=9 entropy=3.17 bs_len=9 u16le=21314 u32le=611138 ascii='BS.....#.'
[2026-06-10 22:21:30] channel BS frame #921: body_len=5 head=0d 8e d9 23 c1 ascii='...#.'
[2026-06-10 22:21:30] channel recv len=9 entropy=3.17 bs_len=9 u16le=21314 u32le=611138 ascii='BS.....PT'
[2026-06-10 22:21:30] channel BS frame #922: body_len=5 head=ef 92 7f 50 54 ascii='...PT'
[2026-06-10 22:21:30] channel recv len=9 entropy=3.17 bs_len=9 u16le=21314 u32le=611138 ascii='BS..}..#.'
[2026-06-10 22:21:30] channel BS frame #923: body_len=5 head=7d 8e d9 23 c1 ascii='}..#.'
[2026-06-10 22:21:30] channel recv len=9 entropy=3.17 bs_len=9 u16le=21314 u32le=611138 ascii='BS.....<R'
[2026-06-10 22:21:30] channel BS frame #924: body_len=5 head=ef 8f a6 3c 52 ascii='...<R'
[2026-06-10 22:21:30] channel recv len=9 entropy=3.17 bs_len=9 u16le=21314 u32le=611138 ascii='BS.....#.'
[2026-06-10 22:21:30] channel BS frame #925: body_len=5 head=1e 8e d9 23 c1 ascii='...#.'
[2026-06-10 22:21:30] channel recv len=9 entropy=3.17 bs_len=9 u16le=21314 u32le=611138 ascii='BS....M..'
[2026-06-10 22:21:30] channel BS frame #926: body_len=5 head=ef 9a 4d d8 8f ascii='..M..'
[2026-06-10 22:21:30] channel recv len=9 entropy=3.17 bs_len=9 u16le=21314 u32le=611138 ascii='BS..s.O..'
[2026-06-10 22:21:30] channel BS frame #927: body_len=5 head=73 8f 4f 13 c6 ascii='s.O..'
[2026-06-10 22:21:30] channel recv len=9 entropy=3.17 bs_len=9 u16le=21314 u32le=611138 ascii='BS....7!.'
[2026-06-10 22:21:30] channel BS frame #928: body_len=5 head=98 80 37 21 ed ascii='..7!.'
[2026-06-10 22:21:30] channel recv len=9 entropy=3.17 bs_len=9 u16le=21314 u32le=611138 ascii='BS....O..'
[2026-06-10 22:21:30] channel BS frame #929: body_len=5 head=8e 8f 4f 13 c6 ascii='..O..'
[2026-06-10 22:21:31] channel recv len=9 entropy=2.95 bs_len=9 u16le=21314 u32le=611138 ascii='BS....a..'
[2026-06-10 22:21:31] channel BS frame #930: body_len=5 head=98 98 61 b9 81 ascii='..a..'
[2026-06-10 22:21:31] channel recv len=9 entropy=3.17 bs_len=9 u16le=21314 u32le=611138 ascii='BS....cr.'
[2026-06-10 22:21:31] channel BS frame #931: body_len=5 head=9d 8d 63 72 c8 ascii='..cr.'
[2026-06-10 22:21:31] channel recv len=9 entropy=3.17 bs_len=9 u16le=21314 u32le=611138 ascii='BS..v..m['
[2026-06-10 22:21:31] channel BS frame #932: body_len=5 head=76 8c 1c 6d 5b ascii='v..m['
[2026-06-10 22:21:31] channel recv len=9 entropy=3.17 bs_len=9 u16le=21314 u32le=611138 ascii='BS....cr.'
[2026-06-10 22:21:31] channel BS frame #933: body_len=5 head=87 8d 63 72 c8 ascii='..cr.'
[2026-06-10 22:21:31] channel recv len=9 entropy=3.17 bs_len=9 u16le=21314 u32le=611138 ascii='BS..v..p.'
[2026-06-10 22:21:31] channel BS frame #934: body_len=5 head=76 83 8d 70 e4 ascii='v..p.'
[2026-06-10 22:21:31] channel recv len=9 entropy=3.17 bs_len=9 u16le=21314 u32le=611138 ascii='BS....cr.'
[2026-06-10 22:21:31] channel BS frame #935: body_len=5 head=17 8d 63 72 c8 ascii='..cr.'
[2026-06-10 22:21:31] channel recv len=9 entropy=3.17 bs_len=9 u16le=21314 u32le=611138 ascii='BS..v..<R'
[2026-06-10 22:21:31] channel BS frame #936: body_len=5 head=76 8f a6 3c 52 ascii='v..<R'
[2026-06-10 22:21:31] channel recv len=9 entropy=3.17 bs_len=9 u16le=21314 u32le=611138 ascii='BS....O..'
[2026-06-10 22:21:31] channel BS frame #937: body_len=5 head=1e 8f 4f 13 c6 ascii='..O..'
[2026-06-10 22:21:31] channel recv len=9 entropy=3.17 bs_len=9 u16le=21314 u32le=611138 ascii='BS.....<R'
[2026-06-10 22:21:31] channel BS frame #938: body_len=5 head=98 8f a6 3c 52 ascii='...<R'
[2026-06-10 22:21:31] channel recv len=9 entropy=3.17 bs_len=9 u16le=21314 u32le=611138 ascii='BS.....#.'
[2026-06-10 22:21:31] channel BS frame #939: body_len=5 head=1e 8e d9 23 c1 ascii='...#.'
[2026-06-10 22:21:31] channel recv len=9 entropy=3.17 bs_len=9 u16le=21314 u32le=611138 ascii='BS.....<R'
[2026-06-10 22:21:31] channel BS frame #940: body_len=5 head=ef 8f a6 3c 52 ascii='...<R'
[2026-06-10 22:21:31] channel recv len=9 entropy=3.17 bs_len=9 u16le=21314 u32le=611138 ascii='BS....O..'
[2026-06-10 22:21:31] channel BS frame #941: body_len=5 head=1e 8f 4f 13 c6 ascii='..O..'
[2026-06-10 22:21:31] channel recv len=9 entropy=3.17 bs_len=9 u16le=21314 u32le=611138 ascii='BS.....<R'
[2026-06-10 22:21:31] channel BS frame #942: body_len=5 head=98 8f a6 3c 52 ascii='...<R'
[2026-06-10 22:21:31] channel recv len=9 entropy=3.17 bs_len=9 u16le=21314 u32le=611138 ascii='BS.....#.'
[2026-06-10 22:21:31] channel BS frame #943: body_len=5 head=1e 8e d9 23 c1 ascii='...#.'
[2026-06-10 22:21:31] channel recv len=9 entropy=3.17 bs_len=9 u16le=21314 u32le=611138 ascii='BS.....<R'
[2026-06-10 22:21:31] channel BS frame #944: body_len=5 head=ef 8f a6 3c 52 ascii='...<R'
[2026-06-10 22:21:31] channel recv len=9 entropy=3.17 bs_len=9 u16le=21314 u32le=611138 ascii='BS.....#.'
[2026-06-10 22:21:31] channel BS frame #945: body_len=5 head=1e 8e d9 23 c1 ascii='...#.'
[2026-06-10 22:21:32] channel recv len=5 entropy=2.32 bs_len=5 u16le=21314 u32le=348994 ascii='BS...'
[2026-06-10 22:21:32] channel BS frame #946: body_len=1 head=9a ascii='.'
[2026-06-10 22:21:32] channel replay observed client frame #946; server frames sent=604
[2026-06-10 22:21:35] channel recv len=5 entropy=2.32 bs_len=5 u16le=21314 u32le=348994 ascii='BS..#'
[2026-06-10 22:21:35] channel BS frame #947: body_len=1 head=23 ascii='#'
[2026-06-10 22:21:35] channel replay observed client frame #947; server frames sent=608
[2026-06-10 22:21:38] channel recv len=5 entropy=2.32 bs_len=5 u16le=21314 u32le=348994 ascii='BS...'
[2026-06-10 22:21:38] channel BS frame #948: body_len=1 head=c5 ascii='.'
[2026-06-10 22:21:38] channel replay observed client frame #948; server frames sent=616
[2026-06-10 22:21:41] channel recv len=5 entropy=2.32 bs_len=5 u16le=21314 u32le=348994 ascii='BS...'
[2026-06-10 22:21:41] channel BS frame #949: body_len=1 head=92 ascii='.'
[2026-06-10 22:21:41] channel replay observed client frame #949; server frames sent=626
[2026-06-10 22:21:42] channel recv len=9 entropy=3.17 bs_len=9 u16le=21314 u32le=611138 ascii='BS....a.]'
[2026-06-10 22:21:42] channel BS frame #950: body_len=5 head=14 d3 61 f2 5d ascii='..a.]'
[2026-06-10 22:21:42] channel recv len=9 entropy=2.95 bs_len=9 u16le=21314 u32le=611138 ascii='BS.....B.'
[2026-06-10 22:21:42] channel BS frame #951: body_len=5 head=e4 8c f5 42 cf ascii='...B.'
[2026-06-10 22:21:42] channel recv len=9 entropy=3.17 bs_len=9 u16le=21314 u32le=611138 ascii='BS.....,.'
[2026-06-10 22:21:42] channel BS frame #952: body_len=5 head=01 9f c2 2c e5 ascii='...,.'
[2026-06-10 22:21:42] channel recv len=9 entropy=3.17 bs_len=9 u16le=21314 u32le=611138 ascii='BS....cr.'
[2026-06-10 22:21:42] channel BS frame #953: body_len=5 head=03 8d 63 72 c8 ascii='..cr.'
[2026-06-10 22:21:42] channel recv len=9 entropy=3.17 bs_len=9 u16le=21314 u32le=611138 ascii='BS..v..<R'
[2026-06-10 22:21:42] channel BS frame #954: body_len=5 head=76 8f a6 3c 52 ascii='v..<R'
[2026-06-10 22:21:42] channel recv len=9 entropy=2.95 bs_len=9 u16le=21314 u32le=611138 ascii='BS.....B.'
[2026-06-10 22:21:42] channel BS frame #955: body_len=5 head=1e 8c f5 42 cf ascii='...B.'
[2026-06-10 22:21:43] channel recv len=9 entropy=3.17 bs_len=9 u16le=21314 u32le=611138 ascii='BS.......'
[2026-06-10 22:21:43] channel BS frame #956: body_len=5 head=01 99 f7 89 86 ascii='.....'
[2026-06-10 22:21:43] channel recv len=9 entropy=3.17 bs_len=9 u16le=21314 u32le=611138 ascii='BS....O..'
[2026-06-10 22:21:43] channel BS frame #957: body_len=5 head=ea 8f 4f 13 c6 ascii='..O..'
[2026-06-10 22:21:43] channel recv len=9 entropy=3.17 bs_len=9 u16le=21314 u32le=611138 ascii='BS......0'
[2026-06-10 22:21:43] channel BS frame #958: body_len=5 head=98 95 dc c5 30 ascii='....0'
[2026-06-10 22:21:43] channel recv len=9 entropy=3.17 bs_len=9 u16le=21314 u32le=611138 ascii='BS.......'
[2026-06-10 22:21:43] channel BS frame #959: body_len=5 head=e3 88 ec 86 a2 ascii='.....'
[2026-06-10 22:21:43] channel recv len=9 entropy=3.17 bs_len=9 u16le=21314 u32le=611138 ascii='BS.....<R'
[2026-06-10 22:21:43] channel BS frame #960: body_len=5 head=06 8f a6 3c 52 ascii='...<R'
[2026-06-10 22:21:43] channel recv len=9 entropy=3.17 bs_len=9 u16le=21314 u32le=611138 ascii='BS.....ow'
[2026-06-10 22:21:43] channel BS frame #961: body_len=5 head=1e 82 f2 6f 77 ascii='...ow'
[2026-06-10 22:21:43] channel recv len=9 entropy=2.95 bs_len=9 u16le=21314 u32le=611138 ascii='BS.....`S'
[2026-06-10 22:21:43] channel BS frame #962: body_len=5 head=e6 93 e9 60 53 ascii='...`S'
[2026-06-10 22:21:43] channel recv len=9 entropy=3.17 bs_len=9 u16le=21314 u32le=611138 ascii='BS....O..'
[2026-06-10 22:21:43] channel BS frame #963: body_len=5 head=0a 8f 4f 13 c6 ascii='..O..'
[2026-06-10 22:21:43] channel recv len=9 entropy=3.17 bs_len=9 u16le=21314 u32le=611138 ascii='BS.....<R'
[2026-06-10 22:21:43] channel BS frame #964: body_len=5 head=98 8f a6 3c 52 ascii='...<R'
[2026-06-10 22:21:43] channel recv len=9 entropy=3.17 bs_len=9 u16le=21314 u32le=611138 ascii='BS.....#.'
[2026-06-10 22:21:43] channel BS frame #965: body_len=5 head=1e 8e d9 23 c1 ascii='...#.'
[2026-06-10 22:21:43] channel recv len=9 entropy=3.17 bs_len=9 u16le=21314 u32le=611138 ascii='BS.....<R'
[2026-06-10 22:21:43] channel BS frame #966: body_len=5 head=ef 8f a6 3c 52 ascii='...<R'
[2026-06-10 22:21:43] channel recv len=9 entropy=3.17 bs_len=9 u16le=21314 u32le=611138 ascii='BS....cr.'
[2026-06-10 22:21:43] channel BS frame #967: body_len=5 head=1e 8d 63 72 c8 ascii='..cr.'
[2026-06-10 22:21:43] channel recv len=9 entropy=3.17 bs_len=9 u16le=21314 u32le=611138 ascii='BS..v..<R'
[2026-06-10 22:21:43] channel BS frame #968: body_len=5 head=76 8f a6 3c 52 ascii='v..<R'
[2026-06-10 22:21:43] channel recv len=9 entropy=3.17 bs_len=9 u16le=21314 u32le=611138 ascii='BS.....#.'
[2026-06-10 22:21:43] channel BS frame #969: body_len=5 head=1e 8e d9 23 c1 ascii='...#.'
[2026-06-10 22:21:43] channel recv len=9 entropy=3.17 bs_len=9 u16le=21314 u32le=611138 ascii='BS.....<R'
[2026-06-10 22:21:43] channel BS frame #970: body_len=5 head=ef 8f a6 3c 52 ascii='...<R'
[2026-06-10 22:21:43] channel recv len=9 entropy=3.17 bs_len=9 u16le=21314 u32le=611138 ascii='BS....O..'
[2026-06-10 22:21:43] channel BS frame #971: body_len=5 head=1e 8f 4f 13 c6 ascii='..O..'
[2026-06-10 22:21:43] channel recv len=9 entropy=3.17 bs_len=9 u16le=21314 u32le=611138 ascii='BS.....<R'
[2026-06-10 22:21:43] channel BS frame #972: body_len=5 head=98 8f a6 3c 52 ascii='...<R'
[2026-06-10 22:21:43] channel recv len=9 entropy=3.17 bs_len=9 u16le=21314 u32le=611138 ascii='BS.....ow'
[2026-06-10 22:21:43] channel BS frame #973: body_len=5 head=1e 82 f2 6f 77 ascii='...ow'
[2026-06-10 22:21:43] channel recv len=9 entropy=3.17 bs_len=9 u16le=21314 u32le=611138 ascii='BS.....<R'
[2026-06-10 22:21:43] channel BS frame #974: body_len=5 head=e6 8f a6 3c 52 ascii='...<R'
[2026-06-10 22:21:43] channel recv len=9 entropy=3.17 bs_len=9 u16le=21314 u32le=611138 ascii='BS....cr.'
[2026-06-10 22:21:43] channel BS frame #975: body_len=5 head=1e 8d 63 72 c8 ascii='..cr.'
[2026-06-10 22:21:43] channel recv len=9 entropy=3.17 bs_len=9 u16le=21314 u32le=611138 ascii='BS..v..<R'
[2026-06-10 22:21:43] channel BS frame #976: body_len=5 head=76 8f a6 3c 52 ascii='v..<R'
[2026-06-10 22:21:43] channel recv len=9 entropy=3.17 bs_len=9 u16le=21314 u32le=611138 ascii='BS.......'
[2026-06-10 22:21:43] channel BS frame #977: body_len=5 head=1e 8a c0 e7 ac ascii='.....'
[2026-06-10 22:21:43] channel recv len=9 entropy=3.17 bs_len=9 u16le=21314 u32le=611138 ascii='BS.....<R'
[2026-06-10 22:21:43] channel BS frame #978: body_len=5 head=e8 8f a6 3c 52 ascii='...<R'
[2026-06-10 22:21:43] channel recv len=9 entropy=3.17 bs_len=9 u16le=21314 u32le=611138 ascii='BS....O..'
[2026-06-10 22:21:43] channel BS frame #979: body_len=5 head=1e 8f 4f 13 c6 ascii='..O..'
[2026-06-10 22:21:43] channel recv len=9 entropy=3.17 bs_len=9 u16le=21314 u32le=611138 ascii='BS.....<R'
[2026-06-10 22:21:43] channel BS frame #980: body_len=5 head=98 8f a6 3c 52 ascii='...<R'
[2026-06-10 22:21:43] channel recv len=9 entropy=3.17 bs_len=9 u16le=21314 u32le=611138 ascii='BS....O..'
[2026-06-10 22:21:43] channel BS frame #981: body_len=5 head=1e 8f 4f 13 c6 ascii='..O..'
[2026-06-10 22:21:43] channel recv len=9 entropy=3.17 bs_len=9 u16le=21314 u32le=611138 ascii='BS.....<R'
[2026-06-10 22:21:43] channel BS frame #982: body_len=5 head=98 8f a6 3c 52 ascii='...<R'
[2026-06-10 22:21:43] channel recv len=9 entropy=3.17 bs_len=9 u16le=21314 u32le=611138 ascii='BS......y'
[2026-06-10 22:21:43] channel BS frame #983: body_len=5 head=1e 80 de 0e 79 ascii='....y'
[2026-06-10 22:21:44] channel recv len=9 entropy=3.17 bs_len=9 u16le=21314 u32le=611138 ascii='BS.....<R'
[2026-06-10 22:21:44] channel BS frame #984: body_len=5 head=08 8f a6 3c 52 ascii='...<R'
[2026-06-10 22:21:44] channel recv len=9 entropy=3.17 bs_len=9 u16le=21314 u32le=611138 ascii='BS.....#.'
[2026-06-10 22:21:44] channel BS frame #985: body_len=5 head=1e 8e d9 23 c1 ascii='...#.'
[2026-06-10 22:21:44] channel recv len=9 entropy=3.17 bs_len=9 u16le=21314 u32le=611138 ascii='BS.....<R'
[2026-06-10 22:21:44] channel BS frame #986: body_len=5 head=ef 8f a6 3c 52 ascii='...<R'
[2026-06-10 22:21:44] channel recv len=9 entropy=3.17 bs_len=9 u16le=21314 u32le=611138 ascii='BS....d_p'
[2026-06-10 22:21:44] channel BS frame #987: body_len=5 head=1e 83 64 5f 70 ascii='..d_p'
[2026-06-10 22:21:44] channel recv len=5 entropy=2.32 bs_len=5 u16le=21314 u32le=348994 ascii='BS...'
[2026-06-10 22:21:44] channel BS frame #988: body_len=1 head=e4 ascii='.'
[2026-06-10 22:21:44] channel replay observed client frame #988; server frames sent=636
[2026-06-10 22:21:44] channel recv len=9 entropy=3.17 bs_len=9 u16le=21314 u32le=611138 ascii='BS..Vi..R'
[2026-06-10 22:21:44] channel BS frame #989: body_len=5 head=56 69 f1 cf 52 ascii='Vi..R'
[2026-06-10 22:21:44] channel recv len=9 entropy=3.17 bs_len=9 u16le=21314 u32le=611138 ascii='BS....z..'
[2026-06-10 22:21:44] channel BS frame #990: body_len=5 head=1e 89 7a b6 a5 ascii='..z..'
[2026-06-10 22:21:44] channel recv len=9 entropy=3.17 bs_len=9 u16le=21314 u32le=611138 ascii='BS..q..<R'
[2026-06-10 22:21:44] channel BS frame #991: body_len=5 head=71 8f a6 3c 52 ascii='q..<R'
[2026-06-10 22:21:44] channel recv len=9 entropy=3.17 bs_len=9 u16le=21314 u32le=611138 ascii='BS.......'
[2026-06-10 22:21:44] channel BS frame #992: body_len=5 head=1e 88 ec 86 a2 ascii='.....'
[2026-06-10 22:21:44] channel recv len=9 entropy=3.17 bs_len=9 u16le=21314 u32le=611138 ascii='BS.....<R'
[2026-06-10 22:21:44] channel BS frame #993: body_len=5 head=06 8f a6 3c 52 ascii='...<R'
[2026-06-10 22:21:44] channel recv len=9 entropy=3.17 bs_len=9 u16le=21314 u32le=611138 ascii='BS....O..'
[2026-06-10 22:21:44] channel BS frame #994: body_len=5 head=1e 8f 4f 13 c6 ascii='..O..'
[2026-06-10 22:21:44] channel recv len=9 entropy=3.17 bs_len=9 u16le=21314 u32le=611138 ascii='BS.....<R'
[2026-06-10 22:21:44] channel BS frame #995: body_len=5 head=98 8f a6 3c 52 ascii='...<R'
[2026-06-10 22:21:44] channel recv len=9 entropy=3.17 bs_len=9 u16le=21314 u32le=611138 ascii='BS....H>~'
[2026-06-10 22:21:44] channel BS frame #996: body_len=5 head=1e 81 48 3e 7e ascii='..H>~'
[2026-06-10 22:21:44] channel recv len=9 entropy=3.17 bs_len=9 u16le=21314 u32le=611138 ascii='BS.....<R'
[2026-06-10 22:21:44] channel BS frame #997: body_len=5 head=7f 8f a6 3c 52 ascii='...<R'
[2026-06-10 22:21:44] channel recv len=9 entropy=3.17 bs_len=9 u16le=21314 u32le=611138 ascii='BS....V..'
[2026-06-10 22:21:44] channel BS frame #998: body_len=5 head=1e 8b 56 d7 ab ascii='..V..'
[2026-06-10 22:21:44] channel recv len=9 entropy=3.17 bs_len=9 u16le=21314 u32le=611138 ascii='BS.....<R'
[2026-06-10 22:21:44] channel BS frame #999: body_len=5 head=9f 8f a6 3c 52 ascii='...<R'
[2026-06-10 22:21:44] channel recv len=9 entropy=3.17 bs_len=9 u16le=21314 u32le=611138 ascii='BS....d_p'
[2026-06-10 22:21:44] channel BS frame #1000: body_len=5 head=1e 83 64 5f 70 ascii='..d_p'
[2026-06-10 22:21:44] channel client plain frame #1000: len=9 entropy=2.95 bs_len=9 u16le=21314 u32le=611138 ascii='BS..g....'
[2026-06-10 22:21:44] channel recv len=9 entropy=3.17 bs_len=9 u16le=21314 u32le=611138 ascii='BS.....<R'
[2026-06-10 22:21:44] channel BS frame #1001: body_len=5 head=91 8f a6 3c 52 ascii='...<R'
[2026-06-10 22:21:44] channel recv len=9 entropy=3.17 bs_len=9 u16le=21314 u32le=611138 ascii='BS....}..'
[2026-06-10 22:21:44] channel BS frame #1002: body_len=5 head=1e 87 7d 9b 1d ascii='..}..'
[2026-06-10 22:21:44] channel recv len=9 entropy=3.17 bs_len=9 u16le=21314 u32le=611138 ascii='BS.....<R'
[2026-06-10 22:21:44] channel BS frame #1003: body_len=5 head=96 8f a6 3c 52 ascii='...<R'
[2026-06-10 22:21:44] channel recv len=9 entropy=3.17 bs_len=9 u16le=21314 u32le=611138 ascii='BS....d_p'
[2026-06-10 22:21:44] channel BS frame #1004: body_len=5 head=1e 83 64 5f 70 ascii='..d_p'
[2026-06-10 22:21:44] channel recv len=9 entropy=3.17 bs_len=9 u16le=21314 u32le=611138 ascii='BS.....<R'
[2026-06-10 22:21:44] channel BS frame #1005: body_len=5 head=91 8f a6 3c 52 ascii='...<R'
[2026-06-10 22:21:44] channel recv len=9 entropy=3.17 bs_len=9 u16le=21314 u32le=611138 ascii='BS.....b.'
[2026-06-10 22:21:44] channel BS frame #1006: body_len=5 head=1e 9d 07 62 7f ascii='...b.'
[2026-06-10 22:21:45] channel recv len=9 entropy=3.17 bs_len=9 u16le=21314 u32le=611138 ascii='BS..k..<R'
[2026-06-10 22:21:45] channel BS frame #1007: body_len=5 head=6b 8f a6 3c 52 ascii='k..<R'
[2026-06-10 22:21:45] channel recv len=9 entropy=3.17 bs_len=9 u16le=21314 u32le=611138 ascii='BS.....Rx'
[2026-06-10 22:21:45] channel BS frame #1008: body_len=5 head=1e 9c 91 52 78 ascii='...Rx'
[2026-06-10 22:21:45] channel recv len=9 entropy=3.17 bs_len=9 u16le=21314 u32le=611138 ascii='BS.....<R'
[2026-06-10 22:21:45] channel BS frame #1009: body_len=5 head=1c 8f a6 3c 52 ascii='...<R'
[2026-06-10 22:21:45] channel recv len=9 entropy=3.17 bs_len=9 u16le=21314 u32le=611138 ascii='BS.....ow'
[2026-06-10 22:21:45] channel BS frame #1010: body_len=5 head=1e 82 f2 6f 77 ascii='...ow'
[2026-06-10 22:21:45] channel recv len=9 entropy=3.17 bs_len=9 u16le=21314 u32le=611138 ascii='BS.....<R'
[2026-06-10 22:21:45] channel BS frame #1011: body_len=5 head=e6 8f a6 3c 52 ascii='...<R'
[2026-06-10 22:21:45] channel recv len=9 entropy=3.17 bs_len=9 u16le=21314 u32le=611138 ascii='BS....d_p'
[2026-06-10 22:21:45] channel BS frame #1012: body_len=5 head=1e 83 64 5f 70 ascii='..d_p'
[2026-06-10 22:21:45] channel recv len=9 entropy=3.17 bs_len=9 u16le=21314 u32le=611138 ascii='BS.....<R'
[2026-06-10 22:21:45] channel BS frame #1013: body_len=5 head=91 8f a6 3c 52 ascii='...<R'
[2026-06-10 22:21:45] channel recv len=9 entropy=3.17 bs_len=9 u16le=21314 u32le=611138 ascii='BS....d_p'
[2026-06-10 22:21:45] channel BS frame #1014: body_len=5 head=1e 83 64 5f 70 ascii='..d_p'
[2026-06-10 22:21:45] channel recv len=9 entropy=3.17 bs_len=9 u16le=21314 u32le=611138 ascii='BS.....<R'
[2026-06-10 22:21:45] channel BS frame #1015: body_len=5 head=91 8f a6 3c 52 ascii='...<R'
[2026-06-10 22:21:45] channel recv len=9 entropy=3.17 bs_len=9 u16le=21314 u32le=611138 ascii='BS.....Rx'
[2026-06-10 22:21:45] channel BS frame #1016: body_len=5 head=1e 9c 91 52 78 ascii='...Rx'
[2026-06-10 22:21:45] channel recv len=9 entropy=3.17 bs_len=9 u16le=21314 u32le=611138 ascii='BS.....<R'
[2026-06-10 22:21:45] channel BS frame #1017: body_len=5 head=1c 8f a6 3c 52 ascii='...<R'
[2026-06-10 22:21:45] channel recv len=9 entropy=3.17 bs_len=9 u16le=21314 u32le=611138 ascii='BS....H>~'
[2026-06-10 22:21:45] channel BS frame #1018: body_len=5 head=1e 81 48 3e 7e ascii='..H>~'
[2026-06-10 22:21:45] channel recv len=9 entropy=3.17 bs_len=9 u16le=21314 u32le=611138 ascii='BS.....<R'
[2026-06-10 22:21:45] channel BS frame #1019: body_len=5 head=7f 8f a6 3c 52 ascii='...<R'
[2026-06-10 22:21:45] channel recv len=9 entropy=3.17 bs_len=9 u16le=21314 u32le=611138 ascii='BS.....Rx'
[2026-06-10 22:21:45] channel BS frame #1020: body_len=5 head=1e 9c 91 52 78 ascii='...Rx'
[2026-06-10 22:21:45] channel recv len=9 entropy=3.17 bs_len=9 u16le=21314 u32le=611138 ascii='BS.....<R'
[2026-06-10 22:21:45] channel BS frame #1021: body_len=5 head=1c 8f a6 3c 52 ascii='...<R'
[2026-06-10 22:21:45] channel recv len=9 entropy=3.17 bs_len=9 u16le=21314 u32le=611138 ascii='BS.....b.'
[2026-06-10 22:21:45] channel BS frame #1022: body_len=5 head=1e 9d 07 62 7f ascii='...b.'
[2026-06-10 22:21:45] channel recv len=9 entropy=3.17 bs_len=9 u16le=21314 u32le=611138 ascii='BS..k..<R'
[2026-06-10 22:21:45] channel BS frame #1023: body_len=5 head=6b 8f a6 3c 52 ascii='k..<R'
[2026-06-10 22:21:45] channel recv len=9 entropy=3.17 bs_len=9 u16le=21314 u32le=611138 ascii='BS.....b.'
[2026-06-10 22:21:45] channel BS frame #1024: body_len=5 head=1e 9d 07 62 7f ascii='...b.'
[2026-06-10 22:21:46] channel recv len=9 entropy=3.17 bs_len=9 u16le=21314 u32le=611138 ascii='BS..k..<R'
[2026-06-10 22:21:46] channel BS frame #1025: body_len=5 head=6b 8f a6 3c 52 ascii='k..<R'
[2026-06-10 22:21:46] channel recv len=9 entropy=3.17 bs_len=9 u16le=21314 u32le=611138 ascii='BS......y'
[2026-06-10 22:21:46] channel BS frame #1026: body_len=5 head=1e 80 de 0e 79 ascii='....y'
[2026-06-10 22:21:46] channel recv len=9 entropy=3.17 bs_len=9 u16le=21314 u32le=611138 ascii='BS.....<R'
[2026-06-10 22:21:46] channel BS frame #1027: body_len=5 head=08 8f a6 3c 52 ascii='...<R'
[2026-06-10 22:21:46] channel recv len=9 entropy=3.17 bs_len=9 u16le=21314 u32le=611138 ascii='BS....d_p'
[2026-06-10 22:21:46] channel BS frame #1028: body_len=5 head=1e 83 64 5f 70 ascii='..d_p'
[2026-06-10 22:21:46] channel recv len=9 entropy=3.17 bs_len=9 u16le=21314 u32le=611138 ascii='BS.....<R'
[2026-06-10 22:21:46] channel BS frame #1029: body_len=5 head=91 8f a6 3c 52 ascii='...<R'
[2026-06-10 22:21:46] channel recv len=9 entropy=3.17 bs_len=9 u16le=21314 u32le=611138 ascii='BS....z..'
[2026-06-10 22:21:46] channel BS frame #1030: body_len=5 head=1e 89 7a b6 a5 ascii='..z..'
[2026-06-10 22:21:46] channel recv len=9 entropy=3.17 bs_len=9 u16le=21314 u32le=611138 ascii='BS..q..<R'
[2026-06-10 22:21:46] channel BS frame #1031: body_len=5 head=71 8f a6 3c 52 ascii='q..<R'
[2026-06-10 22:21:46] channel recv len=9 entropy=3.17 bs_len=9 u16le=21314 u32le=611138 ascii='BS.....#.'
[2026-06-10 22:21:46] channel BS frame #1032: body_len=5 head=1e 8e d9 23 c1 ascii='...#.'
[2026-06-10 22:21:46] channel recv len=9 entropy=3.17 bs_len=9 u16le=21314 u32le=611138 ascii='BS.....<R'
[2026-06-10 22:21:46] channel BS frame #1033: body_len=5 head=ef 8f a6 3c 52 ascii='...<R'
[2026-06-10 22:21:46] channel recv len=9 entropy=3.17 bs_len=9 u16le=21314 u32le=611138 ascii='BS.....b.'
[2026-06-10 22:21:46] channel BS frame #1034: body_len=5 head=1e 9d 07 62 7f ascii='...b.'
[2026-06-10 22:21:46] channel recv len=9 entropy=3.17 bs_len=9 u16le=21314 u32le=611138 ascii='BS..k..<R'
[2026-06-10 22:21:46] channel BS frame #1035: body_len=5 head=6b 8f a6 3c 52 ascii='k..<R'
[2026-06-10 22:21:46] channel recv len=9 entropy=3.17 bs_len=9 u16le=21314 u32le=611138 ascii='BS.....b.'
[2026-06-10 22:21:46] channel BS frame #1036: body_len=5 head=1e 9d 07 62 7f ascii='...b.'
[2026-06-10 22:21:46] channel recv len=9 entropy=3.17 bs_len=9 u16le=21314 u32le=611138 ascii='BS..k..<R'
[2026-06-10 22:21:46] channel BS frame #1037: body_len=5 head=6b 8f a6 3c 52 ascii='k..<R'
[2026-06-10 22:21:46] channel recv len=9 entropy=3.17 bs_len=9 u16le=21314 u32le=611138 ascii='BS......y'
[2026-06-10 22:21:46] channel BS frame #1038: body_len=5 head=1e 80 de 0e 79 ascii='....y'
[2026-06-10 22:21:46] channel recv len=9 entropy=3.17 bs_len=9 u16le=21314 u32le=611138 ascii='BS.....<R'
[2026-06-10 22:21:46] channel BS frame #1039: body_len=5 head=08 8f a6 3c 52 ascii='...<R'
[2026-06-10 22:21:46] channel recv len=9 entropy=3.17 bs_len=9 u16le=21314 u32le=611138 ascii='BS....d_p'
[2026-06-10 22:21:46] channel BS frame #1040: body_len=5 head=1e 83 64 5f 70 ascii='..d_p'
[2026-06-10 22:21:46] channel recv len=9 entropy=3.17 bs_len=9 u16le=21314 u32le=611138 ascii='BS.....<R'
[2026-06-10 22:21:46] channel BS frame #1041: body_len=5 head=91 8f a6 3c 52 ascii='...<R'
[2026-06-10 22:21:46] channel recv len=9 entropy=3.17 bs_len=9 u16le=21314 u32le=611138 ascii='BS.....Rx'
[2026-06-10 22:21:46] channel BS frame #1042: body_len=5 head=1e 9c 91 52 78 ascii='...Rx'
[2026-06-10 22:21:46] channel recv len=9 entropy=3.17 bs_len=9 u16le=21314 u32le=611138 ascii='BS.....<R'
[2026-06-10 22:21:46] channel BS frame #1043: body_len=5 head=1c 8f a6 3c 52 ascii='...<R'
[2026-06-10 22:21:46] channel recv len=9 entropy=3.17 bs_len=9 u16le=21314 u32le=611138 ascii='BS.......'
[2026-06-10 22:21:46] channel BS frame #1044: body_len=5 head=1e 86 eb ab 1a ascii='.....'
[2026-06-10 22:21:46] channel recv len=9 entropy=3.17 bs_len=9 u16le=21314 u32le=611138 ascii='BS.....<R'
[2026-06-10 22:21:46] channel BS frame #1045: body_len=5 head=e1 8f a6 3c 52 ascii='...<R'
[2026-06-10 22:21:47] channel recv len=9 entropy=3.17 bs_len=9 u16le=21314 u32le=611138 ascii='BS.....Rx'
[2026-06-10 22:21:47] channel BS frame #1046: body_len=5 head=1e 9c 91 52 78 ascii='...Rx'
[2026-06-10 22:21:47] channel recv len=9 entropy=3.17 bs_len=9 u16le=21314 u32le=611138 ascii='BS.....<R'
[2026-06-10 22:21:47] channel BS frame #1047: body_len=5 head=1c 8f a6 3c 52 ascii='...<R'
[2026-06-10 22:21:47] channel recv len=9 entropy=3.17 bs_len=9 u16le=21314 u32le=611138 ascii='BS.....ow'
[2026-06-10 22:21:47] channel BS frame #1048: body_len=5 head=1e 82 f2 6f 77 ascii='...ow'
[2026-06-10 22:21:47] channel recv len=5 entropy=2.32 bs_len=5 u16le=21314 u32le=348994 ascii='BS...'
[2026-06-10 22:21:47] channel BS frame #1049: body_len=1 head=93 ascii='.'
[2026-06-10 22:21:47] channel replay observed client frame #1049; server frames sent=646
[2026-06-10 22:21:47] channel recv len=9 entropy=3.17 bs_len=9 u16le=21314 u32le=611138 ascii='BS..Vi..R'
[2026-06-10 22:21:47] channel BS frame #1050: body_len=5 head=56 69 f1 cf 52 ascii='Vi..R'
[2026-06-10 22:21:47] channel recv len=9 entropy=3.17 bs_len=9 u16le=21314 u32le=611138 ascii='BS.......'
[2026-06-10 22:21:47] channel BS frame #1051: body_len=5 head=1e 84 c7 ca 14 ascii='.....'
[2026-06-10 22:21:47] channel recv len=9 entropy=3.17 bs_len=9 u16le=21314 u32le=611138 ascii='BS.....<R'
[2026-06-10 22:21:47] channel BS frame #1052: body_len=5 head=0f 8f a6 3c 52 ascii='...<R'
[2026-06-10 22:21:47] channel recv len=9 entropy=3.17 bs_len=9 u16le=21314 u32le=611138 ascii='BS.....b.'
[2026-06-10 22:21:47] channel BS frame #1053: body_len=5 head=1e 9d 07 62 7f ascii='...b.'
[2026-06-10 22:21:47] channel recv len=9 entropy=3.17 bs_len=9 u16le=21314 u32le=611138 ascii='BS..k..@.'
[2026-06-10 22:21:47] channel BS frame #1054: body_len=5 head=6b 82 1b 40 e3 ascii='k..@.'
[2026-06-10 22:21:47] channel recv len=9 entropy=3.17 bs_len=9 u16le=21314 u32le=611138 ascii='BS..`..b.'
[2026-06-10 22:21:47] channel BS frame #1055: body_len=5 head=60 9d 07 62 7f ascii='`..b.'
[2026-06-10 22:21:47] channel recv len=9 entropy=3.17 bs_len=9 u16le=21314 u32le=611138 ascii='BS..k..<R'
[2026-06-10 22:21:47] channel BS frame #1056: body_len=5 head=6b 8f a6 3c 52 ascii='k..<R'
[2026-06-10 22:21:47] channel recv len=9 entropy=3.17 bs_len=9 u16le=21314 u32le=611138 ascii='BS.......'
[2026-06-10 22:21:47] channel BS frame #1057: body_len=5 head=1e 88 ec 86 a2 ascii='.....'
[2026-06-10 22:21:47] channel recv len=9 entropy=3.17 bs_len=9 u16le=21314 u32le=611138 ascii='BS.....<R'
[2026-06-10 22:21:47] channel BS frame #1058: body_len=5 head=06 8f a6 3c 52 ascii='...<R'
[2026-06-10 22:21:47] channel recv len=9 entropy=3.17 bs_len=9 u16le=21314 u32le=611138 ascii='BS.....b.'
[2026-06-10 22:21:47] channel BS frame #1059: body_len=5 head=1e 9d 07 62 7f ascii='...b.'
[2026-06-10 22:21:47] channel recv len=9 entropy=3.17 bs_len=9 u16le=21314 u32le=611138 ascii='BS..k..<R'
[2026-06-10 22:21:47] channel BS frame #1060: body_len=5 head=6b 8f a6 3c 52 ascii='k..<R'
[2026-06-10 22:21:47] channel recv len=9 entropy=3.17 bs_len=9 u16le=21314 u32le=611138 ascii='BS.....b.'
[2026-06-10 22:21:47] channel BS frame #1061: body_len=5 head=1e 9d 07 62 7f ascii='...b.'
[2026-06-10 22:21:48] channel recv len=9 entropy=3.17 bs_len=9 u16le=21314 u32le=611138 ascii='BS..k..<R'
[2026-06-10 22:21:48] channel BS frame #1062: body_len=5 head=6b 8f a6 3c 52 ascii='k..<R'
[2026-06-10 22:21:48] channel recv len=9 entropy=3.17 bs_len=9 u16le=21314 u32le=611138 ascii='BS.......'
[2026-06-10 22:21:48] channel BS frame #1063: body_len=5 head=1e 86 eb ab 1a ascii='.....'
[2026-06-10 22:21:48] channel recv len=9 entropy=3.17 bs_len=9 u16le=21314 u32le=611138 ascii='BS.....<R'
[2026-06-10 22:21:48] channel BS frame #1064: body_len=5 head=e1 8f a6 3c 52 ascii='...<R'
[2026-06-10 22:21:48] channel recv len=9 entropy=3.17 bs_len=9 u16le=21314 u32le=611138 ascii='BS.......'
[2026-06-10 22:21:48] channel BS frame #1065: body_len=5 head=1e 86 eb ab 1a ascii='.....'
[2026-06-10 22:21:48] channel recv len=9 entropy=3.17 bs_len=9 u16le=21314 u32le=611138 ascii='BS.....<R'
[2026-06-10 22:21:48] channel BS frame #1066: body_len=5 head=e1 8f a6 3c 52 ascii='...<R'
[2026-06-10 22:21:48] channel recv len=9 entropy=3.17 bs_len=9 u16le=21314 u32le=611138 ascii='BS....cr.'
[2026-06-10 22:21:48] channel BS frame #1067: body_len=5 head=1e 8d 63 72 c8 ascii='..cr.'
[2026-06-10 22:21:48] channel recv len=9 entropy=3.17 bs_len=9 u16le=21314 u32le=611138 ascii='BS..v..<R'
[2026-06-10 22:21:48] channel BS frame #1068: body_len=5 head=76 8f a6 3c 52 ascii='v..<R'
[2026-06-10 22:21:48] channel recv len=9 entropy=3.17 bs_len=9 u16le=21314 u32le=611138 ascii='BS....O..'
[2026-06-10 22:21:48] channel BS frame #1069: body_len=5 head=1e 8f 4f 13 c6 ascii='..O..'
[2026-06-10 22:21:48] channel recv len=9 entropy=3.17 bs_len=9 u16le=21314 u32le=611138 ascii='BS.....<R'
[2026-06-10 22:21:48] channel BS frame #1070: body_len=5 head=98 8f a6 3c 52 ascii='...<R'
[2026-06-10 22:21:48] channel recv len=9 entropy=3.17 bs_len=9 u16le=21314 u32le=611138 ascii='BS.....b.'
[2026-06-10 22:21:48] channel BS frame #1071: body_len=5 head=1e 9d 07 62 7f ascii='...b.'
[2026-06-10 22:21:48] channel recv len=9 entropy=3.17 bs_len=9 u16le=21314 u32le=611138 ascii='BS..k..<R'
[2026-06-10 22:21:48] channel BS frame #1072: body_len=5 head=6b 8f a6 3c 52 ascii='k..<R'
[2026-06-10 22:21:48] channel recv len=9 entropy=3.17 bs_len=9 u16le=21314 u32le=611138 ascii='BS....cr.'
[2026-06-10 22:21:48] channel BS frame #1073: body_len=5 head=1e 8d 63 72 c8 ascii='..cr.'
[2026-06-10 22:21:48] channel recv len=9 entropy=3.17 bs_len=9 u16le=21314 u32le=611138 ascii='BS..v..<R'
[2026-06-10 22:21:48] channel BS frame #1074: body_len=5 head=76 8f a6 3c 52 ascii='v..<R'
[2026-06-10 22:21:48] channel recv len=9 entropy=3.17 bs_len=9 u16le=21314 u32le=611138 ascii='BS....O..'
[2026-06-10 22:21:48] channel BS frame #1075: body_len=5 head=1e 8f 4f 13 c6 ascii='..O..'
[2026-06-10 22:21:48] channel recv len=9 entropy=3.17 bs_len=9 u16le=21314 u32le=611138 ascii='BS.....<R'
[2026-06-10 22:21:48] channel BS frame #1076: body_len=5 head=98 8f a6 3c 52 ascii='...<R'
[2026-06-10 22:21:48] channel recv len=9 entropy=3.17 bs_len=9 u16le=21314 u32le=611138 ascii='BS......y'
[2026-06-10 22:21:48] channel BS frame #1077: body_len=5 head=1e 80 de 0e 79 ascii='....y'
[2026-06-10 22:21:48] channel recv len=9 entropy=3.17 bs_len=9 u16le=21314 u32le=611138 ascii='BS.....<R'
[2026-06-10 22:21:48] channel BS frame #1078: body_len=5 head=08 8f a6 3c 52 ascii='...<R'
[2026-06-10 22:21:48] channel recv len=9 entropy=3.17 bs_len=9 u16le=21314 u32le=611138 ascii='BS.....Rx'
[2026-06-10 22:21:48] channel BS frame #1079: body_len=5 head=1e 9c 91 52 78 ascii='...Rx'
[2026-06-10 22:21:48] channel recv len=9 entropy=3.17 bs_len=9 u16le=21314 u32le=611138 ascii='BS.....<R'
[2026-06-10 22:21:48] channel BS frame #1080: body_len=5 head=1c 8f a6 3c 52 ascii='...<R'
[2026-06-10 22:21:48] channel recv len=9 entropy=3.17 bs_len=9 u16le=21314 u32le=611138 ascii='BS.......'
[2026-06-10 22:21:48] channel BS frame #1081: body_len=5 head=1e 88 ec 86 a2 ascii='.....'
[2026-06-10 22:21:48] channel recv len=9 entropy=3.17 bs_len=9 u16le=21314 u32le=611138 ascii='BS.....<R'
[2026-06-10 22:21:48] channel BS frame #1082: body_len=5 head=06 8f a6 3c 52 ascii='...<R'
[2026-06-10 22:21:48] channel recv len=9 entropy=3.17 bs_len=9 u16le=21314 u32le=611138 ascii='BS....cr.'
[2026-06-10 22:21:48] channel BS frame #1083: body_len=5 head=1e 8d 63 72 c8 ascii='..cr.'
[2026-06-10 22:21:48] channel recv len=9 entropy=3.17 bs_len=9 u16le=21314 u32le=611138 ascii='BS..v..<R'
[2026-06-10 22:21:48] channel BS frame #1084: body_len=5 head=76 8f a6 3c 52 ascii='v..<R'
[2026-06-10 22:21:48] channel recv len=9 entropy=3.17 bs_len=9 u16le=21314 u32le=611138 ascii='BS.....Rx'
[2026-06-10 22:21:48] channel BS frame #1085: body_len=5 head=1e 9c 91 52 78 ascii='...Rx'
[2026-06-10 22:21:48] channel recv len=9 entropy=3.17 bs_len=9 u16le=21314 u32le=611138 ascii='BS.....<R'
[2026-06-10 22:21:48] channel BS frame #1086: body_len=5 head=1c 8f a6 3c 52 ascii='...<R'
[2026-06-10 22:21:49] channel recv len=9 entropy=3.17 bs_len=9 u16le=21314 u32le=611138 ascii='BS.....Rx'
[2026-06-10 22:21:49] channel BS frame #1087: body_len=5 head=1e 9c 91 52 78 ascii='...Rx'
[2026-06-10 22:21:49] channel recv len=9 entropy=3.17 bs_len=9 u16le=21314 u32le=611138 ascii='BS.....<R'
[2026-06-10 22:21:49] channel BS frame #1088: body_len=5 head=1c 8f a6 3c 52 ascii='...<R'
[2026-06-10 22:21:49] channel recv len=9 entropy=3.17 bs_len=9 u16le=21314 u32le=611138 ascii='BS....H>~'
[2026-06-10 22:21:49] channel BS frame #1089: body_len=5 head=1e 81 48 3e 7e ascii='..H>~'
[2026-06-10 22:21:49] channel recv len=9 entropy=3.17 bs_len=9 u16le=21314 u32le=611138 ascii='BS.....<R'
[2026-06-10 22:21:49] channel BS frame #1090: body_len=5 head=7f 8f a6 3c 52 ascii='...<R'
[2026-06-10 22:21:49] channel recv len=9 entropy=3.17 bs_len=9 u16le=21314 u32le=611138 ascii='BS.......'
[2026-06-10 22:21:49] channel BS frame #1091: body_len=5 head=1e 88 ec 86 a2 ascii='.....'
[2026-06-10 22:21:49] channel recv len=9 entropy=3.17 bs_len=9 u16le=21314 u32le=611138 ascii='BS.....<R'
[2026-06-10 22:21:49] channel BS frame #1092: body_len=5 head=06 8f a6 3c 52 ascii='...<R'
[2026-06-10 22:21:49] channel recv len=9 entropy=3.17 bs_len=9 u16le=21314 u32le=611138 ascii='BS....O..'
[2026-06-10 22:21:49] channel BS frame #1093: body_len=5 head=1e 8f 4f 13 c6 ascii='..O..'
[2026-06-10 22:21:49] channel recv len=9 entropy=3.17 bs_len=9 u16le=21314 u32le=611138 ascii='BS.....<R'
[2026-06-10 22:21:49] channel BS frame #1094: body_len=5 head=98 8f a6 3c 52 ascii='...<R'
[2026-06-10 22:21:49] channel recv len=9 entropy=3.17 bs_len=9 u16le=21314 u32le=611138 ascii='BS.....Rx'
[2026-06-10 22:21:49] channel BS frame #1095: body_len=5 head=1e 9c 91 52 78 ascii='...Rx'
[2026-06-10 22:21:49] channel recv len=9 entropy=3.17 bs_len=9 u16le=21314 u32le=611138 ascii='BS.....<R'
[2026-06-10 22:21:49] channel BS frame #1096: body_len=5 head=1c 8f a6 3c 52 ascii='...<R'
[2026-06-10 22:21:49] channel recv len=9 entropy=3.17 bs_len=9 u16le=21314 u32le=611138 ascii='BS.....Rx'
[2026-06-10 22:21:49] channel BS frame #1097: body_len=5 head=1e 9c 91 52 78 ascii='...Rx'
[2026-06-10 22:21:49] channel recv len=9 entropy=3.17 bs_len=9 u16le=21314 u32le=611138 ascii='BS.....<R'
[2026-06-10 22:21:49] channel BS frame #1098: body_len=5 head=1c 8f a6 3c 52 ascii='...<R'
[2026-06-10 22:21:49] channel recv len=9 entropy=3.17 bs_len=9 u16le=21314 u32le=611138 ascii='BS....cr.'
[2026-06-10 22:21:49] channel BS frame #1099: body_len=5 head=1e 8d 63 72 c8 ascii='..cr.'
[2026-06-10 22:21:49] channel recv len=9 entropy=3.17 bs_len=9 u16le=21314 u32le=611138 ascii='BS..v..<R'
[2026-06-10 22:21:49] channel BS frame #1100: body_len=5 head=76 8f a6 3c 52 ascii='v..<R'
[2026-06-10 22:21:49] channel recv len=9 entropy=3.17 bs_len=9 u16le=21314 u32le=611138 ascii='BS....d_p'
[2026-06-10 22:21:49] channel BS frame #1101: body_len=5 head=1e 83 64 5f 70 ascii='..d_p'
[2026-06-10 22:21:49] channel recv len=9 entropy=3.17 bs_len=9 u16le=21314 u32le=611138 ascii='BS.....<R'
[2026-06-10 22:21:49] channel BS frame #1102: body_len=5 head=91 8f a6 3c 52 ascii='...<R'
[2026-06-10 22:21:49] channel recv len=9 entropy=3.17 bs_len=9 u16le=21314 u32le=611138 ascii='BS....}..'
[2026-06-10 22:21:49] channel BS frame #1103: body_len=5 head=1e 87 7d 9b 1d ascii='..}..'
[2026-06-10 22:21:49] channel recv len=9 entropy=3.17 bs_len=9 u16le=21314 u32le=611138 ascii='BS.....<R'
[2026-06-10 22:21:49] channel BS frame #1104: body_len=5 head=96 8f a6 3c 52 ascii='...<R'
[2026-06-10 22:21:49] channel recv len=9 entropy=3.17 bs_len=9 u16le=21314 u32le=611138 ascii='BS....d_p'
[2026-06-10 22:21:49] channel BS frame #1105: body_len=5 head=1e 83 64 5f 70 ascii='..d_p'
[2026-06-10 22:21:49] channel recv len=9 entropy=3.17 bs_len=9 u16le=21314 u32le=611138 ascii='BS.....<R'
[2026-06-10 22:21:49] channel BS frame #1106: body_len=5 head=91 8f a6 3c 52 ascii='...<R'
[2026-06-10 22:21:49] channel recv len=9 entropy=3.17 bs_len=9 u16le=21314 u32le=611138 ascii='BS....d_p'
[2026-06-10 22:21:49] channel BS frame #1107: body_len=5 head=1e 83 64 5f 70 ascii='..d_p'
[2026-06-10 22:21:50] channel recv len=9 entropy=3.17 bs_len=9 u16le=21314 u32le=611138 ascii='BS.....<R'
[2026-06-10 22:21:50] channel BS frame #1108: body_len=5 head=91 8f a6 3c 52 ascii='...<R'
[2026-06-10 22:21:50] channel recv len=9 entropy=3.17 bs_len=9 u16le=21314 u32le=611138 ascii='BS......y'
[2026-06-10 22:21:50] channel BS frame #1109: body_len=5 head=1e 80 de 0e 79 ascii='....y'
[2026-06-10 22:21:50] channel recv len=9 entropy=3.17 bs_len=9 u16le=21314 u32le=611138 ascii='BS.....<R'
[2026-06-10 22:21:50] channel BS frame #1110: body_len=5 head=08 8f a6 3c 52 ascii='...<R'
[2026-06-10 22:21:50] channel recv len=5 entropy=2.32 bs_len=5 u16le=21314 u32le=348994 ascii='BS..k'
[2026-06-10 22:21:50] channel BS frame #1111: body_len=1 head=6b ascii='k'
[2026-06-10 22:21:50] channel replay observed client frame #1111; server frames sent=656
[2026-06-10 22:21:50] channel recv len=9 entropy=3.17 bs_len=9 u16le=21314 u32le=611138 ascii='BS..X...p'
[2026-06-10 22:21:50] channel BS frame #1112: body_len=5 head=58 85 dd ac 70 ascii='X...p'
[2026-06-10 22:21:50] channel recv len=9 entropy=3.17 bs_len=9 u16le=21314 u32le=611138 ascii='BS.....<R'
[2026-06-10 22:21:50] channel BS frame #1113: body_len=5 head=91 8f a6 3c 52 ascii='...<R'
[2026-06-10 22:21:50] channel recv len=9 entropy=3.17 bs_len=9 u16le=21314 u32le=611138 ascii='BS....Q..'
[2026-06-10 22:21:50] channel BS frame #1114: body_len=5 head=1e 85 51 fa 13 ascii='..Q..'
[2026-06-10 22:21:50] channel recv len=9 entropy=3.17 bs_len=9 u16le=21314 u32le=611138 ascii='BS..x..<R'
[2026-06-10 22:21:50] channel BS frame #1115: body_len=5 head=78 8f a6 3c 52 ascii='x..<R'
[2026-06-10 22:21:50] channel recv len=9 entropy=3.17 bs_len=9 u16le=21314 u32le=611138 ascii='BS....H>~'
[2026-06-10 22:21:50] channel BS frame #1116: body_len=5 head=1e 81 48 3e 7e ascii='..H>~'
[2026-06-10 22:21:50] channel recv len=9 entropy=3.17 bs_len=9 u16le=21314 u32le=611138 ascii='BS.....<R'
[2026-06-10 22:21:50] channel BS frame #1117: body_len=5 head=7f 8f a6 3c 52 ascii='...<R'
[2026-06-10 22:21:50] channel recv len=9 entropy=3.17 bs_len=9 u16le=21314 u32le=611138 ascii='BS.....ow'
[2026-06-10 22:21:50] channel BS frame #1118: body_len=5 head=1e 82 f2 6f 77 ascii='...ow'
[2026-06-10 22:21:50] channel recv len=9 entropy=3.17 bs_len=9 u16le=21314 u32le=611138 ascii='BS.....<R'
[2026-06-10 22:21:50] channel BS frame #1119: body_len=5 head=e6 8f a6 3c 52 ascii='...<R'
[2026-06-10 22:21:50] channel recv len=9 entropy=3.17 bs_len=9 u16le=21314 u32le=611138 ascii='BS.....Rx'
[2026-06-10 22:21:50] channel BS frame #1120: body_len=5 head=1e 9c 91 52 78 ascii='...Rx'
[2026-06-10 22:21:50] channel recv len=9 entropy=3.17 bs_len=9 u16le=21314 u32le=611138 ascii='BS.....<R'
[2026-06-10 22:21:50] channel BS frame #1121: body_len=5 head=1c 8f a6 3c 52 ascii='...<R'
[2026-06-10 22:21:50] channel recv len=9 entropy=3.17 bs_len=9 u16le=21314 u32le=611138 ascii='BS......y'
[2026-06-10 22:21:50] channel BS frame #1122: body_len=5 head=1e 80 de 0e 79 ascii='....y'
[2026-06-10 22:21:50] channel recv len=9 entropy=3.17 bs_len=9 u16le=21314 u32le=611138 ascii='BS.....<R'
[2026-06-10 22:21:50] channel BS frame #1123: body_len=5 head=08 8f a6 3c 52 ascii='...<R'
[2026-06-10 22:21:50] channel recv len=9 entropy=3.17 bs_len=9 u16le=21314 u32le=611138 ascii='BS....V..'
[2026-06-10 22:21:50] channel BS frame #1124: body_len=5 head=1e 8b 56 d7 ab ascii='..V..'
[2026-06-10 22:21:50] channel recv len=9 entropy=3.17 bs_len=9 u16le=21314 u32le=611138 ascii='BS.....<R'
[2026-06-10 22:21:50] channel BS frame #1125: body_len=5 head=9f 8f a6 3c 52 ascii='...<R'
[2026-06-10 22:21:50] channel recv len=9 entropy=3.17 bs_len=9 u16le=21314 u32le=611138 ascii='BS....d_p'
[2026-06-10 22:21:50] channel BS frame #1126: body_len=5 head=1e 83 64 5f 70 ascii='..d_p'
[2026-06-10 22:21:50] channel recv len=9 entropy=3.17 bs_len=9 u16le=21314 u32le=611138 ascii='BS.....<R'
[2026-06-10 22:21:50] channel BS frame #1127: body_len=5 head=91 8f a6 3c 52 ascii='...<R'
[2026-06-10 22:21:50] channel recv len=9 entropy=3.17 bs_len=9 u16le=21314 u32le=611138 ascii='BS....cr.'
[2026-06-10 22:21:50] channel BS frame #1128: body_len=5 head=1e 8d 63 72 c8 ascii='..cr.'
[2026-06-10 22:21:50] channel recv len=9 entropy=3.17 bs_len=9 u16le=21314 u32le=611138 ascii='BS..v..<R'
[2026-06-10 22:21:50] channel BS frame #1129: body_len=5 head=76 8f a6 3c 52 ascii='v..<R'
[2026-06-10 22:21:51] channel recv len=9 entropy=3.17 bs_len=9 u16le=21314 u32le=611138 ascii='BS.....Rx'
[2026-06-10 22:21:51] channel BS frame #1130: body_len=5 head=1e 9c 91 52 78 ascii='...Rx'
[2026-06-10 22:21:51] channel recv len=9 entropy=3.17 bs_len=9 u16le=21314 u32le=611138 ascii='BS.....<R'
[2026-06-10 22:21:51] channel BS frame #1131: body_len=5 head=1c 8f a6 3c 52 ascii='...<R'
[2026-06-10 22:21:51] channel recv len=9 entropy=3.17 bs_len=9 u16le=21314 u32le=611138 ascii='BS.......'
[2026-06-10 22:21:51] channel BS frame #1132: body_len=5 head=1e 84 c7 ca 14 ascii='.....'
[2026-06-10 22:21:51] channel recv len=9 entropy=3.17 bs_len=9 u16le=21314 u32le=611138 ascii='BS.....<R'
[2026-06-10 22:21:51] channel BS frame #1133: body_len=5 head=0f 8f a6 3c 52 ascii='...<R'
[2026-06-10 22:21:51] channel recv len=9 entropy=3.17 bs_len=9 u16le=21314 u32le=611138 ascii='BS....}..'
[2026-06-10 22:21:51] channel BS frame #1134: body_len=5 head=1e 87 7d 9b 1d ascii='..}..'
[2026-06-10 22:21:51] channel recv len=9 entropy=3.17 bs_len=9 u16le=21314 u32le=611138 ascii='BS.....<R'
[2026-06-10 22:21:51] channel BS frame #1135: body_len=5 head=96 8f a6 3c 52 ascii='...<R'
[2026-06-10 22:21:51] channel recv len=9 entropy=3.17 bs_len=9 u16le=21314 u32le=611138 ascii='BS....cr.'
[2026-06-10 22:21:51] channel BS frame #1136: body_len=5 head=1e 8d 63 72 c8 ascii='..cr.'
[2026-06-10 22:21:51] channel recv len=9 entropy=3.17 bs_len=9 u16le=21314 u32le=611138 ascii='BS..v..<R'
[2026-06-10 22:21:51] channel BS frame #1137: body_len=5 head=76 8f a6 3c 52 ascii='v..<R'
[2026-06-10 22:21:51] channel recv len=9 entropy=3.17 bs_len=9 u16le=21314 u32le=611138 ascii='BS....H>~'
[2026-06-10 22:21:51] channel BS frame #1138: body_len=5 head=1e 81 48 3e 7e ascii='..H>~'
[2026-06-10 22:21:51] channel recv len=9 entropy=3.17 bs_len=9 u16le=21314 u32le=611138 ascii='BS.....<R'
[2026-06-10 22:21:51] channel BS frame #1139: body_len=5 head=7f 8f a6 3c 52 ascii='...<R'
[2026-06-10 22:21:51] channel recv len=9 entropy=3.17 bs_len=9 u16le=21314 u32le=611138 ascii='BS.....Rx'
[2026-06-10 22:21:51] channel BS frame #1140: body_len=5 head=1e 9c 91 52 78 ascii='...Rx'
[2026-06-10 22:21:51] channel recv len=9 entropy=3.17 bs_len=9 u16le=21314 u32le=611138 ascii='BS.....<R'
[2026-06-10 22:21:51] channel BS frame #1141: body_len=5 head=1c 8f a6 3c 52 ascii='...<R'
[2026-06-10 22:21:51] channel recv len=9 entropy=3.17 bs_len=9 u16le=21314 u32le=611138 ascii='BS.....ow'
[2026-06-10 22:21:51] channel BS frame #1142: body_len=5 head=1e 82 f2 6f 77 ascii='...ow'
[2026-06-10 22:21:51] channel recv len=9 entropy=3.17 bs_len=9 u16le=21314 u32le=611138 ascii='BS.....<R'
[2026-06-10 22:21:51] channel BS frame #1143: body_len=5 head=e6 8f a6 3c 52 ascii='...<R'
[2026-06-10 22:21:51] channel recv len=9 entropy=3.17 bs_len=9 u16le=21314 u32le=611138 ascii='BS.....Rx'
[2026-06-10 22:21:51] channel BS frame #1144: body_len=5 head=1e 9c 91 52 78 ascii='...Rx'
[2026-06-10 22:21:51] channel recv len=9 entropy=3.17 bs_len=9 u16le=21314 u32le=611138 ascii='BS.....<R'
[2026-06-10 22:21:51] channel BS frame #1145: body_len=5 head=1c 8f a6 3c 52 ascii='...<R'
[2026-06-10 22:21:51] channel recv len=9 entropy=3.17 bs_len=9 u16le=21314 u32le=611138 ascii='BS.......'
[2026-06-10 22:21:51] channel BS frame #1146: body_len=5 head=1e 88 ec 86 a2 ascii='.....'
[2026-06-10 22:21:51] channel recv len=9 entropy=3.17 bs_len=9 u16le=21314 u32le=611138 ascii='BS.....<R'
[2026-06-10 22:21:51] channel BS frame #1147: body_len=5 head=06 8f a6 3c 52 ascii='...<R'
[2026-06-10 22:21:51] channel recv len=9 entropy=3.17 bs_len=9 u16le=21314 u32le=611138 ascii='BS....d_p'
[2026-06-10 22:21:51] channel BS frame #1148: body_len=5 head=1e 83 64 5f 70 ascii='..d_p'
[2026-06-10 22:21:51] channel recv len=9 entropy=3.17 bs_len=9 u16le=21314 u32le=611138 ascii='BS.....<R'
[2026-06-10 22:21:51] channel BS frame #1149: body_len=5 head=91 8f a6 3c 52 ascii='...<R'
[2026-06-10 22:21:51] channel recv len=9 entropy=3.17 bs_len=9 u16le=21314 u32le=611138 ascii='BS.....3v'
[2026-06-10 22:21:51] channel BS frame #1150: body_len=5 head=1e 9e bd 33 76 ascii='...3v'
[2026-06-10 22:21:52] channel recv len=9 entropy=3.17 bs_len=9 u16le=21314 u32le=611138 ascii='BS.....<R'
[2026-06-10 22:21:52] channel BS frame #1151: body_len=5 head=f2 8f a6 3c 52 ascii='...<R'
[2026-06-10 22:21:52] channel recv len=9 entropy=3.17 bs_len=9 u16le=21314 u32le=611138 ascii='BS....d_p'
[2026-06-10 22:21:52] channel BS frame #1152: body_len=5 head=1e 83 64 5f 70 ascii='..d_p'
[2026-06-10 22:21:52] channel recv len=9 entropy=3.17 bs_len=9 u16le=21314 u32le=611138 ascii='BS.....<R'
[2026-06-10 22:21:52] channel BS frame #1153: body_len=5 head=91 8f a6 3c 52 ascii='...<R'
[2026-06-10 22:21:52] channel recv len=9 entropy=3.17 bs_len=9 u16le=21314 u32le=611138 ascii='BS.....#.'
[2026-06-10 22:21:52] channel BS frame #1154: body_len=5 head=1e 8e d9 23 c1 ascii='...#.'
[2026-06-10 22:21:52] channel recv len=9 entropy=3.17 bs_len=9 u16le=21314 u32le=611138 ascii='BS.....<R'
[2026-06-10 22:21:52] channel BS frame #1155: body_len=5 head=ef 8f a6 3c 52 ascii='...<R'
[2026-06-10 22:21:52] channel recv len=9 entropy=3.17 bs_len=9 u16le=21314 u32le=611138 ascii='BS....cr.'
[2026-06-10 22:21:52] channel BS frame #1156: body_len=5 head=1e 8d 63 72 c8 ascii='..cr.'
[2026-06-10 22:21:52] channel recv len=9 entropy=3.17 bs_len=9 u16le=21314 u32le=611138 ascii='BS..v..<R'
[2026-06-10 22:21:52] channel BS frame #1157: body_len=5 head=76 8f a6 3c 52 ascii='v..<R'
[2026-06-10 22:21:52] channel recv len=9 entropy=3.17 bs_len=9 u16le=21314 u32le=611138 ascii='BS.....#.'
[2026-06-10 22:21:52] channel BS frame #1158: body_len=5 head=1e 8e d9 23 c1 ascii='...#.'
[2026-06-10 22:21:52] channel recv len=9 entropy=3.17 bs_len=9 u16le=21314 u32le=611138 ascii='BS.....<R'
[2026-06-10 22:21:52] channel BS frame #1159: body_len=5 head=ef 8f a6 3c 52 ascii='...<R'
[2026-06-10 22:21:52] channel recv len=9 entropy=3.17 bs_len=9 u16le=21314 u32le=611138 ascii='BS....cr.'
[2026-06-10 22:21:52] channel BS frame #1160: body_len=5 head=1e 8d 63 72 c8 ascii='..cr.'
[2026-06-10 22:21:52] channel recv len=9 entropy=3.17 bs_len=9 u16le=21314 u32le=611138 ascii='BS..v...1'
[2026-06-10 22:21:52] channel BS frame #1161: body_len=5 head=76 89 93 99 31 ascii='v...1'
[2026-06-10 22:21:52] channel recv len=9 entropy=3.17 bs_len=9 u16le=21314 u32le=611138 ascii='BS....cr.'
[2026-06-10 22:21:52] channel BS frame #1162: body_len=5 head=f7 8d 63 72 c8 ascii='..cr.'
[2026-06-10 22:21:52] channel recv len=9 entropy=3.17 bs_len=9 u16le=21314 u32le=611138 ascii='BS..v..]\\'
[2026-06-10 22:21:52] channel BS frame #1163: body_len=5 head=76 8d 8a 5d 5c ascii='v..]\\'
[2026-06-10 22:21:52] channel recv len=9 entropy=3.17 bs_len=9 u16le=21314 u32le=611138 ascii='BS....cr.'
[2026-06-10 22:21:52] channel BS frame #1164: body_len=5 head=f0 8d 63 72 c8 ascii='..cr.'
[2026-06-10 22:21:52] channel recv len=9 entropy=2.95 bs_len=9 u16le=21314 u32le=611138 ascii='BS..v.S1Z'
[2026-06-10 22:21:52] channel BS frame #1165: body_len=5 head=76 90 53 31 5a ascii='v.S1Z'
[2026-06-10 22:21:52] channel recv len=9 entropy=2.95 bs_len=9 u16le=21314 u32le=611138 ascii='BS.....B.'
[2026-06-10 22:21:52] channel BS frame #1166: body_len=5 head=93 8c f5 42 cf ascii='...B.'
[2026-06-10 22:21:52] channel recv len=9 entropy=3.17 bs_len=9 u16le=21314 u32le=611138 ascii='BS.....<R'
[2026-06-10 22:21:52] channel BS frame #1167: body_len=5 head=01 8f a6 3c 52 ascii='...<R'
[2026-06-10 22:21:52] channel recv len=9 entropy=3.17 bs_len=9 u16le=21314 u32le=611138 ascii='BS....cr.'
[2026-06-10 22:21:52] channel BS frame #1168: body_len=5 head=1e 8d 63 72 c8 ascii='..cr.'
[2026-06-10 22:21:52] channel recv len=9 entropy=3.17 bs_len=9 u16le=21314 u32le=611138 ascii='BS..v..p.'
[2026-06-10 22:21:52] channel BS frame #1169: body_len=5 head=76 83 8d 70 e4 ascii='v..p.'
[2026-06-10 22:21:52] channel recv len=9 entropy=3.17 bs_len=9 u16le=21314 u32le=611138 ascii='BS....d_p'
[2026-06-10 22:21:52] channel BS frame #1170: body_len=5 head=17 83 64 5f 70 ascii='..d_p'
[2026-06-10 22:21:52] channel recv len=9 entropy=3.17 bs_len=9 u16le=21314 u32le=611138 ascii='BS.....<R'
[2026-06-10 22:21:52] channel BS frame #1171: body_len=5 head=91 8f a6 3c 52 ascii='...<R'
[2026-06-10 22:21:52] channel recv len=9 entropy=3.17 bs_len=9 u16le=21314 u32le=611138 ascii='BS....Q..'
[2026-06-10 22:21:52] channel BS frame #1172: body_len=5 head=1e 85 51 fa 13 ascii='..Q..'
[2026-06-10 22:21:52] channel recv len=9 entropy=3.17 bs_len=9 u16le=21314 u32le=611138 ascii='BS..x..<R'
[2026-06-10 22:21:52] channel BS frame #1173: body_len=5 head=78 8f a6 3c 52 ascii='x..<R'
[2026-06-10 22:21:53] channel recv len=9 entropy=3.17 bs_len=9 u16le=21314 u32le=611138 ascii='BS.......'
[2026-06-10 22:21:53] channel BS frame #1174: body_len=5 head=1e 8a c0 e7 ac ascii='.....'
[2026-06-10 22:21:53] channel recv len=9 entropy=3.17 bs_len=9 u16le=21314 u32le=611138 ascii='BS.....<R'
[2026-06-10 22:21:53] channel BS frame #1175: body_len=5 head=e8 8f a6 3c 52 ascii='...<R'
[2026-06-10 22:21:53] channel recv len=9 entropy=3.17 bs_len=9 u16le=21314 u32le=611138 ascii='BS.......'
[2026-06-10 22:21:53] channel BS frame #1176: body_len=5 head=1e 86 eb ab 1a ascii='.....'
[2026-06-10 22:21:53] channel recv len=9 entropy=3.17 bs_len=9 u16le=21314 u32le=611138 ascii='BS.....<R'
[2026-06-10 22:21:53] channel BS frame #1177: body_len=5 head=e1 8f a6 3c 52 ascii='...<R'
[2026-06-10 22:21:53] channel recv len=5 entropy=2.32 bs_len=5 u16le=21314 u32le=348994 ascii='BS..k'
[2026-06-10 22:21:53] channel BS frame #1178: body_len=1 head=6b ascii='k'
[2026-06-10 22:21:53] channel replay observed client frame #1178; server frames sent=666
[2026-06-10 22:21:53] channel recv len=9 entropy=3.17 bs_len=9 u16le=21314 u32le=611138 ascii='BS..X.y..'
[2026-06-10 22:21:53] channel BS frame #1179: body_len=5 head=58 8c 79 14 ac ascii='X.y..'
[2026-06-10 22:21:53] channel recv len=9 entropy=3.17 bs_len=9 u16le=21314 u32le=611138 ascii='BS.....<R'
[2026-06-10 22:21:53] channel BS frame #1180: body_len=5 head=e8 8f a6 3c 52 ascii='...<R'
[2026-06-10 22:21:53] channel recv len=9 entropy=3.17 bs_len=9 u16le=21314 u32le=611138 ascii='BS....Q..'
[2026-06-10 22:21:53] channel BS frame #1181: body_len=5 head=1e 85 51 fa 13 ascii='..Q..'
[2026-06-10 22:21:53] channel recv len=9 entropy=3.17 bs_len=9 u16le=21314 u32le=611138 ascii='BS..x..<R'
[2026-06-10 22:21:53] channel BS frame #1182: body_len=5 head=78 8f a6 3c 52 ascii='x..<R'
[2026-06-10 22:21:53] channel recv len=9 entropy=3.17 bs_len=9 u16le=21314 u32le=611138 ascii='BS.....#.'
[2026-06-10 22:21:53] channel BS frame #1183: body_len=5 head=1e 8e d9 23 c1 ascii='...#.'
[2026-06-10 22:21:53] channel recv len=9 entropy=3.17 bs_len=9 u16le=21314 u32le=611138 ascii='BS....M..'
[2026-06-10 22:21:53] channel BS frame #1184: body_len=5 head=ef 9a 4d d8 8f ascii='..M..'
[2026-06-10 22:21:53] channel recv len=9 entropy=3.17 bs_len=9 u16le=21314 u32le=611138 ascii='BS..s..#.'
[2026-06-10 22:21:53] channel BS frame #1185: body_len=5 head=73 8e d9 23 c1 ascii='s..#.'
[2026-06-10 22:21:53] channel recv len=9 entropy=3.17 bs_len=9 u16le=21314 u32le=611138 ascii='BS.....<R'
[2026-06-10 22:21:53] channel BS frame #1186: body_len=5 head=ef 8f a6 3c 52 ascii='...<R'
[2026-06-10 22:21:53] channel recv len=9 entropy=3.17 bs_len=9 u16le=21314 u32le=611138 ascii='BS....}..'
[2026-06-10 22:21:53] channel BS frame #1187: body_len=5 head=1e 87 7d 9b 1d ascii='..}..'
[2026-06-10 22:21:53] channel recv len=9 entropy=3.17 bs_len=9 u16le=21314 u32le=611138 ascii='BS.....<R'
[2026-06-10 22:21:53] channel BS frame #1188: body_len=5 head=96 8f a6 3c 52 ascii='...<R'
[2026-06-10 22:21:53] channel recv len=9 entropy=3.17 bs_len=9 u16le=21314 u32le=611138 ascii='BS....O..'
[2026-06-10 22:21:53] channel BS frame #1189: body_len=5 head=1e 8f 4f 13 c6 ascii='..O..'
[2026-06-10 22:21:53] channel recv len=9 entropy=3.17 bs_len=9 u16le=21314 u32le=611138 ascii='BS.......'
[2026-06-10 22:21:53] channel BS frame #1190: body_len=5 head=98 9b db e8 88 ascii='.....'
[2026-06-10 22:21:53] channel recv len=9 entropy=2.95 bs_len=9 u16le=21314 u32le=611138 ascii='BS.....B.'
[2026-06-10 22:21:53] channel BS frame #1191: body_len=5 head=04 8c f5 42 cf ascii='...B.'
[2026-06-10 22:21:53] channel recv len=9 entropy=3.17 bs_len=9 u16le=21314 u32le=611138 ascii='BS.....<R'
[2026-06-10 22:21:53] channel BS frame #1192: body_len=5 head=01 8f a6 3c 52 ascii='...<R'
[2026-06-10 22:21:53] channel recv len=9 entropy=3.17 bs_len=9 u16le=21314 u32le=611138 ascii='BS....cr.'
[2026-06-10 22:21:53] channel BS frame #1193: body_len=5 head=1e 8d 63 72 c8 ascii='..cr.'
[2026-06-10 22:21:53] channel recv len=9 entropy=3.17 bs_len=9 u16le=21314 u32le=611138 ascii='BS..v..<R'
[2026-06-10 22:21:53] channel BS frame #1194: body_len=5 head=76 8f a6 3c 52 ascii='v..<R'
[2026-06-10 22:21:53] channel recv len=9 entropy=3.17 bs_len=9 u16le=21314 u32le=611138 ascii='BS.......'
[2026-06-10 22:21:53] channel BS frame #1195: body_len=5 head=1e 8a c0 e7 ac ascii='.....'
[2026-06-10 22:21:53] channel recv len=9 entropy=3.17 bs_len=9 u16le=21314 u32le=611138 ascii='BS.....<R'
[2026-06-10 22:21:53] channel BS frame #1196: body_len=5 head=e8 8f a6 3c 52 ascii='...<R'
[2026-06-10 22:21:53] channel recv len=9 entropy=3.17 bs_len=9 u16le=21314 u32le=611138 ascii='BS.....#.'
[2026-06-10 22:21:53] channel BS frame #1197: body_len=5 head=1e 8e d9 23 c1 ascii='...#.'
[2026-06-10 22:21:54] channel recv len=9 entropy=3.17 bs_len=9 u16le=21314 u32le=611138 ascii='BS......]'
[2026-06-10 22:21:54] channel BS frame #1198: body_len=5 head=ef 91 c5 01 5d ascii='....]'
[2026-06-10 22:21:54] channel recv len=9 entropy=3.17 bs_len=9 u16le=21314 u32le=611138 ascii='BS....cr.'
[2026-06-10 22:21:54] channel BS frame #1199: body_len=5 head=e4 8d 63 72 c8 ascii='..cr.'
[2026-06-10 22:21:54] channel recv len=9 entropy=3.17 bs_len=9 u16le=21314 u32le=611138 ascii='BS..v.a..'
[2026-06-10 22:21:54] channel BS frame #1200: body_len=5 head=76 98 61 b9 81 ascii='v.a..'
[2026-06-10 22:21:54] channel recv len=9 entropy=3.17 bs_len=9 u16le=21314 u32le=611138 ascii='BS....cr.'
[2026-06-10 22:21:54] channel BS frame #1201: body_len=5 head=9d 8d 63 72 c8 ascii='..cr.'
[2026-06-10 22:21:54] channel recv len=9 entropy=3.17 bs_len=9 u16le=21314 u32le=611138 ascii='BS..v.f.9'
[2026-06-10 22:21:54] channel BS frame #1202: body_len=5 head=76 96 66 94 39 ascii='v.f.9'
[2026-06-10 22:21:54] channel recv len=9 entropy=3.17 bs_len=9 u16le=21314 u32le=611138 ascii='BS..z.O..'
[2026-06-10 22:21:54] channel BS frame #1203: body_len=5 head=7a 8f 4f 13 c6 ascii='z.O..'
[2026-06-10 22:21:54] channel recv len=9 entropy=3.17 bs_len=9 u16le=21314 u32le=611138 ascii='BS.....<R'
[2026-06-10 22:21:54] channel BS frame #1204: body_len=5 head=98 8f a6 3c 52 ascii='...<R'
[2026-06-10 22:21:54] channel recv len=9 entropy=3.17 bs_len=9 u16le=21314 u32le=611138 ascii='BS....O..'
[2026-06-10 22:21:54] channel BS frame #1205: body_len=5 head=1e 8f 4f 13 c6 ascii='..O..'
[2026-06-10 22:21:54] channel recv len=9 entropy=3.17 bs_len=9 u16le=21314 u32le=611138 ascii='BS.....<R'
[2026-06-10 22:21:54] channel BS frame #1206: body_len=5 head=98 8f a6 3c 52 ascii='...<R'
[2026-06-10 22:21:54] channel recv len=9 entropy=3.17 bs_len=9 u16le=21314 u32le=611138 ascii='BS....cr.'
[2026-06-10 22:21:54] channel BS frame #1207: body_len=5 head=1e 8d 63 72 c8 ascii='..cr.'
[2026-06-10 22:21:54] channel recv len=9 entropy=3.17 bs_len=9 u16le=21314 u32le=611138 ascii='BS..v...0'
[2026-06-10 22:21:54] channel BS frame #1208: body_len=5 head=76 95 dc c5 30 ascii='v...0'
[2026-06-10 22:21:54] channel recv len=9 entropy=3.17 bs_len=9 u16le=21314 u32le=611138 ascii='BS....cr.'
[2026-06-10 22:21:54] channel BS frame #1209: body_len=5 head=e3 8d 63 72 c8 ascii='..cr.'
[2026-06-10 22:21:54] channel recv len=9 entropy=3.17 bs_len=9 u16le=21314 u32le=611138 ascii='BS..v..M.'
[2026-06-10 22:21:54] channel BS frame #1210: body_len=5 head=76 9d ee 4d eb ascii='v..M.'
[2026-06-10 22:21:54] channel recv len=9 entropy=3.17 bs_len=9 u16le=21314 u32le=611138 ascii='BS....cr.'
[2026-06-10 22:21:54] channel BS frame #1211: body_len=5 head=ed 8d 63 72 c8 ascii='..cr.'
[2026-06-10 22:21:54] channel recv len=9 entropy=3.17 bs_len=9 u16le=21314 u32le=611138 ascii='BS..v..<R'
[2026-06-10 22:21:54] channel BS frame #1212: body_len=5 head=76 8f a6 3c 52 ascii='v..<R'
[2026-06-10 22:21:54] channel recv len=9 entropy=3.17 bs_len=9 u16le=21314 u32le=611138 ascii='BS.....#.'
[2026-06-10 22:21:54] channel BS frame #1213: body_len=5 head=1e 8e d9 23 c1 ascii='...#.'
[2026-06-10 22:21:54] channel recv len=9 entropy=3.17 bs_len=9 u16le=21314 u32le=611138 ascii='BS.....<R'
[2026-06-10 22:21:54] channel BS frame #1214: body_len=5 head=ef 8f a6 3c 52 ascii='...<R'
[2026-06-10 22:21:54] channel recv len=9 entropy=3.17 bs_len=9 u16le=21314 u32le=611138 ascii='BS.....#.'
[2026-06-10 22:21:54] channel BS frame #1215: body_len=5 head=1e 8e d9 23 c1 ascii='...#.'
[2026-06-10 22:21:54] channel recv len=9 entropy=3.17 bs_len=9 u16le=21314 u32le=611138 ascii='BS.....<R'
[2026-06-10 22:21:54] channel BS frame #1216: body_len=5 head=ef 8f a6 3c 52 ascii='...<R'
[2026-06-10 22:21:55] channel recv len=9 entropy=3.17 bs_len=9 u16le=21314 u32le=611138 ascii='BS....O..'
[2026-06-10 22:21:55] channel BS frame #1217: body_len=5 head=1e 8f 4f 13 c6 ascii='..O..'
[2026-06-10 22:21:55] channel recv len=9 entropy=3.17 bs_len=9 u16le=21314 u32le=611138 ascii='BS.....<R'
[2026-06-10 22:21:55] channel BS frame #1218: body_len=5 head=98 8f a6 3c 52 ascii='...<R'
[2026-06-10 22:21:55] channel recv len=9 entropy=3.17 bs_len=9 u16le=21314 u32le=611138 ascii='BS....cr.'
[2026-06-10 22:21:55] channel BS frame #1219: body_len=5 head=1e 8d 63 72 c8 ascii='..cr.'
[2026-06-10 22:21:55] channel recv len=9 entropy=3.17 bs_len=9 u16le=21314 u32le=611138 ascii='BS..v....'
[2026-06-10 22:21:55] channel BS frame #1220: body_len=5 head=76 9b db e8 88 ascii='v....'
[2026-06-10 22:21:55] channel recv len=9 entropy=3.17 bs_len=9 u16le=21314 u32le=611138 ascii='BS.....#.'
[2026-06-10 22:21:55] channel BS frame #1221: body_len=5 head=04 8e d9 23 c1 ascii='...#.'
[2026-06-10 22:21:55] channel recv len=9 entropy=3.17 bs_len=9 u16le=21314 u32le=611138 ascii='BS.....<R'
[2026-06-10 22:21:55] channel BS frame #1222: body_len=5 head=ef 8f a6 3c 52 ascii='...<R'
[2026-06-10 22:21:55] channel recv len=9 entropy=3.17 bs_len=9 u16le=21314 u32le=611138 ascii='BS.....#.'
[2026-06-10 22:21:55] channel BS frame #1223: body_len=5 head=1e 8e d9 23 c1 ascii='...#.'
[2026-06-10 22:21:55] channel recv len=9 entropy=3.17 bs_len=9 u16le=21314 u32le=611138 ascii='BS.....<R'
[2026-06-10 22:21:55] channel BS frame #1224: body_len=5 head=ef 8f a6 3c 52 ascii='...<R'
[2026-06-10 22:21:55] channel recv len=9 entropy=3.17 bs_len=9 u16le=21314 u32le=611138 ascii='BS.....#.'
[2026-06-10 22:21:55] channel BS frame #1225: body_len=5 head=1e 8e d9 23 c1 ascii='...#.'
[2026-06-10 22:21:55] channel recv len=9 entropy=3.17 bs_len=9 u16le=21314 u32le=611138 ascii='BS.....<R'
[2026-06-10 22:21:55] channel BS frame #1226: body_len=5 head=ef 8f a6 3c 52 ascii='...<R'
[2026-06-10 22:21:55] channel recv len=9 entropy=3.17 bs_len=9 u16le=21314 u32le=611138 ascii='BS.....#.'
[2026-06-10 22:21:55] channel BS frame #1227: body_len=5 head=1e 8e d9 23 c1 ascii='...#.'
[2026-06-10 22:21:55] channel recv len=9 entropy=3.17 bs_len=9 u16le=21314 u32le=611138 ascii='BS.....<R'
[2026-06-10 22:21:55] channel BS frame #1228: body_len=5 head=ef 8f a6 3c 52 ascii='...<R'
[2026-06-10 22:21:55] channel recv len=9 entropy=3.17 bs_len=9 u16le=21314 u32le=611138 ascii='BS....z..'
[2026-06-10 22:21:55] channel BS frame #1229: body_len=5 head=1e 89 7a b6 a5 ascii='..z..'
[2026-06-10 22:21:55] channel recv len=9 entropy=3.17 bs_len=9 u16le=21314 u32le=611138 ascii='BS..q..<R'
[2026-06-10 22:21:55] channel BS frame #1230: body_len=5 head=71 8f a6 3c 52 ascii='q..<R'
[2026-06-10 22:21:55] channel recv len=9 entropy=3.17 bs_len=9 u16le=21314 u32le=611138 ascii='BS.....#.'
[2026-06-10 22:21:55] channel BS frame #1231: body_len=5 head=1e 8e d9 23 c1 ascii='...#.'
[2026-06-10 22:21:55] channel recv len=9 entropy=3.17 bs_len=9 u16le=21314 u32le=611138 ascii='BS.....<R'
[2026-06-10 22:21:55] channel BS frame #1232: body_len=5 head=ef 8f a6 3c 52 ascii='...<R'
[2026-06-10 22:21:55] channel recv len=9 entropy=3.17 bs_len=9 u16le=21314 u32le=611138 ascii='BS.....#.'
[2026-06-10 22:21:55] channel BS frame #1233: body_len=5 head=1e 8e d9 23 c1 ascii='...#.'
[2026-06-10 22:21:55] channel recv len=9 entropy=3.17 bs_len=9 u16le=21314 u32le=611138 ascii='BS....J.7'
[2026-06-10 22:21:55] channel BS frame #1234: body_len=5 head=ef 94 4a f5 37 ascii='..J.7'
[2026-06-10 22:21:55] channel recv len=9 entropy=3.17 bs_len=9 u16le=21314 u32le=611138 ascii='BS....cr.'
[2026-06-10 22:21:55] channel BS frame #1235: body_len=5 head=94 8d 63 72 c8 ascii='..cr.'
[2026-06-10 22:21:55] channel recv len=9 entropy=3.17 bs_len=9 u16le=21314 u32le=611138 ascii='BS..v..<R'
[2026-06-10 22:21:55] channel BS frame #1236: body_len=5 head=76 8f a6 3c 52 ascii='v..<R'
[2026-06-10 22:21:55] channel recv len=9 entropy=3.17 bs_len=9 u16le=21314 u32le=611138 ascii='BS.....#.'
[2026-06-10 22:21:55] channel BS frame #1237: body_len=5 head=1e 8e d9 23 c1 ascii='...#.'
[2026-06-10 22:21:55] channel recv len=9 entropy=2.95 bs_len=9 u16le=21314 u32le=611138 ascii='BS....S1Z'
[2026-06-10 22:21:55] channel BS frame #1238: body_len=5 head=ef 90 53 31 5a ascii='..S1Z'
[2026-06-10 22:21:55] channel recv len=9 entropy=3.17 bs_len=9 u16le=21314 u32le=611138 ascii='BS....V..'
[2026-06-10 22:21:55] channel BS frame #1239: body_len=5 head=93 8b 56 d7 ab ascii='..V..'
[2026-06-10 22:21:55] channel recv len=9 entropy=3.17 bs_len=9 u16le=21314 u32le=611138 ascii='BS.....<R'
[2026-06-10 22:21:55] channel BS frame #1240: body_len=5 head=9f 8f a6 3c 52 ascii='...<R'
[2026-06-10 22:21:55] channel recv len=9 entropy=3.17 bs_len=9 u16le=21314 u32le=611138 ascii='BS.....#.'
[2026-06-10 22:21:55] channel BS frame #1241: body_len=5 head=1e 8e d9 23 c1 ascii='...#.'
[2026-06-10 22:21:55] channel recv len=9 entropy=2.95 bs_len=9 u16le=21314 u32le=611138 ascii='BS.....`S'
[2026-06-10 22:21:55] channel BS frame #1242: body_len=5 head=ef 93 e9 60 53 ascii='...`S'
[2026-06-10 22:21:55] channel recv len=9 entropy=3.17 bs_len=9 u16le=21314 u32le=611138 ascii='BS....O..'
[2026-06-10 22:21:55] channel BS frame #1243: body_len=5 head=0a 8f 4f 13 c6 ascii='..O..'
[2026-06-10 22:21:55] channel recv len=9 entropy=3.17 bs_len=9 u16le=21314 u32le=611138 ascii='BS.....<R'
[2026-06-10 22:21:55] channel BS frame #1244: body_len=5 head=98 8f a6 3c 52 ascii='...<R'
[2026-06-10 22:21:55] channel recv len=9 entropy=3.17 bs_len=9 u16le=21314 u32le=611138 ascii='BS.......'
[2026-06-10 22:21:55] channel BS frame #1245: body_len=5 head=1e 88 ec 86 a2 ascii='.....'
[2026-06-10 22:21:56] channel recv len=9 entropy=3.17 bs_len=9 u16le=21314 u32le=611138 ascii='BS.....<R'
[2026-06-10 22:21:56] channel BS frame #1246: body_len=5 head=06 8f a6 3c 52 ascii='...<R'
[2026-06-10 22:21:56] channel recv len=9 entropy=3.17 bs_len=9 u16le=21314 u32le=611138 ascii='BS.......'
[2026-06-10 22:21:56] channel BS frame #1247: body_len=5 head=1e 88 ec 86 a2 ascii='.....'
[2026-06-10 22:21:56] channel recv len=9 entropy=3.17 bs_len=9 u16le=21314 u32le=611138 ascii='BS.....<R'
[2026-06-10 22:21:56] channel BS frame #1248: body_len=5 head=06 8f a6 3c 52 ascii='...<R'
[2026-06-10 22:21:56] channel recv len=9 entropy=3.17 bs_len=9 u16le=21314 u32le=611138 ascii='BS....O..'
[2026-06-10 22:21:56] channel BS frame #1249: body_len=5 head=1e 8f 4f 13 c6 ascii='..O..'
[2026-06-10 22:21:56] channel recv len=9 entropy=3.17 bs_len=9 u16le=21314 u32le=611138 ascii='BS.....<R'
[2026-06-10 22:21:56] channel BS frame #1250: body_len=5 head=98 8f a6 3c 52 ascii='...<R'
[2026-06-10 22:21:56] channel recv len=9 entropy=3.17 bs_len=9 u16le=21314 u32le=611138 ascii='BS....cr.'
[2026-06-10 22:21:56] channel BS frame #1251: body_len=5 head=1e 8d 63 72 c8 ascii='..cr.'
[2026-06-10 22:21:56] channel recv len=5 entropy=2.32 bs_len=5 u16le=21314 u32le=348994 ascii='BS...'
[2026-06-10 22:21:56] channel BS frame #1252: body_len=1 head=03 ascii='.'
[2026-06-10 22:21:56] channel replay observed client frame #1252; server frames sent=670
[2026-06-10 22:21:56] channel recv len=9 entropy=3.17 bs_len=9 u16le=21314 u32le=611138 ascii='BS..Vi..R'
[2026-06-10 22:21:56] channel BS frame #1253: body_len=5 head=56 69 f1 cf 52 ascii='Vi..R'
[2026-06-10 22:21:56] channel recv len=9 entropy=3.17 bs_len=9 u16le=21314 u32le=611138 ascii='BS.......'
[2026-06-10 22:21:56] channel BS frame #1254: body_len=5 head=1e 88 ec 86 a2 ascii='.....'
[2026-06-10 22:21:56] channel recv len=9 entropy=3.17 bs_len=9 u16le=21314 u32le=611138 ascii='BS.....<R'
[2026-06-10 22:21:56] channel BS frame #1255: body_len=5 head=06 8f a6 3c 52 ascii='...<R'
[2026-06-10 22:21:56] channel recv len=9 entropy=3.17 bs_len=9 u16le=21314 u32le=611138 ascii='BS....cr.'
[2026-06-10 22:21:56] channel BS frame #1256: body_len=5 head=1e 8d 63 72 c8 ascii='..cr.'
[2026-06-10 22:21:56] channel recv len=9 entropy=3.17 bs_len=9 u16le=21314 u32le=611138 ascii='BS..v..<R'
[2026-06-10 22:21:56] channel BS frame #1257: body_len=5 head=76 8f a6 3c 52 ascii='v..<R'
[2026-06-10 22:21:56] channel recv len=9 entropy=3.17 bs_len=9 u16le=21314 u32le=611138 ascii='BS....cr.'
[2026-06-10 22:21:56] channel BS frame #1258: body_len=5 head=1e 8d 63 72 c8 ascii='..cr.'
[2026-06-10 22:21:56] channel recv len=9 entropy=3.17 bs_len=9 u16le=21314 u32le=611138 ascii='BS..v..<R'
[2026-06-10 22:21:56] channel BS frame #1259: body_len=5 head=76 8f a6 3c 52 ascii='v..<R'
[2026-06-10 22:21:56] channel recv len=9 entropy=2.95 bs_len=9 u16le=21314 u32le=611138 ascii='BS.....B.'
[2026-06-10 22:21:56] channel BS frame #1260: body_len=5 head=1e 8c f5 42 cf ascii='...B.'
[2026-06-10 22:21:56] channel recv len=9 entropy=3.17 bs_len=9 u16le=21314 u32le=611138 ascii='BS.....<R'
[2026-06-10 22:21:56] channel BS frame #1261: body_len=5 head=01 8f a6 3c 52 ascii='...<R'
[2026-06-10 22:21:56] channel recv len=9 entropy=3.17 bs_len=9 u16le=21314 u32le=611138 ascii='BS.....#.'
[2026-06-10 22:21:56] channel BS frame #1262: body_len=5 head=1e 8e d9 23 c1 ascii='...#.'
[2026-06-10 22:21:56] channel recv len=9 entropy=3.17 bs_len=9 u16le=21314 u32le=611138 ascii='BS.....<R'
[2026-06-10 22:21:56] channel BS frame #1263: body_len=5 head=ef 8f a6 3c 52 ascii='...<R'
[2026-06-10 22:21:56] channel recv len=9 entropy=3.17 bs_len=9 u16le=21314 u32le=611138 ascii='BS....cr.'
[2026-06-10 22:21:56] channel BS frame #1264: body_len=5 head=1e 8d 63 72 c8 ascii='..cr.'
[2026-06-10 22:21:56] channel recv len=9 entropy=3.17 bs_len=9 u16le=21314 u32le=611138 ascii='BS..v..<R'
[2026-06-10 22:21:56] channel BS frame #1265: body_len=5 head=76 8f a6 3c 52 ascii='v..<R'
[2026-06-10 22:21:56] channel recv len=9 entropy=3.17 bs_len=9 u16le=21314 u32le=611138 ascii='BS.....#.'
[2026-06-10 22:21:56] channel BS frame #1266: body_len=5 head=1e 8e d9 23 c1 ascii='...#.'
[2026-06-10 22:21:56] channel recv len=9 entropy=3.17 bs_len=9 u16le=21314 u32le=611138 ascii='BS.....<R'
[2026-06-10 22:21:56] channel BS frame #1267: body_len=5 head=ef 8f a6 3c 52 ascii='...<R'
[2026-06-10 22:21:56] channel recv len=9 entropy=3.17 bs_len=9 u16le=21314 u32le=611138 ascii='BS.....#.'
[2026-06-10 22:21:56] channel BS frame #1268: body_len=5 head=1e 8e d9 23 c1 ascii='...#.'
[2026-06-10 22:21:56] channel recv len=9 entropy=3.17 bs_len=9 u16le=21314 u32le=611138 ascii='BS.....<R'
[2026-06-10 22:21:56] channel BS frame #1269: body_len=5 head=ef 8f a6 3c 52 ascii='...<R'
[2026-06-10 22:21:56] channel recv len=9 entropy=3.17 bs_len=9 u16le=21314 u32le=611138 ascii='BS....cr.'
[2026-06-10 22:21:56] channel BS frame #1270: body_len=5 head=1e 8d 63 72 c8 ascii='..cr.'
[2026-06-10 22:21:56] channel recv len=9 entropy=3.17 bs_len=9 u16le=21314 u32le=611138 ascii='BS..v..<R'
[2026-06-10 22:21:56] channel BS frame #1271: body_len=5 head=76 8f a6 3c 52 ascii='v..<R'
[2026-06-10 22:21:56] channel recv len=9 entropy=3.17 bs_len=9 u16le=21314 u32le=611138 ascii='BS.....#.'
[2026-06-10 22:21:56] channel BS frame #1272: body_len=5 head=1e 8e d9 23 c1 ascii='...#.'
[2026-06-10 22:21:56] channel recv len=9 entropy=3.17 bs_len=9 u16le=21314 u32le=611138 ascii='BS.....<R'
[2026-06-10 22:21:56] channel BS frame #1273: body_len=5 head=ef 8f a6 3c 52 ascii='...<R'
[2026-06-10 22:21:56] channel recv len=9 entropy=3.17 bs_len=9 u16le=21314 u32le=611138 ascii='BS.....#.'
[2026-06-10 22:21:56] channel BS frame #1274: body_len=5 head=1e 8e d9 23 c1 ascii='...#.'
[2026-06-10 22:21:56] channel recv len=9 entropy=3.17 bs_len=9 u16le=21314 u32le=611138 ascii='BS.....<R'
[2026-06-10 22:21:56] channel BS frame #1275: body_len=5 head=ef 8f a6 3c 52 ascii='...<R'
[2026-06-10 22:21:56] channel recv len=9 entropy=3.17 bs_len=9 u16le=21314 u32le=611138 ascii='BS....z..'
[2026-06-10 22:21:56] channel BS frame #1276: body_len=5 head=1e 89 7a b6 a5 ascii='..z..'
[2026-06-10 22:21:56] channel recv len=9 entropy=3.17 bs_len=9 u16le=21314 u32le=611138 ascii='BS..q..<R'
[2026-06-10 22:21:56] channel BS frame #1277: body_len=5 head=71 8f a6 3c 52 ascii='q..<R'
[2026-06-10 22:21:56] channel recv len=9 entropy=3.17 bs_len=9 u16le=21314 u32le=611138 ascii='BS....z..'
[2026-06-10 22:21:56] channel BS frame #1278: body_len=5 head=1e 89 7a b6 a5 ascii='..z..'
[2026-06-10 22:21:56] channel recv len=9 entropy=3.17 bs_len=9 u16le=21314 u32le=611138 ascii='BS..q..<R'
[2026-06-10 22:21:56] channel BS frame #1279: body_len=5 head=71 8f a6 3c 52 ascii='q..<R'
[2026-06-10 22:21:56] channel recv len=9 entropy=3.17 bs_len=9 u16le=21314 u32le=611138 ascii='BS....cr.'
[2026-06-10 22:21:56] channel BS frame #1280: body_len=5 head=1e 8d 63 72 c8 ascii='..cr.'
[2026-06-10 22:21:57] channel recv len=9 entropy=3.17 bs_len=9 u16le=21314 u32le=611138 ascii='BS..v..<R'
[2026-06-10 22:21:57] channel BS frame #1281: body_len=5 head=76 8f a6 3c 52 ascii='v..<R'
[2026-06-10 22:21:57] channel recv len=9 entropy=3.17 bs_len=9 u16le=21314 u32le=611138 ascii='BS.......'
[2026-06-10 22:21:57] channel BS frame #1282: body_len=5 head=1e 8a c0 e7 ac ascii='.....'
[2026-06-10 22:21:57] channel recv len=9 entropy=3.17 bs_len=9 u16le=21314 u32le=611138 ascii='BS.....<R'
[2026-06-10 22:21:57] channel BS frame #1283: body_len=5 head=e8 8f a6 3c 52 ascii='...<R'
[2026-06-10 22:21:57] channel recv len=9 entropy=3.17 bs_len=9 u16le=21314 u32le=611138 ascii='BS....cr.'
[2026-06-10 22:21:57] channel BS frame #1284: body_len=5 head=1e 8d 63 72 c8 ascii='..cr.'
[2026-06-10 22:21:57] channel recv len=9 entropy=3.17 bs_len=9 u16le=21314 u32le=611138 ascii='BS..v..<R'
[2026-06-10 22:21:57] channel BS frame #1285: body_len=5 head=76 8f a6 3c 52 ascii='v..<R'
[2026-06-10 22:21:57] channel recv len=9 entropy=2.95 bs_len=9 u16le=21314 u32le=611138 ascii='BS.....B.'
[2026-06-10 22:21:57] channel BS frame #1286: body_len=5 head=1e 8c f5 42 cf ascii='...B.'
[2026-06-10 22:21:57] channel recv len=9 entropy=3.17 bs_len=9 u16le=21314 u32le=611138 ascii='BS.....<R'
[2026-06-10 22:21:57] channel BS frame #1287: body_len=5 head=01 8f a6 3c 52 ascii='...<R'
[2026-06-10 22:21:57] channel recv len=9 entropy=3.17 bs_len=9 u16le=21314 u32le=611138 ascii='BS....O..'
[2026-06-10 22:21:57] channel BS frame #1288: body_len=5 head=1e 8f 4f 13 c6 ascii='..O..'
[2026-06-10 22:21:57] channel recv len=9 entropy=3.17 bs_len=9 u16le=21314 u32le=611138 ascii='BS.....p.'
[2026-06-10 22:21:57] channel BS frame #1289: body_len=5 head=98 83 8d 70 e4 ascii='...p.'
[2026-06-10 22:21:57] channel recv len=9 entropy=3.17 bs_len=9 u16le=21314 u32le=611138 ascii='BS.....#.'
[2026-06-10 22:21:57] channel BS frame #1290: body_len=5 head=17 8e d9 23 c1 ascii='...#.'
[2026-06-10 22:21:57] channel recv len=9 entropy=3.17 bs_len=9 u16le=21314 u32le=611138 ascii='BS.....<R'
[2026-06-10 22:21:57] channel BS frame #1291: body_len=5 head=ef 8f a6 3c 52 ascii='...<R'
[2026-06-10 22:21:57] channel recv len=9 entropy=3.17 bs_len=9 u16le=21314 u32le=611138 ascii='BS.....#.'
[2026-06-10 22:21:57] channel BS frame #1292: body_len=5 head=1e 8e d9 23 c1 ascii='...#.'
[2026-06-10 22:21:57] channel recv len=9 entropy=3.17 bs_len=9 u16le=21314 u32le=611138 ascii='BS.....<R'
[2026-06-10 22:21:57] channel BS frame #1293: body_len=5 head=ef 8f a6 3c 52 ascii='...<R'
[2026-06-10 22:21:57] channel recv len=9 entropy=3.17 bs_len=9 u16le=21314 u32le=611138 ascii='BS....cr.'
[2026-06-10 22:21:57] channel BS frame #1294: body_len=5 head=1e 8d 63 72 c8 ascii='..cr.'
[2026-06-10 22:21:57] channel recv len=9 entropy=3.17 bs_len=9 u16le=21314 u32le=611138 ascii='BS..v..<R'
[2026-06-10 22:21:57] channel BS frame #1295: body_len=5 head=76 8f a6 3c 52 ascii='v..<R'
[2026-06-10 22:21:57] channel recv len=9 entropy=3.17 bs_len=9 u16le=21314 u32le=611138 ascii='BS.....#.'
[2026-06-10 22:21:57] channel BS frame #1296: body_len=5 head=1e 8e d9 23 c1 ascii='...#.'
[2026-06-10 22:21:57] channel recv len=9 entropy=3.17 bs_len=9 u16le=21314 u32le=611138 ascii='BS.....<R'
[2026-06-10 22:21:57] channel BS frame #1297: body_len=5 head=ef 8f a6 3c 52 ascii='...<R'
[2026-06-10 22:21:57] channel recv len=9 entropy=3.17 bs_len=9 u16le=21314 u32le=611138 ascii='BS....O..'
[2026-06-10 22:21:57] channel BS frame #1298: body_len=5 head=1e 8f 4f 13 c6 ascii='..O..'
[2026-06-10 22:21:57] channel recv len=9 entropy=3.17 bs_len=9 u16le=21314 u32le=611138 ascii='BS.....<R'
[2026-06-10 22:21:57] channel BS frame #1299: body_len=5 head=98 8f a6 3c 52 ascii='...<R'
[2026-06-10 22:21:57] channel recv len=9 entropy=3.17 bs_len=9 u16le=21314 u32le=611138 ascii='BS....O..'
[2026-06-10 22:21:57] channel BS frame #1300: body_len=5 head=1e 8f 4f 13 c6 ascii='..O..'
[2026-06-10 22:21:57] channel recv len=9 entropy=3.17 bs_len=9 u16le=21314 u32le=611138 ascii='BS.....<R'
[2026-06-10 22:21:57] channel BS frame #1301: body_len=5 head=98 8f a6 3c 52 ascii='...<R'
[2026-06-10 22:21:57] channel recv len=9 entropy=3.17 bs_len=9 u16le=21314 u32le=611138 ascii='BS.....#.'
[2026-06-10 22:21:57] channel BS frame #1302: body_len=5 head=1e 8e d9 23 c1 ascii='...#.'
[2026-06-10 22:21:57] channel recv len=9 entropy=3.17 bs_len=9 u16le=21314 u32le=611138 ascii='BS.....<R'
[2026-06-10 22:21:57] channel BS frame #1303: body_len=5 head=ef 8f a6 3c 52 ascii='...<R'
[2026-06-10 22:21:57] channel recv len=9 entropy=3.17 bs_len=9 u16le=21314 u32le=611138 ascii='BS.....#.'
[2026-06-10 22:21:57] channel BS frame #1304: body_len=5 head=1e 8e d9 23 c1 ascii='...#.'
[2026-06-10 22:21:57] channel recv len=9 entropy=3.17 bs_len=9 u16le=21314 u32le=611138 ascii='BS......>'
[2026-06-10 22:21:57] channel BS frame #1305: body_len=5 head=ef 97 f0 a4 3e ascii='....>'
[2026-06-10 22:21:57] channel recv len=9 entropy=3.17 bs_len=9 u16le=21314 u32le=611138 ascii='BS.....#.'
[2026-06-10 22:21:57] channel BS frame #1306: body_len=5 head=0d 8e d9 23 c1 ascii='...#.'
[2026-06-10 22:21:59] channel recv len=5 entropy=2.32 bs_len=5 u16le=21314 u32le=348994 ascii='BS...'
[2026-06-10 22:21:59] channel BS frame #1307: body_len=1 head=9a ascii='.'
[2026-06-10 22:21:59] channel replay observed client frame #1307; server frames sent=678
[2026-06-10 22:22:02] channel recv len=5 entropy=2.32 bs_len=5 u16le=21314 u32le=348994 ascii='BS..#'
[2026-06-10 22:22:02] channel BS frame #1308: body_len=1 head=23 ascii='#'
[2026-06-10 22:22:02] channel replay observed client frame #1308; server frames sent=688
[2026-06-10 22:22:05] channel recv len=5 entropy=2.32 bs_len=5 u16le=21314 u32le=348994 ascii='BS...'
[2026-06-10 22:22:05] channel BS frame #1309: body_len=1 head=c5 ascii='.'
[2026-06-10 22:22:05] channel replay observed client frame #1309; server frames sent=698
[2026-06-10 22:22:06] channel recv len=9 entropy=3.17 bs_len=9 u16le=21314 u32le=611138 ascii='BS.....;8'
[2026-06-10 22:22:06] channel BS frame #1310: body_len=5 head=e7 c8 8d 3b 38 ascii='...;8'
[2026-06-10 22:22:06] channel recv len=9 entropy=3.17 bs_len=9 u16le=21314 u32le=611138 ascii='BS..n..#.'
[2026-06-10 22:22:06] channel BS frame #1311: body_len=5 head=6e 8e d9 23 c1 ascii='n..#.'
[2026-06-10 22:22:06] channel recv len=9 entropy=3.17 bs_len=9 u16le=21314 u32le=611138 ascii='BS.....m['
[2026-06-10 22:22:06] channel BS frame #1312: body_len=5 head=ef 8c 1c 6d 5b ascii='...m['
[2026-06-10 22:22:06] channel recv len=9 entropy=3.17 bs_len=9 u16le=21314 u32le=611138 ascii='BS......y'
[2026-06-10 22:22:06] channel BS frame #1313: body_len=5 head=87 80 de 0e 79 ascii='....y'
[2026-06-10 22:22:07] channel recv len=9 entropy=3.17 bs_len=9 u16le=21314 u32le=611138 ascii='BS....f.9'
[2026-06-10 22:22:07] channel BS frame #1314: body_len=5 head=08 96 66 94 39 ascii='..f.9'
[2026-06-10 22:22:07] channel recv len=9 entropy=3.17 bs_len=9 u16le=21314 u32le=611138 ascii='BS..z.O..'
[2026-06-10 22:22:07] channel BS frame #1315: body_len=5 head=7a 8f 4f 13 c6 ascii='z.O..'
[2026-06-10 22:22:07] channel recv len=9 entropy=3.17 bs_len=9 u16le=21314 u32le=611138 ascii='BS....0.U'
[2026-06-10 22:22:07] channel BS frame #1316: body_len=5 head=98 8e 30 0c 55 ascii='..0.U'
[2026-06-10 22:22:07] channel recv len=9 entropy=3.17 bs_len=9 u16le=21314 u32le=611138 ascii='BS..i.O..'
[2026-06-10 22:22:07] channel BS frame #1317: body_len=5 head=69 8f 4f 13 c6 ascii='i.O..'
[2026-06-10 22:22:07] channel recv len=9 entropy=3.17 bs_len=9 u16le=21314 u32le=611138 ascii='BS.....<R'
[2026-06-10 22:22:07] channel BS frame #1318: body_len=5 head=98 8f a6 3c 52 ascii='...<R'
[2026-06-10 22:22:07] channel recv len=9 entropy=3.17 bs_len=9 u16le=21314 u32le=611138 ascii='BS.....#.'
[2026-06-10 22:22:07] channel BS frame #1319: body_len=5 head=1e 8e d9 23 c1 ascii='...#.'
[2026-06-10 22:22:07] channel recv len=9 entropy=3.17 bs_len=9 u16le=21314 u32le=611138 ascii='BS.......'
[2026-06-10 22:22:07] channel BS frame #1320: body_len=5 head=ef 87 94 b4 89 ascii='.....'
[2026-06-10 22:22:07] channel recv len=9 entropy=3.17 bs_len=9 u16le=21314 u32le=611138 ascii='BS.....#.'
[2026-06-10 22:22:07] channel BS frame #1321: body_len=5 head=10 8e d9 23 c1 ascii='...#.'
[2026-06-10 22:22:07] channel recv len=9 entropy=3.17 bs_len=9 u16le=21314 u32le=611138 ascii='BS.....<R'
[2026-06-10 22:22:07] channel BS frame #1322: body_len=5 head=ef 8f a6 3c 52 ascii='...<R'
[2026-06-10 22:22:08] channel recv len=9 entropy=3.17 bs_len=9 u16le=21314 u32le=611138 ascii='BS....O..'
[2026-06-10 22:22:08] channel BS frame #1323: body_len=5 head=1e 8f 4f 13 c6 ascii='..O..'
[2026-06-10 22:22:08] channel recv len=9 entropy=3.17 bs_len=9 u16le=21314 u32le=611138 ascii='BS.....<R'
[2026-06-10 22:22:08] channel BS frame #1324: body_len=5 head=98 8f a6 3c 52 ascii='...<R'
[2026-06-10 22:22:08] channel recv len=9 entropy=3.17 bs_len=9 u16le=21314 u32le=611138 ascii='BS....cr.'
[2026-06-10 22:22:08] channel BS frame #1325: body_len=5 head=1e 8d 63 72 c8 ascii='..cr.'
[2026-06-10 22:22:08] channel recv len=9 entropy=3.17 bs_len=9 u16le=21314 u32le=611138 ascii='BS..v...0'
[2026-06-10 22:22:08] channel BS frame #1326: body_len=5 head=76 95 dc c5 30 ascii='v...0'
[2026-06-10 22:22:08] channel recv len=5 entropy=2.32 bs_len=5 u16le=21314 u32le=348994 ascii='BS...'
[2026-06-10 22:22:08] channel BS frame #1327: body_len=1 head=96 ascii='.'
[2026-06-10 22:22:08] channel replay observed client frame #1327; server frames sent=708
[2026-06-10 22:22:08] channel recv len=9 entropy=3.17 bs_len=9 u16le=21314 u32le=611138 ascii='BS..X.y..'
[2026-06-10 22:22:08] channel BS frame #1328: body_len=5 head=58 8c 79 14 ac ascii='X.y..'
[2026-06-10 22:22:08] channel recv len=9 entropy=3.17 bs_len=9 u16le=21314 u32le=611138 ascii='BS....M..'
[2026-06-10 22:22:08] channel BS frame #1329: body_len=5 head=e8 9a 4d d8 8f ascii='..M..'
[2026-06-10 22:22:08] channel recv len=9 entropy=3.17 bs_len=9 u16le=21314 u32le=611138 ascii='BS..s..#.'
[2026-06-10 22:22:08] channel BS frame #1330: body_len=5 head=73 8e d9 23 c1 ascii='s..#.'
[2026-06-10 22:22:08] channel recv len=9 entropy=3.17 bs_len=9 u16le=21314 u32le=611138 ascii='BS....J.7'
[2026-06-10 22:22:08] channel BS frame #1331: body_len=5 head=ef 94 4a f5 37 ascii='..J.7'
[2026-06-10 22:22:08] channel recv len=9 entropy=3.17 bs_len=9 u16le=21314 u32le=611138 ascii='BS.......'
[2026-06-10 22:22:08] channel BS frame #1332: body_len=5 head=94 88 ec 86 a2 ascii='.....'
[2026-06-10 22:22:08] channel recv len=9 entropy=3.17 bs_len=9 u16le=21314 u32le=611138 ascii='BS....7!.'
[2026-06-10 22:22:08] channel BS frame #1333: body_len=5 head=06 80 37 21 ed ascii='..7!.'
[2026-06-10 22:22:08] channel recv len=9 entropy=3.17 bs_len=9 u16le=21314 u32le=611138 ascii='BS....cr.'
[2026-06-10 22:22:08] channel BS frame #1334: body_len=5 head=8e 8d 63 72 c8 ascii='..cr.'
[2026-06-10 22:22:08] channel recv len=9 entropy=3.17 bs_len=9 u16le=21314 u32le=611138 ascii='BS..v..p.'
[2026-06-10 22:22:08] channel BS frame #1335: body_len=5 head=76 83 8d 70 e4 ascii='v..p.'
[2026-06-10 22:22:08] channel recv len=9 entropy=3.17 bs_len=9 u16le=21314 u32le=611138 ascii='BS....O..'
[2026-06-10 22:22:08] channel BS frame #1336: body_len=5 head=17 8f 4f 13 c6 ascii='..O..'
[2026-06-10 22:22:08] channel recv len=9 entropy=3.17 bs_len=9 u16le=21314 u32le=611138 ascii='BS.......'
[2026-06-10 22:22:08] channel BS frame #1337: body_len=5 head=98 87 94 b4 89 ascii='.....'
[2026-06-10 22:22:08] channel recv len=9 entropy=3.17 bs_len=9 u16le=21314 u32le=611138 ascii='BS.....#.'
[2026-06-10 22:22:08] channel BS frame #1338: body_len=5 head=10 8e d9 23 c1 ascii='...#.'
[2026-06-10 22:22:08] channel recv len=9 entropy=3.17 bs_len=9 u16le=21314 u32le=611138 ascii='BS.....<R'
[2026-06-10 22:22:08] channel BS frame #1339: body_len=5 head=ef 8f a6 3c 52 ascii='...<R'
[2026-06-10 22:22:08] channel recv len=9 entropy=3.17 bs_len=9 u16le=21314 u32le=611138 ascii='BS....O..'
[2026-06-10 22:22:08] channel BS frame #1340: body_len=5 head=1e 8f 4f 13 c6 ascii='..O..'
[2026-06-10 22:22:09] channel recv len=9 entropy=3.17 bs_len=9 u16le=21314 u32le=611138 ascii='BS.....<R'
[2026-06-10 22:22:09] channel BS frame #1341: body_len=5 head=98 8f a6 3c 52 ascii='...<R'
[2026-06-10 22:22:09] channel recv len=9 entropy=3.17 bs_len=9 u16le=21314 u32le=611138 ascii='BS....cr.'
[2026-06-10 22:22:09] channel BS frame #1342: body_len=5 head=1e 8d 63 72 c8 ascii='..cr.'
[2026-06-10 22:22:09] channel recv len=9 entropy=3.17 bs_len=9 u16le=21314 u32le=611138 ascii='BS..v..<R'
[2026-06-10 22:22:09] channel BS frame #1343: body_len=5 head=76 8f a6 3c 52 ascii='v..<R'
[2026-06-10 22:22:09] channel recv len=9 entropy=3.17 bs_len=9 u16le=21314 u32le=611138 ascii='BS....cr.'
[2026-06-10 22:22:09] channel BS frame #1344: body_len=5 head=1e 8d 63 72 c8 ascii='..cr.'
[2026-06-10 22:22:09] channel recv len=9 entropy=3.17 bs_len=9 u16le=21314 u32le=611138 ascii='BS..v..<R'
[2026-06-10 22:22:09] channel BS frame #1345: body_len=5 head=76 8f a6 3c 52 ascii='v..<R'
[2026-06-10 22:22:09] channel recv len=9 entropy=3.17 bs_len=9 u16le=21314 u32le=611138 ascii='BS.....#.'
[2026-06-10 22:22:09] channel BS frame #1346: body_len=5 head=1e 8e d9 23 c1 ascii='...#.'
[2026-06-10 22:22:09] channel recv len=9 entropy=3.17 bs_len=9 u16le=21314 u32le=611138 ascii='BS.....<R'
[2026-06-10 22:22:09] channel BS frame #1347: body_len=5 head=ef 8f a6 3c 52 ascii='...<R'
[2026-06-10 22:22:09] channel recv len=9 entropy=3.17 bs_len=9 u16le=21314 u32le=611138 ascii='BS....cr.'
[2026-06-10 22:22:09] channel BS frame #1348: body_len=5 head=1e 8d 63 72 c8 ascii='..cr.'
[2026-06-10 22:22:09] channel recv len=9 entropy=3.17 bs_len=9 u16le=21314 u32le=611138 ascii='BS..v..<R'
[2026-06-10 22:22:09] channel BS frame #1349: body_len=5 head=76 8f a6 3c 52 ascii='v..<R'
[2026-06-10 22:22:09] channel recv len=9 entropy=3.17 bs_len=9 u16le=21314 u32le=611138 ascii='BS....O..'
[2026-06-10 22:22:09] channel BS frame #1350: body_len=5 head=1e 8f 4f 13 c6 ascii='..O..'
[2026-06-10 22:22:09] channel recv len=9 entropy=3.17 bs_len=9 u16le=21314 u32le=611138 ascii='BS.....<R'
[2026-06-10 22:22:09] channel BS frame #1351: body_len=5 head=98 8f a6 3c 52 ascii='...<R'
[2026-06-10 22:22:09] channel recv len=9 entropy=3.17 bs_len=9 u16le=21314 u32le=611138 ascii='BS....}..'
[2026-06-10 22:22:09] channel BS frame #1352: body_len=5 head=1e 87 7d 9b 1d ascii='..}..'
[2026-06-10 22:22:09] channel recv len=9 entropy=3.17 bs_len=9 u16le=21314 u32le=611138 ascii='BS.....<R'
[2026-06-10 22:22:09] channel BS frame #1353: body_len=5 head=96 8f a6 3c 52 ascii='...<R'
[2026-06-10 22:22:09] channel recv len=9 entropy=3.17 bs_len=9 u16le=21314 u32le=611138 ascii='BS....O..'
[2026-06-10 22:22:09] channel BS frame #1354: body_len=5 head=1e 8f 4f 13 c6 ascii='..O..'
[2026-06-10 22:22:09] channel recv len=9 entropy=3.17 bs_len=9 u16le=21314 u32le=611138 ascii='BS.....<R'
[2026-06-10 22:22:09] channel BS frame #1355: body_len=5 head=98 8f a6 3c 52 ascii='...<R'
[2026-06-10 22:22:09] channel recv len=9 entropy=3.17 bs_len=9 u16le=21314 u32le=611138 ascii='BS.......'
[2026-06-10 22:22:09] channel BS frame #1356: body_len=5 head=1e 88 ec 86 a2 ascii='.....'
[2026-06-10 22:22:09] channel recv len=9 entropy=3.17 bs_len=9 u16le=21314 u32le=611138 ascii='BS.....<R'
[2026-06-10 22:22:09] channel BS frame #1357: body_len=5 head=06 8f a6 3c 52 ascii='...<R'
[2026-06-10 22:22:09] channel recv len=9 entropy=3.17 bs_len=9 u16le=21314 u32le=611138 ascii='BS.......'
[2026-06-10 22:22:09] channel BS frame #1358: body_len=5 head=1e 8a c0 e7 ac ascii='.....'
[2026-06-10 22:22:09] channel recv len=9 entropy=3.17 bs_len=9 u16le=21314 u32le=611138 ascii='BS.....<R'
[2026-06-10 22:22:09] channel BS frame #1359: body_len=5 head=e8 8f a6 3c 52 ascii='...<R'
[2026-06-10 22:22:09] channel recv len=9 entropy=3.17 bs_len=9 u16le=21314 u32le=611138 ascii='BS....O..'
[2026-06-10 22:22:09] channel BS frame #1360: body_len=5 head=1e 8f 4f 13 c6 ascii='..O..'
[2026-06-10 22:22:09] channel recv len=9 entropy=3.17 bs_len=9 u16le=21314 u32le=611138 ascii='BS.....<R'
[2026-06-10 22:22:09] channel BS frame #1361: body_len=5 head=98 8f a6 3c 52 ascii='...<R'
[2026-06-10 22:22:09] channel recv len=9 entropy=3.17 bs_len=9 u16le=21314 u32le=611138 ascii='BS....z..'
[2026-06-10 22:22:09] channel BS frame #1362: body_len=5 head=1e 89 7a b6 a5 ascii='..z..'
[2026-06-10 22:22:09] channel recv len=9 entropy=3.17 bs_len=9 u16le=21314 u32le=611138 ascii='BS..q..<R'
[2026-06-10 22:22:09] channel BS frame #1363: body_len=5 head=71 8f a6 3c 52 ascii='q..<R'
[2026-06-10 22:22:09] channel recv len=9 entropy=3.17 bs_len=9 u16le=21314 u32le=611138 ascii='BS.....#.'
[2026-06-10 22:22:09] channel BS frame #1364: body_len=5 head=1e 8e d9 23 c1 ascii='...#.'
[2026-06-10 22:22:09] channel recv len=9 entropy=3.17 bs_len=9 u16le=21314 u32le=611138 ascii='BS.....<R'
[2026-06-10 22:22:09] channel BS frame #1365: body_len=5 head=ef 8f a6 3c 52 ascii='...<R'
[2026-06-10 22:22:09] channel recv len=9 entropy=3.17 bs_len=9 u16le=21314 u32le=611138 ascii='BS....cr.'
[2026-06-10 22:22:09] channel BS frame #1366: body_len=5 head=1e 8d 63 72 c8 ascii='..cr.'
[2026-06-10 22:22:09] channel recv len=9 entropy=3.17 bs_len=9 u16le=21314 u32le=611138 ascii='BS..v.M..'
[2026-06-10 22:22:09] channel BS frame #1367: body_len=5 head=76 9a 4d d8 8f ascii='v.M..'
[2026-06-10 22:22:09] channel recv len=9 entropy=3.17 bs_len=9 u16le=21314 u32le=611138 ascii='BS..s..#.'
[2026-06-10 22:22:09] channel BS frame #1368: body_len=5 head=73 8e d9 23 c1 ascii='s..#.'
[2026-06-10 22:22:09] channel recv len=9 entropy=3.17 bs_len=9 u16le=21314 u32le=611138 ascii='BS.....<R'
[2026-06-10 22:22:09] channel BS frame #1369: body_len=5 head=ef 8f a6 3c 52 ascii='...<R'
[2026-06-10 22:22:09] channel recv len=9 entropy=3.17 bs_len=9 u16le=21314 u32le=611138 ascii='BS.....#.'
[2026-06-10 22:22:09] channel BS frame #1370: body_len=5 head=1e 8e d9 23 c1 ascii='...#.'
[2026-06-10 22:22:10] channel recv len=9 entropy=3.17 bs_len=9 u16le=21314 u32le=611138 ascii='BS.....<R'
[2026-06-10 22:22:10] channel BS frame #1371: body_len=5 head=ef 8f a6 3c 52 ascii='...<R'
[2026-06-10 22:22:10] channel recv len=9 entropy=3.17 bs_len=9 u16le=21314 u32le=611138 ascii='BS....O..'
[2026-06-10 22:22:10] channel BS frame #1372: body_len=5 head=1e 8f 4f 13 c6 ascii='..O..'
[2026-06-10 22:22:10] channel recv len=9 entropy=3.17 bs_len=9 u16le=21314 u32le=611138 ascii='BS.....<R'
[2026-06-10 22:22:10] channel BS frame #1373: body_len=5 head=98 8f a6 3c 52 ascii='...<R'
[2026-06-10 22:22:10] channel recv len=9 entropy=3.17 bs_len=9 u16le=21314 u32le=611138 ascii='BS....H>~'
[2026-06-10 22:22:10] channel BS frame #1374: body_len=5 head=1e 81 48 3e 7e ascii='..H>~'
[2026-06-10 22:22:10] channel recv len=9 entropy=3.17 bs_len=9 u16le=21314 u32le=611138 ascii='BS.....<R'
[2026-06-10 22:22:10] channel BS frame #1375: body_len=5 head=7f 8f a6 3c 52 ascii='...<R'
[2026-06-10 22:22:10] channel recv len=9 entropy=3.17 bs_len=9 u16le=21314 u32le=611138 ascii='BS....O..'
[2026-06-10 22:22:10] channel BS frame #1376: body_len=5 head=1e 8f 4f 13 c6 ascii='..O..'
[2026-06-10 22:22:10] channel recv len=9 entropy=3.17 bs_len=9 u16le=21314 u32le=611138 ascii='BS.....<R'
[2026-06-10 22:22:10] channel BS frame #1377: body_len=5 head=98 8f a6 3c 52 ascii='...<R'
[2026-06-10 22:22:10] channel recv len=9 entropy=3.17 bs_len=9 u16le=21314 u32le=611138 ascii='BS....O..'
[2026-06-10 22:22:10] channel BS frame #1378: body_len=5 head=1e 8f 4f 13 c6 ascii='..O..'
[2026-06-10 22:22:10] channel recv len=9 entropy=3.17 bs_len=9 u16le=21314 u32le=611138 ascii='BS.....<R'
[2026-06-10 22:22:10] channel BS frame #1379: body_len=5 head=98 8f a6 3c 52 ascii='...<R'
[2026-06-10 22:22:10] channel recv len=9 entropy=3.17 bs_len=9 u16le=21314 u32le=611138 ascii='BS....O..'
[2026-06-10 22:22:10] channel BS frame #1380: body_len=5 head=1e 8f 4f 13 c6 ascii='..O..'
[2026-06-10 22:22:10] channel recv len=9 entropy=3.17 bs_len=9 u16le=21314 u32le=611138 ascii='BS.....<R'
[2026-06-10 22:22:10] channel BS frame #1381: body_len=5 head=98 8f a6 3c 52 ascii='...<R'
[2026-06-10 22:22:10] channel recv len=9 entropy=3.17 bs_len=9 u16le=21314 u32le=611138 ascii='BS.....#.'
[2026-06-10 22:22:10] channel BS frame #1382: body_len=5 head=1e 8e d9 23 c1 ascii='...#.'
[2026-06-10 22:22:10] channel recv len=9 entropy=3.17 bs_len=9 u16le=21314 u32le=611138 ascii='BS.....<R'
[2026-06-10 22:22:10] channel BS frame #1383: body_len=5 head=ef 8f a6 3c 52 ascii='...<R'
[2026-06-10 22:22:10] channel recv len=9 entropy=3.17 bs_len=9 u16le=21314 u32le=611138 ascii='BS.....#.'
[2026-06-10 22:22:10] channel BS frame #1384: body_len=5 head=1e 8e d9 23 c1 ascii='...#.'
[2026-06-10 22:22:10] channel recv len=9 entropy=3.17 bs_len=9 u16le=21314 u32le=611138 ascii='BS.....<R'
[2026-06-10 22:22:10] channel BS frame #1385: body_len=5 head=ef 8f a6 3c 52 ascii='...<R'
[2026-06-10 22:22:10] channel recv len=9 entropy=2.95 bs_len=9 u16le=21314 u32le=611138 ascii='BS.....B.'
[2026-06-10 22:22:10] channel BS frame #1386: body_len=5 head=1e 8c f5 42 cf ascii='...B.'
[2026-06-10 22:22:10] channel recv len=9 entropy=3.17 bs_len=9 u16le=21314 u32le=611138 ascii='BS.....<R'
[2026-06-10 22:22:10] channel BS frame #1387: body_len=5 head=01 8f a6 3c 52 ascii='...<R'
[2026-06-10 22:22:10] channel recv len=9 entropy=3.17 bs_len=9 u16le=21314 u32le=611138 ascii='BS.....#.'
[2026-06-10 22:22:10] channel BS frame #1388: body_len=5 head=1e 8e d9 23 c1 ascii='...#.'
[2026-06-10 22:22:10] channel recv len=9 entropy=3.17 bs_len=9 u16le=21314 u32le=611138 ascii='BS.....<R'
[2026-06-10 22:22:10] channel BS frame #1389: body_len=5 head=ef 8f a6 3c 52 ascii='...<R'
[2026-06-10 22:22:10] channel recv len=9 entropy=3.17 bs_len=9 u16le=21314 u32le=611138 ascii='BS.....#.'
[2026-06-10 22:22:10] channel BS frame #1390: body_len=5 head=1e 8e d9 23 c1 ascii='...#.'
[2026-06-10 22:22:10] channel recv len=9 entropy=3.17 bs_len=9 u16le=21314 u32le=611138 ascii='BS.....<R'
[2026-06-10 22:22:10] channel BS frame #1391: body_len=5 head=ef 8f a6 3c 52 ascii='...<R'
[2026-06-10 22:22:10] channel recv len=9 entropy=3.17 bs_len=9 u16le=21314 u32le=611138 ascii='BS.....#.'
[2026-06-10 22:22:10] channel BS frame #1392: body_len=5 head=1e 8e d9 23 c1 ascii='...#.'
[2026-06-10 22:22:10] channel recv len=9 entropy=3.17 bs_len=9 u16le=21314 u32le=611138 ascii='BS.....<R'
[2026-06-10 22:22:10] channel BS frame #1393: body_len=5 head=ef 8f a6 3c 52 ascii='...<R'
[2026-06-10 22:22:10] channel recv len=9 entropy=3.17 bs_len=9 u16le=21314 u32le=611138 ascii='BS....cr.'
[2026-06-10 22:22:10] channel BS frame #1394: body_len=5 head=1e 8d 63 72 c8 ascii='..cr.'
[2026-06-10 22:22:10] channel recv len=9 entropy=3.17 bs_len=9 u16le=21314 u32le=611138 ascii='BS..v..<R'
[2026-06-10 22:22:10] channel BS frame #1395: body_len=5 head=76 8f a6 3c 52 ascii='v..<R'
[2026-06-10 22:22:10] channel recv len=9 entropy=3.17 bs_len=9 u16le=21314 u32le=611138 ascii='BS.......'
[2026-06-10 22:22:10] channel BS frame #1396: body_len=5 head=1e 84 c7 ca 14 ascii='.....'
[2026-06-10 22:22:11] channel recv len=9 entropy=3.17 bs_len=9 u16le=21314 u32le=611138 ascii='BS....M..'
[2026-06-10 22:22:11] channel BS frame #1397: body_len=5 head=0f 9a 4d d8 8f ascii='..M..'
[2026-06-10 22:22:11] channel recv len=9 entropy=3.17 bs_len=9 u16le=21314 u32le=611138 ascii='BS..s.O..'
[2026-06-10 22:22:11] channel BS frame #1398: body_len=5 head=73 8f 4f 13 c6 ascii='s.O..'
[2026-06-10 22:22:11] channel recv len=9 entropy=3.17 bs_len=9 u16le=21314 u32le=611138 ascii='BS.....<R'
[2026-06-10 22:22:11] channel BS frame #1399: body_len=5 head=98 8f a6 3c 52 ascii='...<R'
[2026-06-10 22:22:11] channel recv len=9 entropy=3.17 bs_len=9 u16le=21314 u32le=611138 ascii='BS....O..'
[2026-06-10 22:22:11] channel BS frame #1400: body_len=5 head=1e 8f 4f 13 c6 ascii='..O..'
[2026-06-10 22:22:11] channel recv len=9 entropy=3.17 bs_len=9 u16le=21314 u32le=611138 ascii='BS.....<R'
[2026-06-10 22:22:11] channel BS frame #1401: body_len=5 head=98 8f a6 3c 52 ascii='...<R'
[2026-06-10 22:22:11] channel recv len=9 entropy=3.17 bs_len=9 u16le=21314 u32le=611138 ascii='BS....cr.'
[2026-06-10 22:22:11] channel BS frame #1402: body_len=5 head=1e 8d 63 72 c8 ascii='..cr.'
[2026-06-10 22:22:11] channel recv len=5 entropy=2.32 bs_len=5 u16le=21314 u32le=348994 ascii='BS...'
[2026-06-10 22:22:11] channel BS frame #1403: body_len=1 head=03 ascii='.'
[2026-06-10 22:22:11] channel replay observed client frame #1403; server frames sent=718
[2026-06-10 22:22:11] channel recv len=9 entropy=3.17 bs_len=9 u16le=21314 u32le=611138 ascii='BS..Vi..R'
[2026-06-10 22:22:11] channel BS frame #1404: body_len=5 head=56 69 f1 cf 52 ascii='Vi..R'
[2026-06-10 22:22:11] channel recv len=9 entropy=3.17 bs_len=9 u16le=21314 u32le=611138 ascii='BS.....#.'
[2026-06-10 22:22:11] channel BS frame #1405: body_len=5 head=1e 8e d9 23 c1 ascii='...#.'
[2026-06-10 22:22:11] channel recv len=9 entropy=3.17 bs_len=9 u16le=21314 u32le=611138 ascii='BS.....<R'
[2026-06-10 22:22:11] channel BS frame #1406: body_len=5 head=ef 8f a6 3c 52 ascii='...<R'
[2026-06-10 22:22:11] channel recv len=9 entropy=3.17 bs_len=9 u16le=21314 u32le=611138 ascii='BS....cr.'
[2026-06-10 22:22:11] channel BS frame #1407: body_len=5 head=1e 8d 63 72 c8 ascii='..cr.'
[2026-06-10 22:22:11] channel recv len=9 entropy=3.17 bs_len=9 u16le=21314 u32le=611138 ascii='BS..v....'
[2026-06-10 22:22:11] channel BS frame #1408: body_len=5 head=76 85 b8 d5 87 ascii='v....'
[2026-06-10 22:22:11] channel recv len=9 entropy=3.17 bs_len=9 u16le=21314 u32le=611138 ascii='BS....cr.'
[2026-06-10 22:22:11] channel BS frame #1409: body_len=5 head=fe 8d 63 72 c8 ascii='..cr.'
[2026-06-10 22:22:11] channel recv len=9 entropy=3.17 bs_len=9 u16le=21314 u32le=611138 ascii='BS..v..<R'
[2026-06-10 22:22:11] channel BS frame #1410: body_len=5 head=76 8f a6 3c 52 ascii='v..<R'
[2026-06-10 22:22:11] channel recv len=9 entropy=3.17 bs_len=9 u16le=21314 u32le=611138 ascii='BS....O..'
[2026-06-10 22:22:11] channel BS frame #1411: body_len=5 head=1e 8f 4f 13 c6 ascii='..O..'
[2026-06-10 22:22:11] channel recv len=9 entropy=3.17 bs_len=9 u16le=21314 u32le=611138 ascii='BS.....<R'
[2026-06-10 22:22:11] channel BS frame #1412: body_len=5 head=98 8f a6 3c 52 ascii='...<R'
[2026-06-10 22:22:11] channel recv len=9 entropy=3.17 bs_len=9 u16le=21314 u32le=611138 ascii='BS....O..'
[2026-06-10 22:22:11] channel BS frame #1413: body_len=5 head=1e 8f 4f 13 c6 ascii='..O..'
[2026-06-10 22:22:11] channel recv len=9 entropy=3.17 bs_len=9 u16le=21314 u32le=611138 ascii='BS......0'
[2026-06-10 22:22:11] channel BS frame #1414: body_len=5 head=98 95 dc c5 30 ascii='....0'
[2026-06-10 22:22:11] channel recv len=9 entropy=2.95 bs_len=9 u16le=21314 u32le=611138 ascii='BS.....B.'
[2026-06-10 22:22:11] channel BS frame #1415: body_len=5 head=e3 8c f5 42 cf ascii='...B.'
[2026-06-10 22:22:11] channel recv len=9 entropy=2.95 bs_len=9 u16le=21314 u32le=611138 ascii='BS.....`S'
[2026-06-10 22:22:11] channel BS frame #1416: body_len=5 head=01 93 e9 60 53 ascii='...`S'
[2026-06-10 22:22:11] channel recv len=9 entropy=3.17 bs_len=9 u16le=21314 u32le=611138 ascii='BS....cr.'
[2026-06-10 22:22:11] channel BS frame #1417: body_len=5 head=0a 8d 63 72 c8 ascii='..cr.'
[2026-06-10 22:22:12] channel recv len=9 entropy=3.17 bs_len=9 u16le=21314 u32le=611138 ascii='BS..v..<R'
[2026-06-10 22:22:12] channel BS frame #1418: body_len=5 head=76 8f a6 3c 52 ascii='v..<R'
[2026-06-10 22:22:12] channel recv len=9 entropy=3.17 bs_len=9 u16le=21314 u32le=611138 ascii='BS....cr.'
[2026-06-10 22:22:12] channel BS frame #1419: body_len=5 head=1e 8d 63 72 c8 ascii='..cr.'
[2026-06-10 22:22:12] channel recv len=9 entropy=3.17 bs_len=9 u16le=21314 u32le=611138 ascii='BS..v..<R'
[2026-06-10 22:22:12] channel BS frame #1420: body_len=5 head=76 8f a6 3c 52 ascii='v..<R'
[2026-06-10 22:22:12] channel recv len=9 entropy=3.17 bs_len=9 u16le=21314 u32le=611138 ascii='BS....O..'
[2026-06-10 22:22:12] channel BS frame #1421: body_len=5 head=1e 8f 4f 13 c6 ascii='..O..'
[2026-06-10 22:22:12] channel recv len=9 entropy=3.17 bs_len=9 u16le=21314 u32le=611138 ascii='BS.....<R'
[2026-06-10 22:22:12] channel BS frame #1422: body_len=5 head=98 8f a6 3c 52 ascii='...<R'
[2026-06-10 22:22:12] channel recv len=9 entropy=3.17 bs_len=9 u16le=21314 u32le=611138 ascii='BS....cr.'
[2026-06-10 22:22:12] channel BS frame #1423: body_len=5 head=1e 8d 63 72 c8 ascii='..cr.'
[2026-06-10 22:22:12] channel recv len=9 entropy=3.17 bs_len=9 u16le=21314 u32le=611138 ascii='BS..v..<R'
[2026-06-10 22:22:12] channel BS frame #1424: body_len=5 head=76 8f a6 3c 52 ascii='v..<R'
[2026-06-10 22:22:12] channel recv len=9 entropy=3.17 bs_len=9 u16le=21314 u32le=611138 ascii='BS.....#.'
[2026-06-10 22:22:12] channel BS frame #1425: body_len=5 head=1e 8e d9 23 c1 ascii='...#.'
[2026-06-10 22:22:12] channel recv len=9 entropy=3.17 bs_len=9 u16le=21314 u32le=611138 ascii='BS.....]\\'
[2026-06-10 22:22:12] channel BS frame #1426: body_len=5 head=ef 8d 8a 5d 5c ascii='...]\\'
[2026-06-10 22:22:12] channel recv len=9 entropy=3.17 bs_len=9 u16le=21314 u32le=611138 ascii='BS.....#.'
[2026-06-10 22:22:12] channel BS frame #1427: body_len=5 head=f0 8e d9 23 c1 ascii='...#.'
[2026-06-10 22:22:12] channel recv len=9 entropy=3.17 bs_len=9 u16le=21314 u32le=611138 ascii='BS.....<R'
[2026-06-10 22:22:12] channel BS frame #1428: body_len=5 head=ef 8f a6 3c 52 ascii='...<R'
[2026-06-10 22:22:12] channel recv len=9 entropy=3.17 bs_len=9 u16le=21314 u32le=611138 ascii='BS....Q..'
[2026-06-10 22:22:12] channel BS frame #1429: body_len=5 head=1e 85 51 fa 13 ascii='..Q..'
[2026-06-10 22:22:12] channel recv len=9 entropy=3.17 bs_len=9 u16le=21314 u32le=611138 ascii='BS..x..<R'
[2026-06-10 22:22:12] channel BS frame #1430: body_len=5 head=78 8f a6 3c 52 ascii='x..<R'
[2026-06-10 22:22:12] channel recv len=9 entropy=3.17 bs_len=9 u16le=21314 u32le=611138 ascii='BS....O..'
[2026-06-10 22:22:12] channel BS frame #1431: body_len=5 head=1e 8f 4f 13 c6 ascii='..O..'
[2026-06-10 22:22:12] channel recv len=9 entropy=3.17 bs_len=9 u16le=21314 u32le=611138 ascii='BS....7!.'
[2026-06-10 22:22:12] channel BS frame #1432: body_len=5 head=98 80 37 21 ed ascii='..7!.'
[2026-06-10 22:22:12] channel recv len=9 entropy=3.17 bs_len=9 u16le=21314 u32le=611138 ascii='BS....cr.'
[2026-06-10 22:22:12] channel BS frame #1433: body_len=5 head=8e 8d 63 72 c8 ascii='..cr.'
[2026-06-10 22:22:12] channel recv len=9 entropy=2.95 bs_len=9 u16le=21314 u32le=611138 ascii='BS..v..`S'
[2026-06-10 22:22:12] channel BS frame #1434: body_len=5 head=76 93 e9 60 53 ascii='v..`S'
[2026-06-10 22:22:12] channel recv len=9 entropy=3.17 bs_len=9 u16le=21314 u32le=611138 ascii='BS....cr.'
[2026-06-10 22:22:12] channel BS frame #1435: body_len=5 head=0a 8d 63 72 c8 ascii='..cr.'
[2026-06-10 22:22:12] channel recv len=9 entropy=3.17 bs_len=9 u16le=21314 u32le=611138 ascii='BS..v..<R'
[2026-06-10 22:22:12] channel BS frame #1436: body_len=5 head=76 8f a6 3c 52 ascii='v..<R'
[2026-06-10 22:22:12] channel recv len=9 entropy=3.17 bs_len=9 u16le=21314 u32le=611138 ascii='BS....cr.'
[2026-06-10 22:22:12] channel BS frame #1437: body_len=5 head=1e 8d 63 72 c8 ascii='..cr.'
[2026-06-10 22:22:12] channel recv len=9 entropy=3.17 bs_len=9 u16le=21314 u32le=611138 ascii='BS..v...>'
[2026-06-10 22:22:12] channel BS frame #1438: body_len=5 head=76 97 f0 a4 3e ascii='v...>'
[2026-06-10 22:22:12] channel recv len=9 entropy=3.17 bs_len=9 u16le=21314 u32le=611138 ascii='BS.....#.'
[2026-06-10 22:22:12] channel BS frame #1439: body_len=5 head=0d 8e d9 23 c1 ascii='...#.'
[2026-06-10 22:22:12] channel recv len=9 entropy=3.17 bs_len=9 u16le=21314 u32le=611138 ascii='BS.....<R'
[2026-06-10 22:22:12] channel BS frame #1440: body_len=5 head=ef 8f a6 3c 52 ascii='...<R'
[2026-06-10 22:22:12] channel recv len=9 entropy=3.17 bs_len=9 u16le=21314 u32le=611138 ascii='BS.......'
[2026-06-10 22:22:12] channel BS frame #1441: body_len=5 head=1e 8a c0 e7 ac ascii='.....'
[2026-06-10 22:22:13] channel recv len=9 entropy=2.95 bs_len=9 u16le=21314 u32le=611138 ascii='BS.....`S'
[2026-06-10 22:22:13] channel BS frame #1442: body_len=5 head=e8 93 e9 60 53 ascii='...`S'
[2026-06-10 22:22:13] channel recv len=9 entropy=3.17 bs_len=9 u16le=21314 u32le=611138 ascii='BS.....#.'
[2026-06-10 22:22:13] channel BS frame #1443: body_len=5 head=0a 8e d9 23 c1 ascii='...#.'
[2026-06-10 22:22:13] channel recv len=9 entropy=3.17 bs_len=9 u16le=21314 u32le=611138 ascii='BS.....<R'
[2026-06-10 22:22:13] channel BS frame #1444: body_len=5 head=ef 8f a6 3c 52 ascii='...<R'
[2026-06-10 22:22:13] channel recv len=9 entropy=3.17 bs_len=9 u16le=21314 u32le=611138 ascii='BS.....#.'
[2026-06-10 22:22:13] channel BS frame #1445: body_len=5 head=1e 8e d9 23 c1 ascii='...#.'
[2026-06-10 22:22:13] channel recv len=9 entropy=3.17 bs_len=9 u16le=21314 u32le=611138 ascii='BS.....<R'
[2026-06-10 22:22:13] channel BS frame #1446: body_len=5 head=ef 8f a6 3c 52 ascii='...<R'
[2026-06-10 22:22:13] channel recv len=9 entropy=3.17 bs_len=9 u16le=21314 u32le=611138 ascii='BS....z..'
[2026-06-10 22:22:13] channel BS frame #1447: body_len=5 head=1e 89 7a b6 a5 ascii='..z..'
[2026-06-10 22:22:13] channel recv len=9 entropy=3.17 bs_len=9 u16le=21314 u32le=611138 ascii='BS..q..<R'
[2026-06-10 22:22:13] channel BS frame #1448: body_len=5 head=71 8f a6 3c 52 ascii='q..<R'
[2026-06-10 22:22:13] channel recv len=9 entropy=3.17 bs_len=9 u16le=21314 u32le=611138 ascii='BS.....#.'
[2026-06-10 22:22:13] channel BS frame #1449: body_len=5 head=1e 8e d9 23 c1 ascii='...#.'
[2026-06-10 22:22:13] channel recv len=9 entropy=3.17 bs_len=9 u16le=21314 u32le=611138 ascii='BS.....<R'
[2026-06-10 22:22:13] channel BS frame #1450: body_len=5 head=ef 8f a6 3c 52 ascii='...<R'
[2026-06-10 22:22:13] channel recv len=9 entropy=3.17 bs_len=9 u16le=21314 u32le=611138 ascii='BS.......'
[2026-06-10 22:22:13] channel BS frame #1451: body_len=5 head=1e 8a c0 e7 ac ascii='.....'
[2026-06-10 22:22:13] channel recv len=9 entropy=3.17 bs_len=9 u16le=21314 u32le=611138 ascii='BS.....<R'
[2026-06-10 22:22:13] channel BS frame #1452: body_len=5 head=e8 8f a6 3c 52 ascii='...<R'
[2026-06-10 22:22:13] channel recv len=9 entropy=3.17 bs_len=9 u16le=21314 u32le=611138 ascii='BS....cr.'
[2026-06-10 22:22:13] channel BS frame #1453: body_len=5 head=1e 8d 63 72 c8 ascii='..cr.'
[2026-06-10 22:22:13] channel recv len=9 entropy=3.17 bs_len=9 u16le=21314 u32le=611138 ascii='BS..v..<R'
[2026-06-10 22:22:13] channel BS frame #1454: body_len=5 head=76 8f a6 3c 52 ascii='v..<R'
[2026-06-10 22:22:13] channel recv len=9 entropy=3.17 bs_len=9 u16le=21314 u32le=611138 ascii='BS....O..'
[2026-06-10 22:22:13] channel BS frame #1455: body_len=5 head=1e 8f 4f 13 c6 ascii='..O..'
[2026-06-10 22:22:13] channel recv len=9 entropy=3.17 bs_len=9 u16le=21314 u32le=611138 ascii='BS.....<R'
[2026-06-10 22:22:13] channel BS frame #1456: body_len=5 head=98 8f a6 3c 52 ascii='...<R'
[2026-06-10 22:22:13] channel recv len=9 entropy=3.17 bs_len=9 u16le=21314 u32le=611138 ascii='BS....O..'
[2026-06-10 22:22:13] channel BS frame #1457: body_len=5 head=1e 8f 4f 13 c6 ascii='..O..'
[2026-06-10 22:22:13] channel recv len=9 entropy=3.17 bs_len=9 u16le=21314 u32le=611138 ascii='BS.....<R'
[2026-06-10 22:22:13] channel BS frame #1458: body_len=5 head=98 8f a6 3c 52 ascii='...<R'
[2026-06-10 22:22:13] channel recv len=9 entropy=3.17 bs_len=9 u16le=21314 u32le=611138 ascii='BS....O..'
[2026-06-10 22:22:13] channel BS frame #1459: body_len=5 head=1e 8f 4f 13 c6 ascii='..O..'
[2026-06-10 22:22:13] channel recv len=9 entropy=3.17 bs_len=9 u16le=21314 u32le=611138 ascii='BS.....<R'
[2026-06-10 22:22:13] channel BS frame #1460: body_len=5 head=98 8f a6 3c 52 ascii='...<R'
[2026-06-10 22:22:13] channel recv len=9 entropy=2.95 bs_len=9 u16le=21314 u32le=611138 ascii='BS.....B.'
[2026-06-10 22:22:13] channel BS frame #1461: body_len=5 head=1e 8c f5 42 cf ascii='...B.'
[2026-06-10 22:22:13] channel recv len=9 entropy=3.17 bs_len=9 u16le=21314 u32le=611138 ascii='BS.....<R'
[2026-06-10 22:22:13] channel BS frame #1462: body_len=5 head=01 8f a6 3c 52 ascii='...<R'
[2026-06-10 22:22:13] channel recv len=9 entropy=3.17 bs_len=9 u16le=21314 u32le=611138 ascii='BS....cr.'
[2026-06-10 22:22:13] channel BS frame #1463: body_len=5 head=1e 8d 63 72 c8 ascii='..cr.'
[2026-06-10 22:22:13] channel recv len=9 entropy=3.17 bs_len=9 u16le=21314 u32le=611138 ascii='BS..v..<R'
[2026-06-10 22:22:13] channel BS frame #1464: body_len=5 head=76 8f a6 3c 52 ascii='v..<R'
[2026-06-10 22:22:13] channel recv len=9 entropy=3.17 bs_len=9 u16le=21314 u32le=611138 ascii='BS....z..'
[2026-06-10 22:22:13] channel BS frame #1465: body_len=5 head=1e 89 7a b6 a5 ascii='..z..'
[2026-06-10 22:22:13] channel recv len=9 entropy=3.17 bs_len=9 u16le=21314 u32le=611138 ascii='BS..q..<R'
[2026-06-10 22:22:13] channel BS frame #1466: body_len=5 head=71 8f a6 3c 52 ascii='q..<R'
[2026-06-10 22:22:13] channel recv len=9 entropy=3.17 bs_len=9 u16le=21314 u32le=611138 ascii='BS......y'
[2026-06-10 22:22:13] channel BS frame #1467: body_len=5 head=1e 80 de 0e 79 ascii='....y'
[2026-06-10 22:22:13] channel recv len=9 entropy=3.17 bs_len=9 u16le=21314 u32le=611138 ascii='BS.....<R'
[2026-06-10 22:22:13] channel BS frame #1468: body_len=5 head=08 8f a6 3c 52 ascii='...<R'
[2026-06-10 22:22:13] channel recv len=9 entropy=3.17 bs_len=9 u16le=21314 u32le=611138 ascii='BS.....#.'
[2026-06-10 22:22:13] channel BS frame #1469: body_len=5 head=1e 8e d9 23 c1 ascii='...#.'
[2026-06-10 22:22:13] channel recv len=9 entropy=3.17 bs_len=9 u16le=21314 u32le=611138 ascii='BS.....<R'
[2026-06-10 22:22:13] channel BS frame #1470: body_len=5 head=ef 8f a6 3c 52 ascii='...<R'
[2026-06-10 22:22:13] channel recv len=9 entropy=3.17 bs_len=9 u16le=21314 u32le=611138 ascii='BS.....#.'
[2026-06-10 22:22:13] channel BS frame #1471: body_len=5 head=1e 8e d9 23 c1 ascii='...#.'
[2026-06-10 22:22:14] channel recv len=9 entropy=3.17 bs_len=9 u16le=21314 u32le=611138 ascii='BS.......'
[2026-06-10 22:22:14] channel BS frame #1472: body_len=5 head=ef 99 f7 89 86 ascii='.....'
[2026-06-10 22:22:14] channel recv len=9 entropy=3.17 bs_len=9 u16le=21314 u32le=611138 ascii='BS....cr.'
[2026-06-10 22:22:14] channel BS frame #1473: body_len=5 head=ea 8d 63 72 c8 ascii='..cr.'
[2026-06-10 22:22:14] channel recv len=5 entropy=2.32 bs_len=5 u16le=21314 u32le=348994 ascii='BS...'
[2026-06-10 22:22:14] channel BS frame #1474: body_len=1 head=03 ascii='.'
[2026-06-10 22:22:14] channel replay observed client frame #1474; server frames sent=728
[2026-06-10 22:22:14] channel recv len=9 entropy=3.17 bs_len=9 u16le=21314 u32le=611138 ascii='BS..V{...'
[2026-06-10 22:22:14] channel BS frame #1475: body_len=5 head=56 7b b9 be eb ascii='V{...'
[2026-06-10 22:22:14] channel recv len=9 entropy=2.95 bs_len=9 u16le=21314 u32le=611138 ascii='BS.....B.'
[2026-06-10 22:22:14] channel BS frame #1476: body_len=5 head=ed 8c f5 42 cf ascii='...B.'
[2026-06-10 22:22:14] channel recv len=9 entropy=3.17 bs_len=9 u16le=21314 u32le=611138 ascii='BS.....<R'
[2026-06-10 22:22:14] channel BS frame #1477: body_len=5 head=01 8f a6 3c 52 ascii='...<R'
[2026-06-10 22:22:14] channel recv len=9 entropy=3.17 bs_len=9 u16le=21314 u32le=611138 ascii='BS....cr.'
[2026-06-10 22:22:14] channel BS frame #1478: body_len=5 head=1e 8d 63 72 c8 ascii='..cr.'
[2026-06-10 22:22:14] channel recv len=9 entropy=3.17 bs_len=9 u16le=21314 u32le=611138 ascii='BS..v..<R'
[2026-06-10 22:22:14] channel BS frame #1479: body_len=5 head=76 8f a6 3c 52 ascii='v..<R'
[2026-06-10 22:22:14] channel recv len=9 entropy=2.95 bs_len=9 u16le=21314 u32le=611138 ascii='BS.....B.'
[2026-06-10 22:22:14] channel BS frame #1480: body_len=5 head=1e 8c f5 42 cf ascii='...B.'
[2026-06-10 22:22:14] channel recv len=9 entropy=3.17 bs_len=9 u16le=21314 u32le=611138 ascii='BS.......'
[2026-06-10 22:22:14] channel BS frame #1481: body_len=5 head=01 99 f7 89 86 ascii='.....'
[2026-06-10 22:22:14] channel recv len=9 entropy=3.17 bs_len=9 u16le=21314 u32le=611138 ascii='BS.....#.'
[2026-06-10 22:22:14] channel BS frame #1482: body_len=5 head=ea 8e d9 23 c1 ascii='...#.'
[2026-06-10 22:22:14] channel recv len=9 entropy=3.17 bs_len=9 u16le=21314 u32le=611138 ascii='BS.....<R'
[2026-06-10 22:22:14] channel BS frame #1483: body_len=5 head=ef 8f a6 3c 52 ascii='...<R'
[2026-06-10 22:22:14] channel recv len=9 entropy=3.17 bs_len=9 u16le=21314 u32le=611138 ascii='BS....cr.'
[2026-06-10 22:22:14] channel BS frame #1484: body_len=5 head=1e 8d 63 72 c8 ascii='..cr.'
[2026-06-10 22:22:14] channel recv len=9 entropy=2.95 bs_len=9 u16le=21314 u32le=611138 ascii='BS..v.S1Z'
[2026-06-10 22:22:14] channel BS frame #1485: body_len=5 head=76 90 53 31 5a ascii='v.S1Z'
[2026-06-10 22:22:14] channel recv len=9 entropy=3.17 bs_len=9 u16le=21314 u32le=611138 ascii='BS....cr.'
[2026-06-10 22:22:14] channel BS frame #1486: body_len=5 head=93 8d 63 72 c8 ascii='..cr.'
[2026-06-10 22:22:14] channel recv len=9 entropy=3.17 bs_len=9 u16le=21314 u32le=611138 ascii='BS..v....'
[2026-06-10 22:22:14] channel BS frame #1487: body_len=5 head=76 86 02 84 8e ascii='v....'
[2026-06-10 22:22:14] channel recv len=9 entropy=3.17 bs_len=9 u16le=21314 u32le=611138 ascii='BS..g.cr.'
[2026-06-10 22:22:14] channel BS frame #1488: body_len=5 head=67 8d 63 72 c8 ascii='g.cr.'
[2026-06-10 22:22:14] channel recv len=9 entropy=3.17 bs_len=9 u16le=21314 u32le=611138 ascii='BS..v..<R'
[2026-06-10 22:22:14] channel BS frame #1489: body_len=5 head=76 8f a6 3c 52 ascii='v..<R'
[2026-06-10 22:22:14] channel recv len=9 entropy=3.17 bs_len=9 u16le=21314 u32le=611138 ascii='BS....cr.'
[2026-06-10 22:22:14] channel BS frame #1490: body_len=5 head=1e 8d 63 72 c8 ascii='..cr.'
[2026-06-10 22:22:15] channel recv len=9 entropy=3.17 bs_len=9 u16le=21314 u32le=611138 ascii='BS..v....'
[2026-06-10 22:22:15] channel BS frame #1491: body_len=5 head=76 9b db e8 88 ascii='v....'
[2026-06-10 22:22:15] channel recv len=9 entropy=3.17 bs_len=9 u16le=21314 u32le=611138 ascii='BS.....#.'
[2026-06-10 22:22:15] channel BS frame #1492: body_len=5 head=04 8e d9 23 c1 ascii='...#.'
[2026-06-10 22:22:15] channel recv len=9 entropy=3.17 bs_len=9 u16le=21314 u32le=611138 ascii='BS.....]\\'
[2026-06-10 22:22:15] channel BS frame #1493: body_len=5 head=ef 8d 8a 5d 5c ascii='...]\\'
[2026-06-10 22:22:15] channel recv len=9 entropy=3.17 bs_len=9 u16le=21314 u32le=611138 ascii='BS....cr.'
[2026-06-10 22:22:15] channel BS frame #1494: body_len=5 head=f0 8d 63 72 c8 ascii='..cr.'
[2026-06-10 22:22:15] channel recv len=9 entropy=3.17 bs_len=9 u16le=21314 u32le=611138 ascii='BS..v..<R'
[2026-06-10 22:22:15] channel BS frame #1495: body_len=5 head=76 8f a6 3c 52 ascii='v..<R'
[2026-06-10 22:22:15] channel recv len=9 entropy=2.95 bs_len=9 u16le=21314 u32le=611138 ascii='BS.....B.'
[2026-06-10 22:22:15] channel BS frame #1496: body_len=5 head=1e 8c f5 42 cf ascii='...B.'
[2026-06-10 22:22:15] channel recv len=9 entropy=2.95 bs_len=9 u16le=21314 u32le=611138 ascii='BS....S1Z'
[2026-06-10 22:22:15] channel BS frame #1497: body_len=5 head=01 90 53 31 5a ascii='..S1Z'
[2026-06-10 22:22:15] channel recv len=9 entropy=3.17 bs_len=9 u16le=21314 u32le=611138 ascii='BS....O..'
[2026-06-10 22:22:15] channel BS frame #1498: body_len=5 head=93 8f 4f 13 c6 ascii='..O..'
[2026-06-10 22:22:15] channel recv len=9 entropy=3.17 bs_len=9 u16le=21314 u32le=611138 ascii='BS.....<R'
[2026-06-10 22:22:15] channel BS frame #1499: body_len=5 head=98 8f a6 3c 52 ascii='...<R'
[2026-06-10 22:22:15] channel recv len=9 entropy=2.95 bs_len=9 u16le=21314 u32le=611138 ascii='BS.....B.'
[2026-06-10 22:22:15] channel BS frame #1500: body_len=5 head=1e 8c f5 42 cf ascii='...B.'
[2026-06-10 22:22:15] channel recv len=9 entropy=3.17 bs_len=9 u16le=21314 u32le=611138 ascii='BS.....<R'
[2026-06-10 22:22:15] channel BS frame #1501: body_len=5 head=01 8f a6 3c 52 ascii='...<R'
[2026-06-10 22:22:15] channel recv len=9 entropy=3.17 bs_len=9 u16le=21314 u32le=611138 ascii='BS....cr.'
[2026-06-10 22:22:15] channel BS frame #1502: body_len=5 head=1e 8d 63 72 c8 ascii='..cr.'
[2026-06-10 22:22:15] channel recv len=9 entropy=3.17 bs_len=9 u16le=21314 u32le=611138 ascii='BS..v..<R'
[2026-06-10 22:22:15] channel BS frame #1503: body_len=5 head=76 8f a6 3c 52 ascii='v..<R'
[2026-06-10 22:22:15] channel recv len=9 entropy=3.17 bs_len=9 u16le=21314 u32le=611138 ascii='BS....cr.'
[2026-06-10 22:22:15] channel BS frame #1504: body_len=5 head=1e 8d 63 72 c8 ascii='..cr.'
[2026-06-10 22:22:15] channel recv len=9 entropy=3.17 bs_len=9 u16le=21314 u32le=611138 ascii='BS..v..<R'
[2026-06-10 22:22:15] channel BS frame #1505: body_len=5 head=76 8f a6 3c 52 ascii='v..<R'
[2026-06-10 22:22:15] channel recv len=9 entropy=3.17 bs_len=9 u16le=21314 u32le=611138 ascii='BS....O..'
[2026-06-10 22:22:15] channel BS frame #1506: body_len=5 head=1e 8f 4f 13 c6 ascii='..O..'
[2026-06-10 22:22:15] channel recv len=9 entropy=3.17 bs_len=9 u16le=21314 u32le=611138 ascii='BS.....<R'
[2026-06-10 22:22:15] channel BS frame #1507: body_len=5 head=98 8f a6 3c 52 ascii='...<R'
[2026-06-10 22:22:15] channel recv len=9 entropy=3.17 bs_len=9 u16le=21314 u32le=611138 ascii='BS....z..'
[2026-06-10 22:22:15] channel BS frame #1508: body_len=5 head=1e 89 7a b6 a5 ascii='..z..'
[2026-06-10 22:22:15] channel recv len=9 entropy=3.17 bs_len=9 u16le=21314 u32le=611138 ascii='BS..q.7!.'
[2026-06-10 22:22:15] channel BS frame #1509: body_len=5 head=71 80 37 21 ed ascii='q.7!.'
[2026-06-10 22:22:15] channel recv len=9 entropy=2.95 bs_len=9 u16le=21314 u32le=611138 ascii='BS.....B.'
[2026-06-10 22:22:15] channel BS frame #1510: body_len=5 head=8e 8c f5 42 cf ascii='...B.'
[2026-06-10 22:22:15] channel recv len=9 entropy=3.17 bs_len=9 u16le=21314 u32le=611138 ascii='BS.....<R'
[2026-06-10 22:22:15] channel BS frame #1511: body_len=5 head=01 8f a6 3c 52 ascii='...<R'
[2026-06-10 22:22:15] channel recv len=9 entropy=3.17 bs_len=9 u16le=21314 u32le=611138 ascii='BS.....#.'
[2026-06-10 22:22:15] channel BS frame #1512: body_len=5 head=1e 8e d9 23 c1 ascii='...#.'
[2026-06-10 22:22:15] channel recv len=9 entropy=3.17 bs_len=9 u16le=21314 u32le=611138 ascii='BS.....M.'
[2026-06-10 22:22:15] channel BS frame #1513: body_len=5 head=ef 9d ee 4d eb ascii='...M.'
[2026-06-10 22:22:15] channel recv len=9 entropy=3.17 bs_len=9 u16le=21314 u32le=611138 ascii='BS....cr.'
[2026-06-10 22:22:15] channel BS frame #1514: body_len=5 head=ed 8d 63 72 c8 ascii='..cr.'
[2026-06-10 22:22:16] channel recv len=9 entropy=3.17 bs_len=9 u16le=21314 u32le=611138 ascii='BS..v..,.'
[2026-06-10 22:22:16] channel BS frame #1515: body_len=5 head=76 9f c2 2c e5 ascii='v..,.'
[2026-06-10 22:22:16] channel recv len=9 entropy=3.17 bs_len=9 u16le=21314 u32le=611138 ascii='BS....cr.'
[2026-06-10 22:22:16] channel BS frame #1516: body_len=5 head=03 8d 63 72 c8 ascii='..cr.'
[2026-06-10 22:22:16] channel recv len=9 entropy=3.17 bs_len=9 u16le=21314 u32le=611138 ascii='BS..v....'
[2026-06-10 22:22:16] channel BS frame #1517: body_len=5 head=76 85 b8 d5 87 ascii='v....'
[2026-06-10 22:22:16] channel recv len=9 entropy=3.17 bs_len=9 u16le=21314 u32le=611138 ascii='BS....cr.'
[2026-06-10 22:22:16] channel BS frame #1518: body_len=5 head=fe 8d 63 72 c8 ascii='..cr.'
[2026-06-10 22:22:17] channel recv len=9 entropy=3.17 bs_len=9 u16le=21314 u32le=611138 ascii='BS..v..]\\'
[2026-06-10 22:22:17] channel BS frame #1519: body_len=5 head=76 8d 8a 5d 5c ascii='v..]\\'
[2026-06-10 22:22:17] channel recv len=9 entropy=3.17 bs_len=9 u16le=21314 u32le=611138 ascii='BS....cr.'
[2026-06-10 22:22:17] channel BS frame #1520: body_len=5 head=f0 8d 63 72 c8 ascii='..cr.'
[2026-06-10 22:22:17] channel recv len=9 entropy=2.95 bs_len=9 u16le=21314 u32le=611138 ascii='BS..v..`S'
[2026-06-10 22:22:17] channel BS frame #1521: body_len=5 head=76 93 e9 60 53 ascii='v..`S'
[2026-06-10 22:22:17] channel recv len=9 entropy=3.17 bs_len=9 u16le=21314 u32le=611138 ascii='BS....cr.'
[2026-06-10 22:22:17] channel BS frame #1522: body_len=5 head=0a 8d 63 72 c8 ascii='..cr.'
[2026-06-10 22:22:17] channel recv len=5 entropy=2.32 bs_len=5 u16le=21314 u32le=348994 ascii='BS...'
[2026-06-10 22:22:17] channel BS frame #1523: body_len=1 head=03 ascii='.'
[2026-06-10 22:22:17] channel replay observed client frame #1523; server frames sent=732
[2026-06-10 22:22:17] channel recv len=9 entropy=3.17 bs_len=9 u16le=21314 u32le=611138 ascii='BS..Vf`..'
[2026-06-10 22:22:17] channel BS frame #1524: body_len=5 head=56 66 60 d2 ed ascii='Vf`..'
[2026-06-10 22:22:17] channel recv len=9 entropy=3.17 bs_len=9 u16le=21314 u32le=611138 ascii='BS....cr.'
[2026-06-10 22:22:17] channel BS frame #1525: body_len=5 head=8e 8d 63 72 c8 ascii='..cr.'
[2026-06-10 22:22:17] channel recv len=9 entropy=3.17 bs_len=9 u16le=21314 u32le=611138 ascii='BS..v..<R'
[2026-06-10 22:22:17] channel BS frame #1526: body_len=5 head=76 8f a6 3c 52 ascii='v..<R'
[2026-06-10 22:22:17] channel recv len=9 entropy=3.17 bs_len=9 u16le=21314 u32le=611138 ascii='BS.....#.'
[2026-06-10 22:22:17] channel BS frame #1527: body_len=5 head=1e 8e d9 23 c1 ascii='...#.'
[2026-06-10 22:22:17] channel recv len=9 entropy=3.17 bs_len=9 u16le=21314 u32le=611138 ascii='BS.....<R'
[2026-06-10 22:22:17] channel BS frame #1528: body_len=5 head=ef 8f a6 3c 52 ascii='...<R'
[2026-06-10 22:22:17] channel recv len=9 entropy=3.17 bs_len=9 u16le=21314 u32le=611138 ascii='BS....cr.'
[2026-06-10 22:22:17] channel BS frame #1529: body_len=5 head=1e 8d 63 72 c8 ascii='..cr.'
[2026-06-10 22:22:17] channel recv len=9 entropy=3.17 bs_len=9 u16le=21314 u32le=611138 ascii='BS..v..<R'
[2026-06-10 22:22:17] channel BS frame #1530: body_len=5 head=76 8f a6 3c 52 ascii='v..<R'
[2026-06-10 22:22:17] channel recv len=9 entropy=3.17 bs_len=9 u16le=21314 u32le=611138 ascii='BS....d_p'
[2026-06-10 22:22:17] channel BS frame #1531: body_len=5 head=1e 83 64 5f 70 ascii='..d_p'
[2026-06-10 22:22:17] channel recv len=9 entropy=3.17 bs_len=9 u16le=21314 u32le=611138 ascii='BS.....<R'
[2026-06-10 22:22:17] channel BS frame #1532: body_len=5 head=91 8f a6 3c 52 ascii='...<R'
[2026-06-10 22:22:17] channel recv len=9 entropy=3.17 bs_len=9 u16le=21314 u32le=611138 ascii='BS.....b.'
[2026-06-10 22:22:17] channel BS frame #1533: body_len=5 head=1e 9d 07 62 7f ascii='...b.'
[2026-06-10 22:22:17] channel recv len=9 entropy=3.17 bs_len=9 u16le=21314 u32le=611138 ascii='BS..k..<R'
[2026-06-10 22:22:17] channel BS frame #1534: body_len=5 head=6b 8f a6 3c 52 ascii='k..<R'
[2026-06-10 22:22:17] channel recv len=9 entropy=3.17 bs_len=9 u16le=21314 u32le=611138 ascii='BS....cr.'
[2026-06-10 22:22:17] channel BS frame #1535: body_len=5 head=1e 8d 63 72 c8 ascii='..cr.'
[2026-06-10 22:22:17] channel recv len=9 entropy=3.17 bs_len=9 u16le=21314 u32le=611138 ascii='BS..v..<R'
[2026-06-10 22:22:17] channel BS frame #1536: body_len=5 head=76 8f a6 3c 52 ascii='v..<R'
[2026-06-10 22:22:17] channel recv len=9 entropy=3.17 bs_len=9 u16le=21314 u32le=611138 ascii='BS....d_p'
[2026-06-10 22:22:17] channel BS frame #1537: body_len=5 head=1e 83 64 5f 70 ascii='..d_p'
[2026-06-10 22:22:17] channel recv len=9 entropy=3.17 bs_len=9 u16le=21314 u32le=611138 ascii='BS.....<R'
[2026-06-10 22:22:17] channel BS frame #1538: body_len=5 head=91 8f a6 3c 52 ascii='...<R'
[2026-06-10 22:22:17] channel recv len=9 entropy=3.17 bs_len=9 u16le=21314 u32le=611138 ascii='BS.....Rx'
[2026-06-10 22:22:17] channel BS frame #1539: body_len=5 head=1e 9c 91 52 78 ascii='...Rx'
[2026-06-10 22:22:17] channel recv len=9 entropy=3.17 bs_len=9 u16le=21314 u32le=611138 ascii='BS.....<R'
[2026-06-10 22:22:17] channel BS frame #1540: body_len=5 head=1c 8f a6 3c 52 ascii='...<R'
[2026-06-10 22:22:17] channel recv len=9 entropy=3.17 bs_len=9 u16le=21314 u32le=611138 ascii='BS.....#.'
[2026-06-10 22:22:17] channel BS frame #1541: body_len=5 head=1e 8e d9 23 c1 ascii='...#.'
[2026-06-10 22:22:17] channel recv len=9 entropy=3.17 bs_len=9 u16le=21314 u32le=611138 ascii='BS.....<R'
[2026-06-10 22:22:17] channel BS frame #1542: body_len=5 head=ef 8f a6 3c 52 ascii='...<R'
[2026-06-10 22:22:17] channel recv len=9 entropy=3.17 bs_len=9 u16le=21314 u32le=611138 ascii='BS....O..'
[2026-06-10 22:22:17] channel BS frame #1543: body_len=5 head=1e 8f 4f 13 c6 ascii='..O..'
[2026-06-10 22:22:18] channel recv len=9 entropy=2.95 bs_len=9 u16le=21314 u32le=611138 ascii='BS.....`S'
[2026-06-10 22:22:18] channel BS frame #1544: body_len=5 head=98 93 e9 60 53 ascii='...`S'
[2026-06-10 22:22:18] channel recv len=9 entropy=3.17 bs_len=9 u16le=21314 u32le=611138 ascii='BS.....ow'
[2026-06-10 22:22:18] channel BS frame #1545: body_len=5 head=0a 82 f2 6f 77 ascii='...ow'
[2026-06-10 22:22:18] channel recv len=9 entropy=3.17 bs_len=9 u16le=21314 u32le=611138 ascii='BS.....<R'
[2026-06-10 22:22:18] channel BS frame #1546: body_len=5 head=e6 8f a6 3c 52 ascii='...<R'
[2026-06-10 22:22:18] channel recv len=9 entropy=3.17 bs_len=9 u16le=21314 u32le=611138 ascii='BS....cr.'
[2026-06-10 22:22:18] channel BS frame #1547: body_len=5 head=1e 8d 63 72 c8 ascii='..cr.'
[2026-06-10 22:22:18] channel recv len=9 entropy=3.17 bs_len=9 u16le=21314 u32le=611138 ascii='BS..v..<R'
[2026-06-10 22:22:18] channel BS frame #1548: body_len=5 head=76 8f a6 3c 52 ascii='v..<R'
[2026-06-10 22:22:18] channel recv len=9 entropy=3.17 bs_len=9 u16le=21314 u32le=611138 ascii='BS....}..'
[2026-06-10 22:22:18] channel BS frame #1549: body_len=5 head=1e 87 7d 9b 1d ascii='..}..'
[2026-06-10 22:22:18] channel recv len=9 entropy=3.17 bs_len=9 u16le=21314 u32le=611138 ascii='BS.....<R'
[2026-06-10 22:22:18] channel BS frame #1550: body_len=5 head=96 8f a6 3c 52 ascii='...<R'
[2026-06-10 22:22:18] channel recv len=9 entropy=3.17 bs_len=9 u16le=21314 u32le=611138 ascii='BS....cr.'
[2026-06-10 22:22:18] channel BS frame #1551: body_len=5 head=1e 8d 63 72 c8 ascii='..cr.'
[2026-06-10 22:22:18] channel recv len=9 entropy=3.17 bs_len=9 u16le=21314 u32le=611138 ascii='BS..v..<R'
[2026-06-10 22:22:18] channel BS frame #1552: body_len=5 head=76 8f a6 3c 52 ascii='v..<R'
[2026-06-10 22:22:18] channel recv len=9 entropy=3.17 bs_len=9 u16le=21314 u32le=611138 ascii='BS....O..'
[2026-06-10 22:22:18] channel BS frame #1553: body_len=5 head=1e 8f 4f 13 c6 ascii='..O..'
[2026-06-10 22:22:18] channel recv len=9 entropy=3.17 bs_len=9 u16le=21314 u32le=611138 ascii='BS.....<R'
[2026-06-10 22:22:18] channel BS frame #1554: body_len=5 head=98 8f a6 3c 52 ascii='...<R'
[2026-06-10 22:22:18] channel recv len=9 entropy=3.17 bs_len=9 u16le=21314 u32le=611138 ascii='BS....O..'
[2026-06-10 22:22:18] channel BS frame #1555: body_len=5 head=1e 8f 4f 13 c6 ascii='..O..'
[2026-06-10 22:22:18] channel recv len=9 entropy=3.17 bs_len=9 u16le=21314 u32le=611138 ascii='BS.....<R'
[2026-06-10 22:22:18] channel BS frame #1556: body_len=5 head=98 8f a6 3c 52 ascii='...<R'
[2026-06-10 22:22:18] channel recv len=9 entropy=3.17 bs_len=9 u16le=21314 u32le=611138 ascii='BS.....Rx'
[2026-06-10 22:22:18] channel BS frame #1557: body_len=5 head=1e 9c 91 52 78 ascii='...Rx'
[2026-06-10 22:22:18] channel recv len=9 entropy=3.17 bs_len=9 u16le=21314 u32le=611138 ascii='BS.....<R'
[2026-06-10 22:22:18] channel BS frame #1558: body_len=5 head=1c 8f a6 3c 52 ascii='...<R'
[2026-06-10 22:22:18] channel recv len=9 entropy=3.17 bs_len=9 u16le=21314 u32le=611138 ascii='BS.....Rx'
[2026-06-10 22:22:18] channel BS frame #1559: body_len=5 head=1e 9c 91 52 78 ascii='...Rx'
[2026-06-10 22:22:18] channel recv len=9 entropy=3.17 bs_len=9 u16le=21314 u32le=611138 ascii='BS.....<R'
[2026-06-10 22:22:18] channel BS frame #1560: body_len=5 head=1c 8f a6 3c 52 ascii='...<R'
[2026-06-10 22:22:18] channel recv len=9 entropy=3.17 bs_len=9 u16le=21314 u32le=611138 ascii='BS.......'
[2026-06-10 22:22:18] channel BS frame #1561: body_len=5 head=1e 86 eb ab 1a ascii='.....'
[2026-06-10 22:22:18] channel recv len=9 entropy=3.17 bs_len=9 u16le=21314 u32le=611138 ascii='BS.....<R'
[2026-06-10 22:22:18] channel BS frame #1562: body_len=5 head=e1 8f a6 3c 52 ascii='...<R'
[2026-06-10 22:22:18] channel recv len=9 entropy=3.17 bs_len=9 u16le=21314 u32le=611138 ascii='BS......y'
[2026-06-10 22:22:18] channel BS frame #1563: body_len=5 head=1e 80 de 0e 79 ascii='....y'
[2026-06-10 22:22:18] channel recv len=9 entropy=3.17 bs_len=9 u16le=21314 u32le=611138 ascii='BS.....<R'
[2026-06-10 22:22:18] channel BS frame #1564: body_len=5 head=08 8f a6 3c 52 ascii='...<R'
[2026-06-10 22:22:18] channel recv len=9 entropy=3.17 bs_len=9 u16le=21314 u32le=611138 ascii='BS.......'
[2026-06-10 22:22:18] channel BS frame #1565: body_len=5 head=1e 86 eb ab 1a ascii='.....'
[2026-06-10 22:22:18] channel recv len=9 entropy=3.17 bs_len=9 u16le=21314 u32le=611138 ascii='BS.....<R'
[2026-06-10 22:22:19] channel BS frame #1566: body_len=5 head=e1 8f a6 3c 52 ascii='...<R'
[2026-06-10 22:22:19] channel recv len=9 entropy=3.17 bs_len=9 u16le=21314 u32le=611138 ascii='BS....V..'
[2026-06-10 22:22:19] channel BS frame #1567: body_len=5 head=1e 8b 56 d7 ab ascii='..V..'
[2026-06-10 22:22:19] channel recv len=9 entropy=3.17 bs_len=9 u16le=21314 u32le=611138 ascii='BS.....<R'
[2026-06-10 22:22:19] channel BS frame #1568: body_len=5 head=9f 8f a6 3c 52 ascii='...<R'
[2026-06-10 22:22:19] channel recv len=9 entropy=3.17 bs_len=9 u16le=21314 u32le=611138 ascii='BS....z..'
[2026-06-10 22:22:19] channel BS frame #1569: body_len=5 head=1e 89 7a b6 a5 ascii='..z..'
[2026-06-10 22:22:19] channel recv len=9 entropy=3.17 bs_len=9 u16le=21314 u32le=611138 ascii='BS..q..<R'
[2026-06-10 22:22:19] channel BS frame #1570: body_len=5 head=71 8f a6 3c 52 ascii='q..<R'
[2026-06-10 22:22:19] channel recv len=9 entropy=3.17 bs_len=9 u16le=21314 u32le=611138 ascii='BS....O..'
[2026-06-10 22:22:19] channel BS frame #1571: body_len=5 head=1e 8f 4f 13 c6 ascii='..O..'
[2026-06-10 22:22:19] channel recv len=9 entropy=3.17 bs_len=9 u16le=21314 u32le=611138 ascii='BS.....<R'
[2026-06-10 22:22:19] channel BS frame #1572: body_len=5 head=98 8f a6 3c 52 ascii='...<R'
[2026-06-10 22:22:19] channel recv len=9 entropy=3.17 bs_len=9 u16le=21314 u32le=611138 ascii='BS.....#.'
[2026-06-10 22:22:19] channel BS frame #1573: body_len=5 head=1e 8e d9 23 c1 ascii='...#.'
[2026-06-10 22:22:19] channel recv len=9 entropy=3.17 bs_len=9 u16le=21314 u32le=611138 ascii='BS.....<R'
[2026-06-10 22:22:19] channel BS frame #1574: body_len=5 head=ef 8f a6 3c 52 ascii='...<R'
[2026-06-10 22:22:19] channel recv len=9 entropy=3.17 bs_len=9 u16le=21314 u32le=611138 ascii='BS....cr.'
[2026-06-10 22:22:19] channel BS frame #1575: body_len=5 head=1e 8d 63 72 c8 ascii='..cr.'
[2026-06-10 22:22:19] channel recv len=9 entropy=2.95 bs_len=9 u16le=21314 u32le=611138 ascii='BS..v..`S'
[2026-06-10 22:22:19] channel BS frame #1576: body_len=5 head=76 93 e9 60 53 ascii='v..`S'
[2026-06-10 22:22:19] channel recv len=9 entropy=3.17 bs_len=9 u16le=21314 u32le=611138 ascii='BS....cr.'
[2026-06-10 22:22:19] channel BS frame #1577: body_len=5 head=0a 8d 63 72 c8 ascii='..cr.'
[2026-06-10 22:22:19] channel recv len=9 entropy=3.17 bs_len=9 u16le=21314 u32le=611138 ascii='BS..v..<R'
[2026-06-10 22:22:19] channel BS frame #1578: body_len=5 head=76 8f a6 3c 52 ascii='v..<R'
[2026-06-10 22:22:19] channel recv len=9 entropy=3.17 bs_len=9 u16le=21314 u32le=611138 ascii='BS.....#.'
[2026-06-10 22:22:19] channel BS frame #1579: body_len=5 head=1e 8e d9 23 c1 ascii='...#.'
[2026-06-10 22:22:19] channel recv len=9 entropy=3.17 bs_len=9 u16le=21314 u32le=611138 ascii='BS.....<R'
[2026-06-10 22:22:19] channel BS frame #1580: body_len=5 head=ef 8f a6 3c 52 ascii='...<R'
[2026-06-10 22:22:19] channel recv len=9 entropy=3.17 bs_len=9 u16le=21314 u32le=611138 ascii='BS.......'
[2026-06-10 22:22:19] channel BS frame #1581: body_len=5 head=1e 86 eb ab 1a ascii='.....'
[2026-06-10 22:22:19] channel recv len=9 entropy=3.17 bs_len=9 u16le=21314 u32le=611138 ascii='BS.....<R'
[2026-06-10 22:22:19] channel BS frame #1582: body_len=5 head=e1 8f a6 3c 52 ascii='...<R'
[2026-06-10 22:22:19] channel recv len=9 entropy=3.17 bs_len=9 u16le=21314 u32le=611138 ascii='BS.......'
[2026-06-10 22:22:19] channel BS frame #1583: body_len=5 head=1e 88 ec 86 a2 ascii='.....'
[2026-06-10 22:22:19] channel recv len=9 entropy=3.17 bs_len=9 u16le=21314 u32le=611138 ascii='BS.....<R'
[2026-06-10 22:22:19] channel BS frame #1584: body_len=5 head=06 8f a6 3c 52 ascii='...<R'
[2026-06-10 22:22:19] channel recv len=9 entropy=3.17 bs_len=9 u16le=21314 u32le=611138 ascii='BS.....ow'
[2026-06-10 22:22:19] channel BS frame #1585: body_len=5 head=1e 82 f2 6f 77 ascii='...ow'
[2026-06-10 22:22:19] channel recv len=9 entropy=3.17 bs_len=9 u16le=21314 u32le=611138 ascii='BS.....<R'
[2026-06-10 22:22:19] channel BS frame #1586: body_len=5 head=e6 8f a6 3c 52 ascii='...<R'
[2026-06-10 22:22:19] channel recv len=9 entropy=3.17 bs_len=9 u16le=21314 u32le=611138 ascii='BS.....Rx'
[2026-06-10 22:22:19] channel BS frame #1587: body_len=5 head=1e 9c 91 52 78 ascii='...Rx'
[2026-06-10 22:22:19] channel recv len=9 entropy=3.17 bs_len=9 u16le=21314 u32le=611138 ascii='BS.....<R'
[2026-06-10 22:22:19] channel BS frame #1588: body_len=5 head=1c 8f a6 3c 52 ascii='...<R'
[2026-06-10 22:22:19] channel recv len=9 entropy=3.17 bs_len=9 u16le=21314 u32le=611138 ascii='BS.....#.'
[2026-06-10 22:22:19] channel BS frame #1589: body_len=5 head=1e 8e d9 23 c1 ascii='...#.'
[2026-06-10 22:22:19] channel recv len=9 entropy=3.17 bs_len=9 u16le=21314 u32le=611138 ascii='BS.....<R'
[2026-06-10 22:22:19] channel BS frame #1590: body_len=5 head=ef 8f a6 3c 52 ascii='...<R'
[2026-06-10 22:22:19] channel recv len=9 entropy=3.17 bs_len=9 u16le=21314 u32le=611138 ascii='BS.....#.'
[2026-06-10 22:22:19] channel BS frame #1591: body_len=5 head=1e 8e d9 23 c1 ascii='...#.'
[2026-06-10 22:22:19] channel recv len=9 entropy=3.17 bs_len=9 u16le=21314 u32le=611138 ascii='BS.....<R'
[2026-06-10 22:22:19] channel BS frame #1592: body_len=5 head=ef 8f a6 3c 52 ascii='...<R'
[2026-06-10 22:22:19] channel recv len=9 entropy=3.17 bs_len=9 u16le=21314 u32le=611138 ascii='BS.....Rx'
[2026-06-10 22:22:19] channel BS frame #1593: body_len=5 head=1e 9c 91 52 78 ascii='...Rx'
[2026-06-10 22:22:20] channel recv len=9 entropy=3.17 bs_len=9 u16le=21314 u32le=611138 ascii='BS.....<R'
[2026-06-10 22:22:20] channel BS frame #1594: body_len=5 head=1c 8f a6 3c 52 ascii='...<R'
[2026-06-10 22:22:20] channel recv len=9 entropy=3.17 bs_len=9 u16le=21314 u32le=611138 ascii='BS....d_p'
[2026-06-10 22:22:20] channel BS frame #1595: body_len=5 head=1e 83 64 5f 70 ascii='..d_p'
[2026-06-10 22:22:20] channel recv len=9 entropy=3.17 bs_len=9 u16le=21314 u32le=611138 ascii='BS.....<R'
[2026-06-10 22:22:20] channel BS frame #1596: body_len=5 head=91 8f a6 3c 52 ascii='...<R'
[2026-06-10 22:22:20] channel recv len=5 entropy=2.32 bs_len=5 u16le=21314 u32le=348994 ascii='BS..k'
[2026-06-10 22:22:20] channel BS frame #1597: body_len=1 head=6b ascii='k'
[2026-06-10 22:22:20] channel replay observed client frame #1597; server frames sent=740
[2026-06-10 22:22:20] channel recv len=9 entropy=3.17 bs_len=9 u16le=21314 u32le=611138 ascii='BS..X.Uu.'
[2026-06-10 22:22:20] channel BS frame #1598: body_len=5 head=58 8e 55 75 a2 ascii='X.Uu.'
[2026-06-10 22:22:20] channel recv len=9 entropy=3.17 bs_len=9 u16le=21314 u32le=611138 ascii='BS.....<R'
[2026-06-10 22:22:20] channel BS frame #1599: body_len=5 head=06 8f a6 3c 52 ascii='...<R'
[2026-06-10 22:22:20] channel recv len=9 entropy=3.17 bs_len=9 u16le=21314 u32le=611138 ascii='BS.......'
[2026-06-10 22:22:20] channel BS frame #1600: body_len=5 head=1e 86 eb ab 1a ascii='.....'
[2026-06-10 22:22:20] channel recv len=9 entropy=3.17 bs_len=9 u16le=21314 u32le=611138 ascii='BS.....<R'
[2026-06-10 22:22:20] channel BS frame #1601: body_len=5 head=e1 8f a6 3c 52 ascii='...<R'
[2026-06-10 22:22:20] channel recv len=9 entropy=3.17 bs_len=9 u16le=21314 u32le=611138 ascii='BS.....Rx'
[2026-06-10 22:22:20] channel BS frame #1602: body_len=5 head=1e 9c 91 52 78 ascii='...Rx'
[2026-06-10 22:22:20] channel recv len=9 entropy=3.17 bs_len=9 u16le=21314 u32le=611138 ascii='BS.....<R'
[2026-06-10 22:22:20] channel BS frame #1603: body_len=5 head=1c 8f a6 3c 52 ascii='...<R'
[2026-06-10 22:22:20] channel recv len=9 entropy=3.17 bs_len=9 u16le=21314 u32le=611138 ascii='BS.....ow'
[2026-06-10 22:22:20] channel BS frame #1604: body_len=5 head=1e 82 f2 6f 77 ascii='...ow'
[2026-06-10 22:22:20] channel recv len=9 entropy=3.17 bs_len=9 u16le=21314 u32le=611138 ascii='BS....x}.'
[2026-06-10 22:22:20] channel BS frame #1605: body_len=5 head=e6 9c 78 7d ec ascii='..x}.'
[2026-06-10 22:22:20] channel recv len=9 entropy=3.17 bs_len=9 u16le=21314 u32le=611138 ascii='BS.....#.'
[2026-06-10 22:22:20] channel BS frame #1606: body_len=5 head=9a 8e d9 23 c1 ascii='...#.'
[2026-06-10 22:22:20] channel recv len=9 entropy=3.17 bs_len=9 u16le=21314 u32le=611138 ascii='BS.....<R'
[2026-06-10 22:22:20] channel BS frame #1607: body_len=5 head=ef 8f a6 3c 52 ascii='...<R'
[2026-06-10 22:22:20] channel recv len=9 entropy=3.17 bs_len=9 u16le=21314 u32le=611138 ascii='BS....cr.'
[2026-06-10 22:22:20] channel BS frame #1608: body_len=5 head=1e 8d 63 72 c8 ascii='..cr.'
[2026-06-10 22:22:20] channel recv len=9 entropy=3.17 bs_len=9 u16le=21314 u32le=611138 ascii='BS..v..<R'
[2026-06-10 22:22:20] channel BS frame #1609: body_len=5 head=76 8f a6 3c 52 ascii='v..<R'
[2026-06-10 22:22:20] channel recv len=9 entropy=3.17 bs_len=9 u16le=21314 u32le=611138 ascii='BS.....#.'
[2026-06-10 22:22:20] channel BS frame #1610: body_len=5 head=1e 8e d9 23 c1 ascii='...#.'
[2026-06-10 22:22:20] channel recv len=9 entropy=3.17 bs_len=9 u16le=21314 u32le=611138 ascii='BS.....<R'
[2026-06-10 22:22:20] channel BS frame #1611: body_len=5 head=ef 8f a6 3c 52 ascii='...<R'
[2026-06-10 22:22:20] channel recv len=9 entropy=3.17 bs_len=9 u16le=21314 u32le=611138 ascii='BS.....Rx'
[2026-06-10 22:22:20] channel BS frame #1612: body_len=5 head=1e 9c 91 52 78 ascii='...Rx'
[2026-06-10 22:22:20] channel recv len=9 entropy=3.17 bs_len=9 u16le=21314 u32le=611138 ascii='BS.....<R'
[2026-06-10 22:22:20] channel BS frame #1613: body_len=5 head=1c 8f a6 3c 52 ascii='...<R'
[2026-06-10 22:22:21] channel recv len=9 entropy=3.17 bs_len=9 u16le=21314 u32le=611138 ascii='BS.....ow'
[2026-06-10 22:22:21] channel BS frame #1614: body_len=5 head=1e 82 f2 6f 77 ascii='...ow'
[2026-06-10 22:22:21] channel recv len=9 entropy=3.17 bs_len=9 u16le=21314 u32le=611138 ascii='BS.....<R'
[2026-06-10 22:22:21] channel BS frame #1615: body_len=5 head=e6 8f a6 3c 52 ascii='...<R'
[2026-06-10 22:22:21] channel recv len=9 entropy=3.17 bs_len=9 u16le=21314 u32le=611138 ascii='BS....d_p'
[2026-06-10 22:22:21] channel BS frame #1616: body_len=5 head=1e 83 64 5f 70 ascii='..d_p'
[2026-06-10 22:22:21] channel recv len=9 entropy=3.17 bs_len=9 u16le=21314 u32le=611138 ascii='BS.....<R'
[2026-06-10 22:22:21] channel BS frame #1617: body_len=5 head=91 8f a6 3c 52 ascii='...<R'
[2026-06-10 22:22:21] channel recv len=9 entropy=3.17 bs_len=9 u16le=21314 u32le=611138 ascii='BS.......'
[2026-06-10 22:22:21] channel BS frame #1618: body_len=5 head=1e 88 ec 86 a2 ascii='.....'
[2026-06-10 22:22:21] channel recv len=9 entropy=3.17 bs_len=9 u16le=21314 u32le=611138 ascii='BS.....<R'
[2026-06-10 22:22:21] channel BS frame #1619: body_len=5 head=06 8f a6 3c 52 ascii='...<R'
[2026-06-10 22:22:21] channel recv len=9 entropy=3.17 bs_len=9 u16le=21314 u32le=611138 ascii='BS.....#.'
[2026-06-10 22:22:21] channel BS frame #1620: body_len=5 head=1e 8e d9 23 c1 ascii='...#.'
[2026-06-10 22:22:21] channel recv len=9 entropy=3.17 bs_len=9 u16le=21314 u32le=611138 ascii='BS.....<R'
[2026-06-10 22:22:21] channel BS frame #1621: body_len=5 head=ef 8f a6 3c 52 ascii='...<R'
[2026-06-10 22:22:21] channel recv len=9 entropy=3.17 bs_len=9 u16le=21314 u32le=611138 ascii='BS....d_p'
[2026-06-10 22:22:21] channel BS frame #1622: body_len=5 head=1e 83 64 5f 70 ascii='..d_p'
[2026-06-10 22:22:21] channel recv len=9 entropy=3.17 bs_len=9 u16le=21314 u32le=611138 ascii='BS.....<R'
[2026-06-10 22:22:21] channel BS frame #1623: body_len=5 head=91 8f a6 3c 52 ascii='...<R'
[2026-06-10 22:22:21] channel recv len=9 entropy=3.17 bs_len=9 u16le=21314 u32le=611138 ascii='BS....d_p'
[2026-06-10 22:22:21] channel BS frame #1624: body_len=5 head=1e 83 64 5f 70 ascii='..d_p'
[2026-06-10 22:22:21] channel recv len=9 entropy=3.17 bs_len=9 u16le=21314 u32le=611138 ascii='BS.....<R'
[2026-06-10 22:22:21] channel BS frame #1625: body_len=5 head=91 8f a6 3c 52 ascii='...<R'
[2026-06-10 22:22:21] channel recv len=9 entropy=3.17 bs_len=9 u16le=21314 u32le=611138 ascii='BS.....ow'
[2026-06-10 22:22:21] channel BS frame #1626: body_len=5 head=1e 82 f2 6f 77 ascii='...ow'
[2026-06-10 22:22:21] channel recv len=9 entropy=3.17 bs_len=9 u16le=21314 u32le=611138 ascii='BS.....<R'
[2026-06-10 22:22:21] channel BS frame #1627: body_len=5 head=e6 8f a6 3c 52 ascii='...<R'
[2026-06-10 22:22:21] channel recv len=9 entropy=3.17 bs_len=9 u16le=21314 u32le=611138 ascii='BS.....Rx'
[2026-06-10 22:22:21] channel BS frame #1628: body_len=5 head=1e 9c 91 52 78 ascii='...Rx'
[2026-06-10 22:22:21] channel recv len=9 entropy=3.17 bs_len=9 u16le=21314 u32le=611138 ascii='BS.....<R'
[2026-06-10 22:22:21] channel BS frame #1629: body_len=5 head=1c 8f a6 3c 52 ascii='...<R'
[2026-06-10 22:22:21] channel recv len=9 entropy=3.17 bs_len=9 u16le=21314 u32le=611138 ascii='BS....cr.'
[2026-06-10 22:22:21] channel BS frame #1630: body_len=5 head=1e 8d 63 72 c8 ascii='..cr.'
[2026-06-10 22:22:21] channel recv len=9 entropy=3.17 bs_len=9 u16le=21314 u32le=611138 ascii='BS..v..<R'
[2026-06-10 22:22:21] channel BS frame #1631: body_len=5 head=76 8f a6 3c 52 ascii='v..<R'
[2026-06-10 22:22:21] channel recv len=9 entropy=3.17 bs_len=9 u16le=21314 u32le=611138 ascii='BS.....b.'
[2026-06-10 22:22:21] channel BS frame #1632: body_len=5 head=1e 9d 07 62 7f ascii='...b.'
[2026-06-10 22:22:21] channel recv len=9 entropy=3.17 bs_len=9 u16le=21314 u32le=611138 ascii='BS..k..<R'
[2026-06-10 22:22:21] channel BS frame #1633: body_len=5 head=6b 8f a6 3c 52 ascii='k..<R'
[2026-06-10 22:22:22] channel recv len=9 entropy=3.17 bs_len=9 u16le=21314 u32le=611138 ascii='BS.....b.'
[2026-06-10 22:22:22] channel BS frame #1634: body_len=5 head=1e 9d 07 62 7f ascii='...b.'
[2026-06-10 22:22:22] channel recv len=9 entropy=3.17 bs_len=9 u16le=21314 u32le=611138 ascii='BS..k..<R'
[2026-06-10 22:22:22] channel BS frame #1635: body_len=5 head=6b 8f a6 3c 52 ascii='k..<R'
[2026-06-10 22:22:22] channel recv len=9 entropy=3.17 bs_len=9 u16le=21314 u32le=611138 ascii='BS.....ow'
[2026-06-10 22:22:22] channel BS frame #1636: body_len=5 head=1e 82 f2 6f 77 ascii='...ow'
[2026-06-10 22:22:22] channel recv len=9 entropy=3.17 bs_len=9 u16le=21314 u32le=611138 ascii='BS.....<R'
[2026-06-10 22:22:22] channel BS frame #1637: body_len=5 head=e6 8f a6 3c 52 ascii='...<R'
[2026-06-10 22:22:22] channel recv len=9 entropy=3.17 bs_len=9 u16le=21314 u32le=611138 ascii='BS....d_p'
[2026-06-10 22:22:22] channel BS frame #1638: body_len=5 head=1e 83 64 5f 70 ascii='..d_p'
[2026-06-10 22:22:22] channel recv len=9 entropy=3.17 bs_len=9 u16le=21314 u32le=611138 ascii='BS.....<R'
[2026-06-10 22:22:22] channel BS frame #1639: body_len=5 head=91 8f a6 3c 52 ascii='...<R'
[2026-06-10 22:22:22] channel recv len=9 entropy=3.17 bs_len=9 u16le=21314 u32le=611138 ascii='BS....cr.'
[2026-06-10 22:22:22] channel BS frame #1640: body_len=5 head=1e 8d 63 72 c8 ascii='..cr.'
[2026-06-10 22:22:22] channel recv len=9 entropy=3.17 bs_len=9 u16le=21314 u32le=611138 ascii='BS..v..<R'
[2026-06-10 22:22:22] channel BS frame #1641: body_len=5 head=76 8f a6 3c 52 ascii='v..<R'
[2026-06-10 22:22:22] channel recv len=9 entropy=3.17 bs_len=9 u16le=21314 u32le=611138 ascii='BS....H>~'
[2026-06-10 22:22:22] channel BS frame #1642: body_len=5 head=1e 81 48 3e 7e ascii='..H>~'
[2026-06-10 22:22:22] channel recv len=9 entropy=3.17 bs_len=9 u16le=21314 u32le=611138 ascii='BS.....<R'
[2026-06-10 22:22:22] channel BS frame #1643: body_len=5 head=7f 8f a6 3c 52 ascii='...<R'
[2026-06-10 22:22:22] channel recv len=9 entropy=3.17 bs_len=9 u16le=21314 u32le=611138 ascii='BS.....ow'
[2026-06-10 22:22:22] channel BS frame #1644: body_len=5 head=1e 82 f2 6f 77 ascii='...ow'
[2026-06-10 22:22:22] channel recv len=9 entropy=3.17 bs_len=9 u16le=21314 u32le=611138 ascii='BS.....<R'
[2026-06-10 22:22:22] channel BS frame #1645: body_len=5 head=e6 8f a6 3c 52 ascii='...<R'
[2026-06-10 22:22:22] channel recv len=9 entropy=3.17 bs_len=9 u16le=21314 u32le=611138 ascii='BS....d_p'
[2026-06-10 22:22:22] channel BS frame #1646: body_len=5 head=1e 83 64 5f 70 ascii='..d_p'
[2026-06-10 22:22:22] channel recv len=9 entropy=3.17 bs_len=9 u16le=21314 u32le=611138 ascii='BS.....<R'
[2026-06-10 22:22:22] channel BS frame #1647: body_len=5 head=91 8f a6 3c 52 ascii='...<R'
[2026-06-10 22:22:22] channel recv len=9 entropy=3.17 bs_len=9 u16le=21314 u32le=611138 ascii='BS......y'
[2026-06-10 22:22:22] channel BS frame #1648: body_len=5 head=1e 80 de 0e 79 ascii='....y'
[2026-06-10 22:22:22] channel recv len=9 entropy=3.17 bs_len=9 u16le=21314 u32le=611138 ascii='BS.....<R'
[2026-06-10 22:22:22] channel BS frame #1649: body_len=5 head=08 8f a6 3c 52 ascii='...<R'
[2026-06-10 22:22:22] channel recv len=9 entropy=3.17 bs_len=9 u16le=21314 u32le=611138 ascii='BS....V..'
[2026-06-10 22:22:22] channel BS frame #1650: body_len=5 head=1e 8b 56 d7 ab ascii='..V..'
[2026-06-10 22:22:22] channel recv len=9 entropy=3.17 bs_len=9 u16le=21314 u32le=611138 ascii='BS.....<R'
[2026-06-10 22:22:22] channel BS frame #1651: body_len=5 head=9f 8f a6 3c 52 ascii='...<R'
[2026-06-10 22:22:22] channel recv len=9 entropy=3.17 bs_len=9 u16le=21314 u32le=611138 ascii='BS.....#.'
[2026-06-10 22:22:22] channel BS frame #1652: body_len=5 head=1e 8e d9 23 c1 ascii='...#.'
[2026-06-10 22:22:22] channel recv len=9 entropy=3.17 bs_len=9 u16le=21314 u32le=611138 ascii='BS.....<R'
[2026-06-10 22:22:22] channel BS frame #1653: body_len=5 head=ef 8f a6 3c 52 ascii='...<R'
[2026-06-10 22:22:22] channel recv len=9 entropy=3.17 bs_len=9 u16le=21314 u32le=611138 ascii='BS....cr.'
[2026-06-10 22:22:22] channel BS frame #1654: body_len=5 head=1e 8d 63 72 c8 ascii='..cr.'
[2026-06-10 22:22:22] channel recv len=9 entropy=3.17 bs_len=9 u16le=21314 u32le=611138 ascii='BS..v..<R'
[2026-06-10 22:22:22] channel BS frame #1655: body_len=5 head=76 8f a6 3c 52 ascii='v..<R'
[2026-06-10 22:22:22] channel recv len=9 entropy=3.17 bs_len=9 u16le=21314 u32le=611138 ascii='BS.......'
[2026-06-10 22:22:22] channel BS frame #1656: body_len=5 head=1e 8a c0 e7 ac ascii='.....'
[2026-06-10 22:22:23] channel recv len=9 entropy=3.17 bs_len=9 u16le=21314 u32le=611138 ascii='BS.....<R'
[2026-06-10 22:22:23] channel BS frame #1657: body_len=5 head=e8 8f a6 3c 52 ascii='...<R'
[2026-06-10 22:22:23] channel recv len=9 entropy=3.17 bs_len=9 u16le=21314 u32le=611138 ascii='BS....cr.'
[2026-06-10 22:22:23] channel BS frame #1658: body_len=5 head=1e 8d 63 72 c8 ascii='..cr.'
[2026-06-10 22:22:23] channel recv len=9 entropy=3.17 bs_len=9 u16le=21314 u32le=611138 ascii='BS..v...0'
[2026-06-10 22:22:23] channel BS frame #1659: body_len=5 head=76 95 dc c5 30 ascii='v...0'
[2026-06-10 22:22:23] channel recv len=5 entropy=2.32 bs_len=5 u16le=21314 u32le=348994 ascii='BS...'
[2026-06-10 22:22:23] channel BS frame #1660: body_len=1 head=96 ascii='.'
[2026-06-10 22:22:23] channel replay observed client frame #1660; server frames sent=750
[2026-06-10 22:22:23] channel recv len=9 entropy=3.17 bs_len=9 u16le=21314 u32le=611138 ascii='BS..X.(.x'
[2026-06-10 22:22:23] channel BS frame #1661: body_len=5 head=58 9a 28 a1 78 ascii='X.(.x'
[2026-06-10 22:22:23] channel recv len=9 entropy=3.17 bs_len=9 u16le=21314 u32le=611138 ascii='BS.....<R'
[2026-06-10 22:22:23] channel BS frame #1662: body_len=5 head=1c 8f a6 3c 52 ascii='...<R'
[2026-06-10 22:22:23] channel recv len=9 entropy=3.17 bs_len=9 u16le=21314 u32le=611138 ascii='BS.....#.'
[2026-06-10 22:22:23] channel BS frame #1663: body_len=5 head=1e 8e d9 23 c1 ascii='...#.'
[2026-06-10 22:22:23] channel recv len=9 entropy=3.17 bs_len=9 u16le=21314 u32le=611138 ascii='BS.....<R'
[2026-06-10 22:22:23] channel BS frame #1664: body_len=5 head=ef 8f a6 3c 52 ascii='...<R'
[2026-06-10 22:22:23] channel recv len=9 entropy=3.17 bs_len=9 u16le=21314 u32le=611138 ascii='BS....O..'
[2026-06-10 22:22:23] channel BS frame #1665: body_len=5 head=1e 8f 4f 13 c6 ascii='..O..'
[2026-06-10 22:22:23] channel recv len=9 entropy=3.17 bs_len=9 u16le=21314 u32le=611138 ascii='BS.....<R'
[2026-06-10 22:22:23] channel BS frame #1666: body_len=5 head=98 8f a6 3c 52 ascii='...<R'
[2026-06-10 22:22:23] channel recv len=9 entropy=3.17 bs_len=9 u16le=21314 u32le=611138 ascii='BS....d_p'
[2026-06-10 22:22:23] channel BS frame #1667: body_len=5 head=1e 83 64 5f 70 ascii='..d_p'
[2026-06-10 22:22:23] channel recv len=9 entropy=3.17 bs_len=9 u16le=21314 u32le=611138 ascii='BS.....<R'
[2026-06-10 22:22:23] channel BS frame #1668: body_len=5 head=91 8f a6 3c 52 ascii='...<R'
[2026-06-10 22:22:23] channel recv len=9 entropy=3.17 bs_len=9 u16le=21314 u32le=611138 ascii='BS....H>~'
[2026-06-10 22:22:23] channel BS frame #1669: body_len=5 head=1e 81 48 3e 7e ascii='..H>~'
[2026-06-10 22:22:23] channel recv len=9 entropy=3.17 bs_len=9 u16le=21314 u32le=611138 ascii='BS.....<R'
[2026-06-10 22:22:23] channel BS frame #1670: body_len=5 head=7f 8f a6 3c 52 ascii='...<R'
[2026-06-10 22:22:23] channel recv len=9 entropy=3.17 bs_len=9 u16le=21314 u32le=611138 ascii='BS.....b.'
[2026-06-10 22:22:23] channel BS frame #1671: body_len=5 head=1e 9d 07 62 7f ascii='...b.'
[2026-06-10 22:22:23] channel recv len=9 entropy=3.17 bs_len=9 u16le=21314 u32le=611138 ascii='BS..k..<R'
[2026-06-10 22:22:23] channel BS frame #1672: body_len=5 head=6b 8f a6 3c 52 ascii='k..<R'
[2026-06-10 22:22:23] channel recv len=9 entropy=3.17 bs_len=9 u16le=21314 u32le=611138 ascii='BS.....Rx'
[2026-06-10 22:22:23] channel BS frame #1673: body_len=5 head=1e 9c 91 52 78 ascii='...Rx'
[2026-06-10 22:22:23] channel recv len=9 entropy=3.17 bs_len=9 u16le=21314 u32le=611138 ascii='BS.....<R'
[2026-06-10 22:22:23] channel BS frame #1674: body_len=5 head=1c 8f a6 3c 52 ascii='...<R'
[2026-06-10 22:22:23] channel recv len=9 entropy=3.17 bs_len=9 u16le=21314 u32le=611138 ascii='BS.....#.'
[2026-06-10 22:22:23] channel BS frame #1675: body_len=5 head=1e 8e d9 23 c1 ascii='...#.'
[2026-06-10 22:22:23] channel recv len=9 entropy=3.17 bs_len=9 u16le=21314 u32le=611138 ascii='BS.....<R'
[2026-06-10 22:22:23] channel BS frame #1676: body_len=5 head=ef 8f a6 3c 52 ascii='...<R'
[2026-06-10 22:22:23] channel recv len=9 entropy=3.17 bs_len=9 u16le=21314 u32le=611138 ascii='BS.....Rx'
[2026-06-10 22:22:23] channel BS frame #1677: body_len=5 head=1e 9c 91 52 78 ascii='...Rx'
[2026-06-10 22:22:23] channel recv len=9 entropy=3.17 bs_len=9 u16le=21314 u32le=611138 ascii='BS.....<R'
[2026-06-10 22:22:23] channel BS frame #1678: body_len=5 head=1c 8f a6 3c 52 ascii='...<R'
[2026-06-10 22:22:24] channel recv len=9 entropy=3.17 bs_len=9 u16le=21314 u32le=611138 ascii='BS....d_p'
[2026-06-10 22:22:24] channel BS frame #1679: body_len=5 head=1e 83 64 5f 70 ascii='..d_p'
[2026-06-10 22:22:24] channel recv len=9 entropy=3.17 bs_len=9 u16le=21314 u32le=611138 ascii='BS.....<R'
[2026-06-10 22:22:24] channel BS frame #1680: body_len=5 head=91 8f a6 3c 52 ascii='...<R'
[2026-06-10 22:22:24] channel recv len=9 entropy=3.17 bs_len=9 u16le=21314 u32le=611138 ascii='BS....H>~'
[2026-06-10 22:22:24] channel BS frame #1681: body_len=5 head=1e 81 48 3e 7e ascii='..H>~'
[2026-06-10 22:22:24] channel recv len=9 entropy=3.17 bs_len=9 u16le=21314 u32le=611138 ascii='BS.....<R'
[2026-06-10 22:22:24] channel BS frame #1682: body_len=5 head=7f 8f a6 3c 52 ascii='...<R'
[2026-06-10 22:22:24] channel recv len=9 entropy=3.17 bs_len=9 u16le=21314 u32le=611138 ascii='BS....H>~'
[2026-06-10 22:22:24] channel BS frame #1683: body_len=5 head=1e 81 48 3e 7e ascii='..H>~'
[2026-06-10 22:22:24] channel recv len=9 entropy=3.17 bs_len=9 u16le=21314 u32le=611138 ascii='BS.....<R'
[2026-06-10 22:22:24] channel BS frame #1684: body_len=5 head=7f 8f a6 3c 52 ascii='...<R'
[2026-06-10 22:22:24] channel recv len=9 entropy=3.17 bs_len=9 u16le=21314 u32le=611138 ascii='BS....O..'
[2026-06-10 22:22:24] channel BS frame #1685: body_len=5 head=1e 8f 4f 13 c6 ascii='..O..'
[2026-06-10 22:22:24] channel recv len=9 entropy=3.17 bs_len=9 u16le=21314 u32le=611138 ascii='BS.....<R'
[2026-06-10 22:22:24] channel BS frame #1686: body_len=5 head=98 8f a6 3c 52 ascii='...<R'
[2026-06-10 22:22:24] channel recv len=9 entropy=3.17 bs_len=9 u16le=21314 u32le=611138 ascii='BS....d_p'
[2026-06-10 22:22:24] channel BS frame #1687: body_len=5 head=1e 83 64 5f 70 ascii='..d_p'
[2026-06-10 22:22:24] channel recv len=9 entropy=3.17 bs_len=9 u16le=21314 u32le=611138 ascii='BS.....<R'
[2026-06-10 22:22:24] channel BS frame #1688: body_len=5 head=91 8f a6 3c 52 ascii='...<R'
[2026-06-10 22:22:24] channel recv len=9 entropy=3.17 bs_len=9 u16le=21314 u32le=611138 ascii='BS.......'
[2026-06-10 22:22:24] channel BS frame #1689: body_len=5 head=1e 8a c0 e7 ac ascii='.....'
[2026-06-10 22:22:24] channel recv len=9 entropy=3.17 bs_len=9 u16le=21314 u32le=611138 ascii='BS.....<R'
[2026-06-10 22:22:24] channel BS frame #1690: body_len=5 head=e8 8f a6 3c 52 ascii='...<R'
[2026-06-10 22:22:24] channel recv len=9 entropy=3.17 bs_len=9 u16le=21314 u32le=611138 ascii='BS....O..'
[2026-06-10 22:22:24] channel BS frame #1691: body_len=5 head=1e 8f 4f 13 c6 ascii='..O..'
[2026-06-10 22:22:24] channel recv len=9 entropy=3.17 bs_len=9 u16le=21314 u32le=611138 ascii='BS.....<R'
[2026-06-10 22:22:24] channel BS frame #1692: body_len=5 head=98 8f a6 3c 52 ascii='...<R'
[2026-06-10 22:22:24] channel recv len=9 entropy=3.17 bs_len=9 u16le=21314 u32le=611138 ascii='BS.......'
[2026-06-10 22:22:24] channel BS frame #1693: body_len=5 head=1e 86 eb ab 1a ascii='.....'
[2026-06-10 22:22:24] channel recv len=9 entropy=3.17 bs_len=9 u16le=21314 u32le=611138 ascii='BS.....<R'
[2026-06-10 22:22:24] channel BS frame #1694: body_len=5 head=e1 8f a6 3c 52 ascii='...<R'
[2026-06-10 22:22:24] channel recv len=9 entropy=3.17 bs_len=9 u16le=21314 u32le=611138 ascii='BS.....Rx'
[2026-06-10 22:22:24] channel BS frame #1695: body_len=5 head=1e 9c 91 52 78 ascii='...Rx'
[2026-06-10 22:22:24] channel recv len=9 entropy=3.17 bs_len=9 u16le=21314 u32le=611138 ascii='BS.....<R'
[2026-06-10 22:22:24] channel BS frame #1696: body_len=5 head=1c 8f a6 3c 52 ascii='...<R'
[2026-06-10 22:22:24] channel recv len=9 entropy=3.17 bs_len=9 u16le=21314 u32le=611138 ascii='BS....cr.'
[2026-06-10 22:22:24] channel BS frame #1697: body_len=5 head=1e 8d 63 72 c8 ascii='..cr.'
[2026-06-10 22:22:24] channel recv len=9 entropy=2.95 bs_len=9 u16le=21314 u32le=611138 ascii='BS..v..`S'
[2026-06-10 22:22:24] channel BS frame #1698: body_len=5 head=76 93 e9 60 53 ascii='v..`S'
[2026-06-10 22:22:24] channel recv len=9 entropy=3.17 bs_len=9 u16le=21314 u32le=611138 ascii='BS....H>~'
[2026-06-10 22:22:24] channel BS frame #1699: body_len=5 head=0a 81 48 3e 7e ascii='..H>~'
[2026-06-10 22:22:24] channel recv len=9 entropy=3.17 bs_len=9 u16le=21314 u32le=611138 ascii='BS.....<R'
[2026-06-10 22:22:24] channel BS frame #1700: body_len=5 head=7f 8f a6 3c 52 ascii='...<R'
[2026-06-10 22:22:24] channel recv len=9 entropy=3.17 bs_len=9 u16le=21314 u32le=611138 ascii='BS.....#.'
[2026-06-10 22:22:24] channel BS frame #1701: body_len=5 head=1e 8e d9 23 c1 ascii='...#.'
[2026-06-10 22:22:24] channel recv len=9 entropy=3.17 bs_len=9 u16le=21314 u32le=611138 ascii='BS.....<R'
[2026-06-10 22:22:24] channel BS frame #1702: body_len=5 head=ef 8f a6 3c 52 ascii='...<R'
[2026-06-10 22:22:25] channel recv len=9 entropy=3.17 bs_len=9 u16le=21314 u32le=611138 ascii='BS.......'
[2026-06-10 22:22:25] channel BS frame #1703: body_len=5 head=1e 8a c0 e7 ac ascii='.....'
[2026-06-10 22:22:25] channel recv len=9 entropy=3.17 bs_len=9 u16le=21314 u32le=611138 ascii='BS.....<R'
[2026-06-10 22:22:25] channel BS frame #1704: body_len=5 head=e8 8f a6 3c 52 ascii='...<R'
[2026-06-10 22:22:25] channel recv len=9 entropy=3.17 bs_len=9 u16le=21314 u32le=611138 ascii='BS.....#.'
[2026-06-10 22:22:25] channel BS frame #1705: body_len=5 head=1e 8e d9 23 c1 ascii='...#.'
[2026-06-10 22:22:25] channel recv len=9 entropy=3.17 bs_len=9 u16le=21314 u32le=611138 ascii='BS.....<R'
[2026-06-10 22:22:25] channel BS frame #1706: body_len=5 head=ef 8f a6 3c 52 ascii='...<R'
[2026-06-10 22:22:25] channel recv len=9 entropy=3.17 bs_len=9 u16le=21314 u32le=611138 ascii='BS....}..'
[2026-06-10 22:22:25] channel BS frame #1707: body_len=5 head=1e 87 7d 9b 1d ascii='..}..'
[2026-06-10 22:22:25] channel recv len=9 entropy=3.17 bs_len=9 u16le=21314 u32le=611138 ascii='BS.....<R'
[2026-06-10 22:22:25] channel BS frame #1708: body_len=5 head=96 8f a6 3c 52 ascii='...<R'
[2026-06-10 22:22:25] channel recv len=9 entropy=3.17 bs_len=9 u16le=21314 u32le=611138 ascii='BS.....#.'
[2026-06-10 22:22:25] channel BS frame #1709: body_len=5 head=1e 8e d9 23 c1 ascii='...#.'
[2026-06-10 22:22:25] channel recv len=9 entropy=3.17 bs_len=9 u16le=21314 u32le=611138 ascii='BS.....<R'
[2026-06-10 22:22:25] channel BS frame #1710: body_len=5 head=ef 8f a6 3c 52 ascii='...<R'
[2026-06-10 22:22:25] channel recv len=9 entropy=3.17 bs_len=9 u16le=21314 u32le=611138 ascii='BS....O..'
[2026-06-10 22:22:25] channel BS frame #1711: body_len=5 head=1e 8f 4f 13 c6 ascii='..O..'
[2026-06-10 22:22:25] channel recv len=9 entropy=3.17 bs_len=9 u16le=21314 u32le=611138 ascii='BS.....<R'
[2026-06-10 22:22:25] channel BS frame #1712: body_len=5 head=98 8f a6 3c 52 ascii='...<R'
[2026-06-10 22:22:25] channel recv len=9 entropy=3.17 bs_len=9 u16le=21314 u32le=611138 ascii='BS....H>~'
[2026-06-10 22:22:25] channel BS frame #1713: body_len=5 head=1e 81 48 3e 7e ascii='..H>~'
[2026-06-10 22:22:25] channel recv len=9 entropy=3.17 bs_len=9 u16le=21314 u32le=611138 ascii='BS.....<R'
[2026-06-10 22:22:25] channel BS frame #1714: body_len=5 head=7f 8f a6 3c 52 ascii='...<R'
[2026-06-10 22:22:25] channel recv len=9 entropy=3.17 bs_len=9 u16le=21314 u32le=611138 ascii='BS.....#.'
[2026-06-10 22:22:25] channel BS frame #1715: body_len=5 head=1e 8e d9 23 c1 ascii='...#.'
[2026-06-10 22:22:25] channel recv len=9 entropy=3.17 bs_len=9 u16le=21314 u32le=611138 ascii='BS.....<R'
[2026-06-10 22:22:25] channel BS frame #1716: body_len=5 head=ef 8f a6 3c 52 ascii='...<R'
[2026-06-10 22:22:25] channel recv len=9 entropy=3.17 bs_len=9 u16le=21314 u32le=611138 ascii='BS....Q..'
[2026-06-10 22:22:25] channel BS frame #1717: body_len=5 head=1e 85 51 fa 13 ascii='..Q..'
[2026-06-10 22:22:25] channel recv len=9 entropy=3.17 bs_len=9 u16le=21314 u32le=611138 ascii='BS..x..<R'
[2026-06-10 22:22:25] channel BS frame #1718: body_len=5 head=78 8f a6 3c 52 ascii='x..<R'
[2026-06-10 22:22:25] channel recv len=9 entropy=3.17 bs_len=9 u16le=21314 u32le=611138 ascii='BS....H>~'
[2026-06-10 22:22:25] channel BS frame #1719: body_len=5 head=1e 81 48 3e 7e ascii='..H>~'
[2026-06-10 22:22:25] channel recv len=9 entropy=3.17 bs_len=9 u16le=21314 u32le=611138 ascii='BS.....<R'
[2026-06-10 22:22:25] channel BS frame #1720: body_len=5 head=7f 8f a6 3c 52 ascii='...<R'
[2026-06-10 22:22:25] channel recv len=9 entropy=3.17 bs_len=9 u16le=21314 u32le=611138 ascii='BS....O..'
[2026-06-10 22:22:25] channel BS frame #1721: body_len=5 head=1e 8f 4f 13 c6 ascii='..O..'
[2026-06-10 22:22:25] channel recv len=9 entropy=3.17 bs_len=9 u16le=21314 u32le=611138 ascii='BS.....<R'
[2026-06-10 22:22:25] channel BS frame #1722: body_len=5 head=98 8f a6 3c 52 ascii='...<R'
[2026-06-10 22:22:25] channel recv len=9 entropy=3.17 bs_len=9 u16le=21314 u32le=611138 ascii='BS......y'
[2026-06-10 22:22:25] channel BS frame #1723: body_len=5 head=1e 80 de 0e 79 ascii='....y'
[2026-06-10 22:22:25] channel recv len=9 entropy=3.17 bs_len=9 u16le=21314 u32le=611138 ascii='BS.....<R'
[2026-06-10 22:22:25] channel BS frame #1724: body_len=5 head=08 8f a6 3c 52 ascii='...<R'
[2026-06-10 22:22:25] channel recv len=9 entropy=3.17 bs_len=9 u16le=21314 u32le=611138 ascii='BS.....#.'
[2026-06-10 22:22:25] channel BS frame #1725: body_len=5 head=1e 8e d9 23 c1 ascii='...#.'
[2026-06-10 22:22:25] channel recv len=9 entropy=3.17 bs_len=9 u16le=21314 u32le=611138 ascii='BS.....<R'
[2026-06-10 22:22:25] channel BS frame #1726: body_len=5 head=ef 8f a6 3c 52 ascii='...<R'
[2026-06-10 22:22:25] channel recv len=9 entropy=3.17 bs_len=9 u16le=21314 u32le=611138 ascii='BS....d_p'
[2026-06-10 22:22:25] channel BS frame #1727: body_len=5 head=1e 83 64 5f 70 ascii='..d_p'
[2026-06-10 22:22:26] channel recv len=9 entropy=3.17 bs_len=9 u16le=21314 u32le=611138 ascii='BS.....<R'
[2026-06-10 22:22:26] channel BS frame #1728: body_len=5 head=91 8f a6 3c 52 ascii='...<R'
[2026-06-10 22:22:26] channel recv len=9 entropy=3.17 bs_len=9 u16le=21314 u32le=611138 ascii='BS.....b.'
[2026-06-10 22:22:26] channel BS frame #1729: body_len=5 head=1e 9d 07 62 7f ascii='...b.'
[2026-06-10 22:22:26] channel recv len=9 entropy=3.17 bs_len=9 u16le=21314 u32le=611138 ascii='BS..k..<R'
[2026-06-10 22:22:26] channel BS frame #1730: body_len=5 head=6b 8f a6 3c 52 ascii='k..<R'
[2026-06-10 22:22:26] channel recv len=9 entropy=3.17 bs_len=9 u16le=21314 u32le=611138 ascii='BS.....#.'
[2026-06-10 22:22:26] channel BS frame #1731: body_len=5 head=1e 8e d9 23 c1 ascii='...#.'
[2026-06-10 22:22:26] channel recv len=5 entropy=2.32 bs_len=5 u16le=21314 u32le=348994 ascii='BS...'
[2026-06-10 22:22:26] channel BS frame #1732: body_len=1 head=9a ascii='.'
[2026-06-10 22:22:26] channel replay observed client frame #1732; server frames sent=760
[2026-06-10 22:22:26] channel recv len=9 entropy=3.17 bs_len=9 u16le=21314 u32le=611138 ascii='BS..Vi..R'
[2026-06-10 22:22:26] channel BS frame #1733: body_len=5 head=56 69 f1 cf 52 ascii='Vi..R'
[2026-06-10 22:22:26] channel recv len=9 entropy=3.17 bs_len=9 u16le=21314 u32le=611138 ascii='BS.....Rx'
[2026-06-10 22:22:26] channel BS frame #1734: body_len=5 head=1e 9c 91 52 78 ascii='...Rx'
[2026-06-10 22:22:26] channel recv len=9 entropy=3.17 bs_len=9 u16le=21314 u32le=611138 ascii='BS.....<R'
[2026-06-10 22:22:26] channel BS frame #1735: body_len=5 head=1c 8f a6 3c 52 ascii='...<R'
[2026-06-10 22:22:26] channel recv len=9 entropy=3.17 bs_len=9 u16le=21314 u32le=611138 ascii='BS.......'
[2026-06-10 22:22:26] channel BS frame #1736: body_len=5 head=1e 88 ec 86 a2 ascii='.....'
[2026-06-10 22:22:26] channel recv len=9 entropy=3.17 bs_len=9 u16le=21314 u32le=611138 ascii='BS.....<R'
[2026-06-10 22:22:26] channel BS frame #1737: body_len=5 head=06 8f a6 3c 52 ascii='...<R'
[2026-06-10 22:22:26] channel recv len=9 entropy=3.17 bs_len=9 u16le=21314 u32le=611138 ascii='BS.....#.'
[2026-06-10 22:22:26] channel BS frame #1738: body_len=5 head=1e 8e d9 23 c1 ascii='...#.'
[2026-06-10 22:22:26] channel recv len=9 entropy=3.17 bs_len=9 u16le=21314 u32le=611138 ascii='BS.....<R'
[2026-06-10 22:22:26] channel BS frame #1739: body_len=5 head=ef 8f a6 3c 52 ascii='...<R'
[2026-06-10 22:22:26] channel recv len=9 entropy=3.17 bs_len=9 u16le=21314 u32le=611138 ascii='BS....d_p'
[2026-06-10 22:22:26] channel BS frame #1740: body_len=5 head=1e 83 64 5f 70 ascii='..d_p'
[2026-06-10 22:22:26] channel recv len=9 entropy=3.17 bs_len=9 u16le=21314 u32le=611138 ascii='BS.....<R'
[2026-06-10 22:22:26] channel BS frame #1741: body_len=5 head=91 8f a6 3c 52 ascii='...<R'
[2026-06-10 22:22:26] channel recv len=9 entropy=3.17 bs_len=9 u16le=21314 u32le=611138 ascii='BS.....b.'
[2026-06-10 22:22:26] channel BS frame #1742: body_len=5 head=1e 9d 07 62 7f ascii='...b.'
[2026-06-10 22:22:26] channel recv len=9 entropy=3.17 bs_len=9 u16le=21314 u32le=611138 ascii='BS..k..<R'
[2026-06-10 22:22:26] channel BS frame #1743: body_len=5 head=6b 8f a6 3c 52 ascii='k..<R'
[2026-06-10 22:22:26] channel recv len=9 entropy=3.17 bs_len=9 u16le=21314 u32le=611138 ascii='BS.....b.'
[2026-06-10 22:22:26] channel BS frame #1744: body_len=5 head=1e 9d 07 62 7f ascii='...b.'
[2026-06-10 22:22:26] channel recv len=9 entropy=3.17 bs_len=9 u16le=21314 u32le=611138 ascii='BS..k..<R'
[2026-06-10 22:22:26] channel BS frame #1745: body_len=5 head=6b 8f a6 3c 52 ascii='k..<R'
[2026-06-10 22:22:26] channel recv len=9 entropy=3.17 bs_len=9 u16le=21314 u32le=611138 ascii='BS....}..'
[2026-06-10 22:22:26] channel BS frame #1746: body_len=5 head=1e 87 7d 9b 1d ascii='..}..'
[2026-06-10 22:22:26] channel recv len=9 entropy=3.17 bs_len=9 u16le=21314 u32le=611138 ascii='BS.....<R'
[2026-06-10 22:22:26] channel BS frame #1747: body_len=5 head=96 8f a6 3c 52 ascii='...<R'
[2026-06-10 22:22:26] channel recv len=9 entropy=3.17 bs_len=9 u16le=21314 u32le=611138 ascii='BS....}..'
[2026-06-10 22:22:26] channel BS frame #1748: body_len=5 head=1e 87 7d 9b 1d ascii='..}..'
[2026-06-10 22:22:26] channel recv len=9 entropy=3.17 bs_len=9 u16le=21314 u32le=611138 ascii='BS.....<R'
[2026-06-10 22:22:26] channel BS frame #1749: body_len=5 head=96 8f a6 3c 52 ascii='...<R'
[2026-06-10 22:22:27] channel recv len=9 entropy=3.17 bs_len=9 u16le=21314 u32le=611138 ascii='BS.....Rx'
[2026-06-10 22:22:27] channel BS frame #1750: body_len=5 head=1e 9c 91 52 78 ascii='...Rx'
[2026-06-10 22:22:27] channel recv len=9 entropy=3.17 bs_len=9 u16le=21314 u32le=611138 ascii='BS.....<R'
[2026-06-10 22:22:27] channel BS frame #1751: body_len=5 head=1c 8f a6 3c 52 ascii='...<R'
[2026-06-10 22:22:27] channel recv len=9 entropy=3.17 bs_len=9 u16le=21314 u32le=611138 ascii='BS....d_p'
[2026-06-10 22:22:27] channel BS frame #1752: body_len=5 head=1e 83 64 5f 70 ascii='..d_p'
[2026-06-10 22:22:27] channel recv len=9 entropy=3.17 bs_len=9 u16le=21314 u32le=611138 ascii='BS.....<R'
[2026-06-10 22:22:27] channel BS frame #1753: body_len=5 head=91 8f a6 3c 52 ascii='...<R'
[2026-06-10 22:22:27] channel recv len=9 entropy=3.17 bs_len=9 u16le=21314 u32le=611138 ascii='BS....d_p'
[2026-06-10 22:22:27] channel BS frame #1754: body_len=5 head=1e 83 64 5f 70 ascii='..d_p'
[2026-06-10 22:22:27] channel recv len=9 entropy=3.17 bs_len=9 u16le=21314 u32le=611138 ascii='BS.....<R'
[2026-06-10 22:22:27] channel BS frame #1755: body_len=5 head=91 8f a6 3c 52 ascii='...<R'
[2026-06-10 22:22:27] channel recv len=9 entropy=3.17 bs_len=9 u16le=21314 u32le=611138 ascii='BS....}..'
[2026-06-10 22:22:27] channel BS frame #1756: body_len=5 head=1e 87 7d 9b 1d ascii='..}..'
[2026-06-10 22:22:27] channel recv len=9 entropy=3.17 bs_len=9 u16le=21314 u32le=611138 ascii='BS.....<R'
[2026-06-10 22:22:27] channel BS frame #1757: body_len=5 head=96 8f a6 3c 52 ascii='...<R'
[2026-06-10 22:22:27] channel recv len=9 entropy=3.17 bs_len=9 u16le=21314 u32le=611138 ascii='BS....d_p'
[2026-06-10 22:22:27] channel BS frame #1758: body_len=5 head=1e 83 64 5f 70 ascii='..d_p'
[2026-06-10 22:22:27] channel recv len=9 entropy=3.17 bs_len=9 u16le=21314 u32le=611138 ascii='BS.....<R'
[2026-06-10 22:22:27] channel BS frame #1759: body_len=5 head=91 8f a6 3c 52 ascii='...<R'
[2026-06-10 22:22:27] channel recv len=9 entropy=3.17 bs_len=9 u16le=21314 u32le=611138 ascii='BS.....Rx'
[2026-06-10 22:22:27] channel BS frame #1760: body_len=5 head=1e 9c 91 52 78 ascii='...Rx'
[2026-06-10 22:22:27] channel recv len=9 entropy=3.17 bs_len=9 u16le=21314 u32le=611138 ascii='BS.....<R'
[2026-06-10 22:22:27] channel BS frame #1761: body_len=5 head=1c 8f a6 3c 52 ascii='...<R'
[2026-06-10 22:22:27] channel recv len=9 entropy=3.17 bs_len=9 u16le=21314 u32le=611138 ascii='BS....z..'
[2026-06-10 22:22:27] channel BS frame #1762: body_len=5 head=1e 89 7a b6 a5 ascii='..z..'
[2026-06-10 22:22:27] channel recv len=9 entropy=3.17 bs_len=9 u16le=21314 u32le=611138 ascii='BS..q..<R'
[2026-06-10 22:22:27] channel BS frame #1763: body_len=5 head=71 8f a6 3c 52 ascii='q..<R'
[2026-06-10 22:22:27] channel recv len=9 entropy=3.17 bs_len=9 u16le=21314 u32le=611138 ascii='BS.....b.'
[2026-06-10 22:22:27] channel BS frame #1764: body_len=5 head=1e 9d 07 62 7f ascii='...b.'
[2026-06-10 22:22:27] channel recv len=9 entropy=3.17 bs_len=9 u16le=21314 u32le=611138 ascii='BS..k..<R'
[2026-06-10 22:22:27] channel BS frame #1765: body_len=5 head=6b 8f a6 3c 52 ascii='k..<R'
[2026-06-10 22:22:27] channel recv len=9 entropy=3.17 bs_len=9 u16le=21314 u32le=611138 ascii='BS.......'
[2026-06-10 22:22:27] channel BS frame #1766: body_len=5 head=1e 86 eb ab 1a ascii='.....'
[2026-06-10 22:22:27] channel recv len=9 entropy=3.17 bs_len=9 u16le=21314 u32le=611138 ascii='BS.....<R'
[2026-06-10 22:22:27] channel BS frame #1767: body_len=5 head=e1 8f a6 3c 52 ascii='...<R'
[2026-06-10 22:22:27] channel recv len=9 entropy=3.17 bs_len=9 u16le=21314 u32le=611138 ascii='BS....O..'
[2026-06-10 22:22:27] channel BS frame #1768: body_len=5 head=1e 8f 4f 13 c6 ascii='..O..'
[2026-06-10 22:22:27] channel recv len=9 entropy=3.17 bs_len=9 u16le=21314 u32le=611138 ascii='BS.....<R'
[2026-06-10 22:22:27] channel BS frame #1769: body_len=5 head=98 8f a6 3c 52 ascii='...<R'
[2026-06-10 22:22:27] channel recv len=9 entropy=3.17 bs_len=9 u16le=21314 u32le=611138 ascii='BS....d_p'
[2026-06-10 22:22:27] channel BS frame #1770: body_len=5 head=1e 83 64 5f 70 ascii='..d_p'
[2026-06-10 22:22:28] channel recv len=9 entropy=3.17 bs_len=9 u16le=21314 u32le=611138 ascii='BS.....<R'
[2026-06-10 22:22:28] channel BS frame #1771: body_len=5 head=91 8f a6 3c 52 ascii='...<R'
[2026-06-10 22:22:28] channel recv len=9 entropy=3.17 bs_len=9 u16le=21314 u32le=611138 ascii='BS....O..'
[2026-06-10 22:22:28] channel BS frame #1772: body_len=5 head=1e 8f 4f 13 c6 ascii='..O..'
[2026-06-10 22:22:28] channel recv len=9 entropy=3.17 bs_len=9 u16le=21314 u32le=611138 ascii='BS.....<R'
[2026-06-10 22:22:28] channel BS frame #1773: body_len=5 head=98 8f a6 3c 52 ascii='...<R'
[2026-06-10 22:22:28] channel recv len=9 entropy=3.17 bs_len=9 u16le=21314 u32le=611138 ascii='BS....cr.'
[2026-06-10 22:22:28] channel BS frame #1774: body_len=5 head=1e 8d 63 72 c8 ascii='..cr.'
[2026-06-10 22:22:28] channel recv len=9 entropy=3.17 bs_len=9 u16le=21314 u32le=611138 ascii='BS..v..<R'
[2026-06-10 22:22:28] channel BS frame #1775: body_len=5 head=76 8f a6 3c 52 ascii='v..<R'
[2026-06-10 22:22:28] channel recv len=9 entropy=3.17 bs_len=9 u16le=21314 u32le=611138 ascii='BS.....#.'
[2026-06-10 22:22:28] channel BS frame #1776: body_len=5 head=1e 8e d9 23 c1 ascii='...#.'
[2026-06-10 22:22:28] channel recv len=9 entropy=3.17 bs_len=9 u16le=21314 u32le=611138 ascii='BS.....<R'
[2026-06-10 22:22:28] channel BS frame #1777: body_len=5 head=ef 8f a6 3c 52 ascii='...<R'
[2026-06-10 22:22:28] channel recv len=9 entropy=3.17 bs_len=9 u16le=21314 u32le=611138 ascii='BS....cr.'
[2026-06-10 22:22:28] channel BS frame #1778: body_len=5 head=1e 8d 63 72 c8 ascii='..cr.'
[2026-06-10 22:22:28] channel recv len=9 entropy=3.17 bs_len=9 u16le=21314 u32le=611138 ascii='BS..v..<R'
[2026-06-10 22:22:28] channel BS frame #1779: body_len=5 head=76 8f a6 3c 52 ascii='v..<R'
[2026-06-10 22:22:28] channel recv len=9 entropy=3.17 bs_len=9 u16le=21314 u32le=611138 ascii='BS....H>~'
[2026-06-10 22:22:28] channel BS frame #1780: body_len=5 head=1e 81 48 3e 7e ascii='..H>~'
[2026-06-10 22:22:28] channel recv len=9 entropy=3.17 bs_len=9 u16le=21314 u32le=611138 ascii='BS.....<R'
[2026-06-10 22:22:28] channel BS frame #1781: body_len=5 head=7f 8f a6 3c 52 ascii='...<R'
[2026-06-10 22:22:28] channel recv len=9 entropy=3.17 bs_len=9 u16le=21314 u32le=611138 ascii='BS.....#.'
[2026-06-10 22:22:28] channel BS frame #1782: body_len=5 head=1e 8e d9 23 c1 ascii='...#.'
[2026-06-10 22:22:28] channel recv len=9 entropy=3.17 bs_len=9 u16le=21314 u32le=611138 ascii='BS.....<R'
[2026-06-10 22:22:28] channel BS frame #1783: body_len=5 head=ef 8f a6 3c 52 ascii='...<R'
[2026-06-10 22:22:28] channel recv len=9 entropy=3.17 bs_len=9 u16le=21314 u32le=611138 ascii='BS....cr.'
[2026-06-10 22:22:28] channel BS frame #1784: body_len=5 head=1e 8d 63 72 c8 ascii='..cr.'
[2026-06-10 22:22:28] channel recv len=9 entropy=3.17 bs_len=9 u16le=21314 u32le=611138 ascii='BS..v..<R'
[2026-06-10 22:22:28] channel BS frame #1785: body_len=5 head=76 8f a6 3c 52 ascii='v..<R'
[2026-06-10 22:22:28] channel recv len=9 entropy=3.17 bs_len=9 u16le=21314 u32le=611138 ascii='BS....H>~'
[2026-06-10 22:22:28] channel BS frame #1786: body_len=5 head=1e 81 48 3e 7e ascii='..H>~'
[2026-06-10 22:22:28] channel recv len=9 entropy=3.17 bs_len=9 u16le=21314 u32le=611138 ascii='BS.....<R'
[2026-06-10 22:22:28] channel BS frame #1787: body_len=5 head=7f 8f a6 3c 52 ascii='...<R'
[2026-06-10 22:22:28] channel recv len=9 entropy=3.17 bs_len=9 u16le=21314 u32le=611138 ascii='BS....d_p'
[2026-06-10 22:22:28] channel BS frame #1788: body_len=5 head=1e 83 64 5f 70 ascii='..d_p'
[2026-06-10 22:22:28] channel recv len=9 entropy=3.17 bs_len=9 u16le=21314 u32le=611138 ascii='BS.....<R'
[2026-06-10 22:22:28] channel BS frame #1789: body_len=5 head=91 8f a6 3c 52 ascii='...<R'
[2026-06-10 22:22:28] channel recv len=9 entropy=3.17 bs_len=9 u16le=21314 u32le=611138 ascii='BS....cr.'
[2026-06-10 22:22:28] channel BS frame #1790: body_len=5 head=1e 8d 63 72 c8 ascii='..cr.'
[2026-06-10 22:22:28] channel recv len=9 entropy=3.17 bs_len=9 u16le=21314 u32le=611138 ascii='BS..v..<R'
[2026-06-10 22:22:28] channel BS frame #1791: body_len=5 head=76 8f a6 3c 52 ascii='v..<R'
[2026-06-10 22:22:28] channel recv len=9 entropy=3.17 bs_len=9 u16le=21314 u32le=611138 ascii='BS.......'
[2026-06-10 22:22:28] channel BS frame #1792: body_len=5 head=1e 88 ec 86 a2 ascii='.....'
[2026-06-10 22:22:28] channel recv len=9 entropy=3.17 bs_len=9 u16le=21314 u32le=611138 ascii='BS.....<R'
[2026-06-10 22:22:28] channel BS frame #1793: body_len=5 head=06 8f a6 3c 52 ascii='...<R'
[2026-06-10 22:22:28] channel recv len=9 entropy=2.95 bs_len=9 u16le=21314 u32le=611138 ascii='BS.....B.'
[2026-06-10 22:22:28] channel BS frame #1794: body_len=5 head=1e 8c f5 42 cf ascii='...B.'
[2026-06-10 22:22:28] channel recv len=9 entropy=3.17 bs_len=9 u16le=21314 u32le=611138 ascii='BS.....<R'
[2026-06-10 22:22:28] channel BS frame #1795: body_len=5 head=01 8f a6 3c 52 ascii='...<R'
[2026-06-10 22:22:28] channel recv len=9 entropy=3.17 bs_len=9 u16le=21314 u32le=611138 ascii='BS......y'
[2026-06-10 22:22:28] channel BS frame #1796: body_len=5 head=1e 80 de 0e 79 ascii='....y'
[2026-06-10 22:22:28] channel recv len=9 entropy=3.17 bs_len=9 u16le=21314 u32le=611138 ascii='BS.....<R'
[2026-06-10 22:22:28] channel BS frame #1797: body_len=5 head=08 8f a6 3c 52 ascii='...<R'
[2026-06-10 22:22:29] channel recv len=9 entropy=3.17 bs_len=9 u16le=21314 u32le=611138 ascii='BS....d_p'
[2026-06-10 22:22:29] channel BS frame #1798: body_len=5 head=1e 83 64 5f 70 ascii='..d_p'
[2026-06-10 22:22:29] channel recv len=9 entropy=3.17 bs_len=9 u16le=21314 u32le=611138 ascii='BS.....<R'
[2026-06-10 22:22:29] channel BS frame #1799: body_len=5 head=91 8f a6 3c 52 ascii='...<R'
[2026-06-10 22:22:29] channel recv len=9 entropy=3.17 bs_len=9 u16le=21314 u32le=611138 ascii='BS....cr.'
[2026-06-10 22:22:29] channel BS frame #1800: body_len=5 head=1e 8d 63 72 c8 ascii='..cr.'
[2026-06-10 22:22:29] channel recv len=9 entropy=3.17 bs_len=9 u16le=21314 u32le=611138 ascii='BS..v..<R'
[2026-06-10 22:22:29] channel BS frame #1801: body_len=5 head=76 8f a6 3c 52 ascii='v..<R'
[2026-06-10 22:22:29] channel recv len=5 entropy=2.32 bs_len=5 u16le=21314 u32le=348994 ascii='BS..k'
[2026-06-10 22:22:29] channel BS frame #1802: body_len=1 head=6b ascii='k'
[2026-06-10 22:22:29] channel replay observed client frame #1802; server frames sent=770
[2026-06-10 22:22:29] channel recv len=9 entropy=3.17 bs_len=9 u16le=21314 u32le=611138 ascii='BS..X.g.y'
[2026-06-10 22:22:29] channel BS frame #1803: body_len=5 head=58 86 67 fd 79 ascii='X.g.y'
[2026-06-10 22:22:29] channel recv len=9 entropy=3.17 bs_len=9 u16le=21314 u32le=611138 ascii='BS.....<R'
[2026-06-10 22:22:29] channel BS frame #1804: body_len=5 head=08 8f a6 3c 52 ascii='...<R'
[2026-06-10 22:22:29] channel recv len=9 entropy=3.17 bs_len=9 u16le=21314 u32le=611138 ascii='BS.....ow'
[2026-06-10 22:22:29] channel BS frame #1805: body_len=5 head=1e 82 f2 6f 77 ascii='...ow'
[2026-06-10 22:22:29] channel recv len=9 entropy=3.17 bs_len=9 u16le=21314 u32le=611138 ascii='BS.....<R'
[2026-06-10 22:22:29] channel BS frame #1806: body_len=5 head=e6 8f a6 3c 52 ascii='...<R'
[2026-06-10 22:22:29] channel recv len=9 entropy=3.17 bs_len=9 u16le=21314 u32le=611138 ascii='BS.....#.'
[2026-06-10 22:22:29] channel BS frame #1807: body_len=5 head=1e 8e d9 23 c1 ascii='...#.'
[2026-06-10 22:22:29] channel recv len=9 entropy=3.17 bs_len=9 u16le=21314 u32le=611138 ascii='BS.....<R'
[2026-06-10 22:22:29] channel BS frame #1808: body_len=5 head=ef 8f a6 3c 52 ascii='...<R'
[2026-06-10 22:22:29] channel recv len=9 entropy=3.17 bs_len=9 u16le=21314 u32le=611138 ascii='BS....cr.'
[2026-06-10 22:22:29] channel BS frame #1809: body_len=5 head=1e 8d 63 72 c8 ascii='..cr.'
[2026-06-10 22:22:29] channel recv len=9 entropy=3.17 bs_len=9 u16le=21314 u32le=611138 ascii='BS..v..<R'
[2026-06-10 22:22:29] channel BS frame #1810: body_len=5 head=76 8f a6 3c 52 ascii='v..<R'
[2026-06-10 22:22:29] channel recv len=9 entropy=3.17 bs_len=9 u16le=21314 u32le=611138 ascii='BS....O..'
[2026-06-10 22:22:29] channel BS frame #1811: body_len=5 head=1e 8f 4f 13 c6 ascii='..O..'
[2026-06-10 22:22:29] channel recv len=9 entropy=3.17 bs_len=9 u16le=21314 u32le=611138 ascii='BS.....<R'
[2026-06-10 22:22:29] channel BS frame #1812: body_len=5 head=98 8f a6 3c 52 ascii='...<R'
[2026-06-10 22:22:29] channel recv len=9 entropy=3.17 bs_len=9 u16le=21314 u32le=611138 ascii='BS......y'
[2026-06-10 22:22:29] channel BS frame #1813: body_len=5 head=1e 80 de 0e 79 ascii='....y'
[2026-06-10 22:22:29] channel recv len=9 entropy=3.17 bs_len=9 u16le=21314 u32le=611138 ascii='BS.....<R'
[2026-06-10 22:22:29] channel BS frame #1814: body_len=5 head=08 8f a6 3c 52 ascii='...<R'
[2026-06-10 22:22:29] channel recv len=9 entropy=3.17 bs_len=9 u16le=21314 u32le=611138 ascii='BS....d_p'
[2026-06-10 22:22:29] channel BS frame #1815: body_len=5 head=1e 83 64 5f 70 ascii='..d_p'
[2026-06-10 22:22:29] channel recv len=9 entropy=3.17 bs_len=9 u16le=21314 u32le=611138 ascii='BS.....<R'
[2026-06-10 22:22:29] channel BS frame #1816: body_len=5 head=91 8f a6 3c 52 ascii='...<R'
[2026-06-10 22:22:29] channel recv len=9 entropy=3.17 bs_len=9 u16le=21314 u32le=611138 ascii='BS.....ow'
[2026-06-10 22:22:29] channel BS frame #1817: body_len=5 head=1e 82 f2 6f 77 ascii='...ow'
[2026-06-10 22:22:29] channel recv len=9 entropy=3.17 bs_len=9 u16le=21314 u32le=611138 ascii='BS.....<R'
[2026-06-10 22:22:29] channel BS frame #1818: body_len=5 head=e6 8f a6 3c 52 ascii='...<R'
[2026-06-10 22:22:29] channel recv len=9 entropy=3.17 bs_len=9 u16le=21314 u32le=611138 ascii='BS.......'
[2026-06-10 22:22:29] channel BS frame #1819: body_len=5 head=1e 88 ec 86 a2 ascii='.....'
[2026-06-10 22:22:30] channel recv len=9 entropy=3.17 bs_len=9 u16le=21314 u32le=611138 ascii='BS.......'
[2026-06-10 22:22:30] channel BS frame #1820: body_len=5 head=06 9b db e8 88 ascii='.....'
[2026-06-10 22:22:30] channel recv len=9 entropy=3.17 bs_len=9 u16le=21314 u32le=611138 ascii='BS....cr.'
[2026-06-10 22:22:30] channel BS frame #1821: body_len=5 head=04 8d 63 72 c8 ascii='..cr.'
[2026-06-10 22:22:30] channel recv len=9 entropy=3.17 bs_len=9 u16le=21314 u32le=611138 ascii='BS..v..<R'
[2026-06-10 22:22:30] channel BS frame #1822: body_len=5 head=76 8f a6 3c 52 ascii='v..<R'
[2026-06-10 22:22:30] channel recv len=9 entropy=3.17 bs_len=9 u16le=21314 u32le=611138 ascii='BS.....#.'
[2026-06-10 22:22:30] channel BS frame #1823: body_len=5 head=1e 8e d9 23 c1 ascii='...#.'
[2026-06-10 22:22:30] channel recv len=9 entropy=3.17 bs_len=9 u16le=21314 u32le=611138 ascii='BS.....<R'
[2026-06-10 22:22:30] channel BS frame #1824: body_len=5 head=ef 8f a6 3c 52 ascii='...<R'
[2026-06-10 22:22:30] channel recv len=9 entropy=2.95 bs_len=9 u16le=21314 u32le=611138 ascii='BS.....B.'
[2026-06-10 22:22:30] channel BS frame #1825: body_len=5 head=1e 8c f5 42 cf ascii='...B.'
[2026-06-10 22:22:30] channel recv len=9 entropy=3.17 bs_len=9 u16le=21314 u32le=611138 ascii='BS.....<R'
[2026-06-10 22:22:30] channel BS frame #1826: body_len=5 head=01 8f a6 3c 52 ascii='...<R'
[2026-06-10 22:22:30] channel recv len=9 entropy=3.17 bs_len=9 u16le=21314 u32le=611138 ascii='BS....cr.'
[2026-06-10 22:22:30] channel BS frame #1827: body_len=5 head=1e 8d 63 72 c8 ascii='..cr.'
[2026-06-10 22:22:30] channel recv len=9 entropy=3.17 bs_len=9 u16le=21314 u32le=611138 ascii='BS..v.f.9'
[2026-06-10 22:22:30] channel BS frame #1828: body_len=5 head=76 96 66 94 39 ascii='v.f.9'
[2026-06-10 22:22:30] channel recv len=9 entropy=3.17 bs_len=9 u16le=21314 u32le=611138 ascii='BS..z.cr.'
[2026-06-10 22:22:30] channel BS frame #1829: body_len=5 head=7a 8d 63 72 c8 ascii='z.cr.'
[2026-06-10 22:22:30] channel recv len=9 entropy=3.17 bs_len=9 u16le=21314 u32le=611138 ascii='BS..v..<R'
[2026-06-10 22:22:30] channel BS frame #1830: body_len=5 head=76 8f a6 3c 52 ascii='v..<R'
[2026-06-10 22:22:30] channel recv len=9 entropy=3.17 bs_len=9 u16le=21314 u32le=611138 ascii='BS.....#.'
[2026-06-10 22:22:30] channel BS frame #1831: body_len=5 head=1e 8e d9 23 c1 ascii='...#.'
[2026-06-10 22:22:30] channel recv len=9 entropy=3.17 bs_len=9 u16le=21314 u32le=611138 ascii='BS.....<R'
[2026-06-10 22:22:30] channel BS frame #1832: body_len=5 head=ef 8f a6 3c 52 ascii='...<R'
[2026-06-10 22:22:30] channel recv len=9 entropy=3.17 bs_len=9 u16le=21314 u32le=611138 ascii='BS.....ow'
[2026-06-10 22:22:30] channel BS frame #1833: body_len=5 head=1e 82 f2 6f 77 ascii='...ow'
[2026-06-10 22:22:30] channel recv len=9 entropy=3.17 bs_len=9 u16le=21314 u32le=611138 ascii='BS.....<R'
[2026-06-10 22:22:30] channel BS frame #1834: body_len=5 head=e6 8f a6 3c 52 ascii='...<R'
[2026-06-10 22:22:30] channel recv len=9 entropy=3.17 bs_len=9 u16le=21314 u32le=611138 ascii='BS....cr.'
[2026-06-10 22:22:30] channel BS frame #1835: body_len=5 head=1e 8d 63 72 c8 ascii='..cr.'
[2026-06-10 22:22:30] channel recv len=9 entropy=3.17 bs_len=9 u16le=21314 u32le=611138 ascii='BS..v..<R'
[2026-06-10 22:22:30] channel BS frame #1836: body_len=5 head=76 8f a6 3c 52 ascii='v..<R'
[2026-06-10 22:22:30] channel recv len=9 entropy=3.17 bs_len=9 u16le=21314 u32le=611138 ascii='BS.....#.'
[2026-06-10 22:22:30] channel BS frame #1837: body_len=5 head=1e 8e d9 23 c1 ascii='...#.'
[2026-06-10 22:22:30] channel recv len=9 entropy=3.17 bs_len=9 u16le=21314 u32le=611138 ascii='BS.....p.'
[2026-06-10 22:22:30] channel BS frame #1838: body_len=5 head=ef 83 8d 70 e4 ascii='...p.'
[2026-06-10 22:22:30] channel recv len=9 entropy=3.17 bs_len=9 u16le=21314 u32le=611138 ascii='BS.....#.'
[2026-06-10 22:22:30] channel BS frame #1839: body_len=5 head=17 8e d9 23 c1 ascii='...#.'
[2026-06-10 22:22:30] channel recv len=9 entropy=3.17 bs_len=9 u16le=21314 u32le=611138 ascii='BS.....<R'
[2026-06-10 22:22:30] channel BS frame #1840: body_len=5 head=ef 8f a6 3c 52 ascii='...<R'
[2026-06-10 22:22:30] channel recv len=9 entropy=3.17 bs_len=9 u16le=21314 u32le=611138 ascii='BS.....#.'
[2026-06-10 22:22:30] channel BS frame #1841: body_len=5 head=1e 8e d9 23 c1 ascii='...#.'
[2026-06-10 22:22:30] channel recv len=9 entropy=3.17 bs_len=9 u16le=21314 u32le=611138 ascii='BS.....<R'
[2026-06-10 22:22:30] channel BS frame #1842: body_len=5 head=ef 8f a6 3c 52 ascii='...<R'
[2026-06-10 22:22:30] channel recv len=9 entropy=3.17 bs_len=9 u16le=21314 u32le=611138 ascii='BS.....#.'
[2026-06-10 22:22:30] channel BS frame #1843: body_len=5 head=1e 8e d9 23 c1 ascii='...#.'
[2026-06-10 22:22:30] channel recv len=9 entropy=3.17 bs_len=9 u16le=21314 u32le=611138 ascii='BS....M..'
[2026-06-10 22:22:30] channel BS frame #1844: body_len=5 head=ef 9a 4d d8 8f ascii='..M..'
[2026-06-10 22:22:30] channel recv len=9 entropy=3.17 bs_len=9 u16le=21314 u32le=611138 ascii='BS..s..b.'
[2026-06-10 22:22:30] channel BS frame #1845: body_len=5 head=73 9d 07 62 7f ascii='s..b.'
[2026-06-10 22:22:31] channel recv len=9 entropy=2.95 bs_len=9 u16le=21314 u32le=611138 ascii='BS..k.S1Z'
[2026-06-10 22:22:31] channel BS frame #1846: body_len=5 head=6b 90 53 31 5a ascii='k.S1Z'
[2026-06-10 22:22:31] channel recv len=9 entropy=3.17 bs_len=9 u16le=21314 u32le=611138 ascii='BS....Q..'
[2026-06-10 22:22:31] channel BS frame #1847: body_len=5 head=93 85 51 fa 13 ascii='..Q..'
[2026-06-10 22:22:32] channel recv len=5 entropy=2.32 bs_len=5 u16le=21314 u32le=348994 ascii='BS...'
[2026-06-10 22:22:32] channel BS frame #1848: body_len=1 head=0d ascii='.'
[2026-06-10 22:22:32] channel replay observed client frame #1848; server frames sent=780
[2026-06-10 22:22:35] channel recv len=5 entropy=2.32 bs_len=5 u16le=21314 u32le=348994 ascii='BS..#'
[2026-06-10 22:22:35] channel BS frame #1849: body_len=1 head=23 ascii='#'
[2026-06-10 22:22:35] channel replay observed client frame #1849; server frames sent=790
[2026-06-10 22:22:36] channel recv len=9 entropy=3.17 bs_len=9 u16le=21314 u32le=611138 ascii='BS...:..?'
[2026-06-10 22:22:36] channel BS frame #1850: body_len=5 head=b0 3a 1b 0b 3f ascii='.:..?'
[2026-06-10 22:22:36] channel recv len=9 entropy=3.17 bs_len=9 u16le=21314 u32le=611138 ascii='BS....cr.'
[2026-06-10 22:22:36] channel BS frame #1851: body_len=5 head=19 8d 63 72 c8 ascii='..cr.'
[2026-06-10 22:22:36] channel recv len=9 entropy=3.17 bs_len=9 u16le=21314 u32le=611138 ascii='BS..v....'
[2026-06-10 22:22:36] channel BS frame #1852: body_len=5 head=76 84 2e e5 80 ascii='v....'
[2026-06-10 22:22:36] channel recv len=9 entropy=3.17 bs_len=9 u16le=21314 u32le=611138 ascii='BS.....#.'
[2026-06-10 22:22:36] channel BS frame #1853: body_len=5 head=89 8e d9 23 c1 ascii='...#.'
[2026-06-10 22:22:37] channel recv len=9 entropy=3.17 bs_len=9 u16le=21314 u32le=611138 ascii='BS.....<R'
[2026-06-10 22:22:37] channel BS frame #1854: body_len=5 head=ef 8f a6 3c 52 ascii='...<R'
[2026-06-10 22:22:37] channel recv len=9 entropy=3.17 bs_len=9 u16le=21314 u32le=611138 ascii='BS....z..'
[2026-06-10 22:22:37] channel BS frame #1855: body_len=5 head=1e 89 7a b6 a5 ascii='..z..'
[2026-06-10 22:22:37] channel recv len=9 entropy=3.17 bs_len=9 u16le=21314 u32le=611138 ascii='BS..q....'
[2026-06-10 22:22:37] channel BS frame #1856: body_len=5 head=71 9b db e8 88 ascii='q....'
[2026-06-10 22:22:37] channel recv len=9 entropy=2.95 bs_len=9 u16le=21314 u32le=611138 ascii='BS.....B.'
[2026-06-10 22:22:37] channel BS frame #1857: body_len=5 head=04 8c f5 42 cf ascii='...B.'
[2026-06-10 22:22:38] channel recv len=5 entropy=2.32 bs_len=5 u16le=21314 u32le=348994 ascii='BS..t'
[2026-06-10 22:22:38] channel BS frame #1858: body_len=1 head=74 ascii='t'
[2026-06-10 22:22:38] channel replay observed client frame #1858; server frames sent=794
[2026-06-10 22:22:38] channel recv len=9 entropy=3.17 bs_len=9 u16le=21314 u32le=611138 ascii='BS..Vw..]'
[2026-06-10 22:22:38] channel BS frame #1859: body_len=5 head=56 77 92 f2 5d ascii='Vw..]'
[2026-06-10 22:22:38] channel recv len=9 entropy=2.95 bs_len=9 u16le=21314 u32le=611138 ascii='BS.....B.'
[2026-06-10 22:22:38] channel BS frame #1860: body_len=5 head=e4 8c f5 42 cf ascii='...B.'
[2026-06-10 22:22:38] channel recv len=9 entropy=3.17 bs_len=9 u16le=21314 u32le=611138 ascii='BS.....,.'
[2026-06-10 22:22:38] channel BS frame #1861: body_len=5 head=01 9f c2 2c e5 ascii='...,.'
[2026-06-10 22:22:38] channel recv len=9 entropy=3.17 bs_len=9 u16le=21314 u32le=611138 ascii='BS....cr.'
[2026-06-10 22:22:38] channel BS frame #1862: body_len=5 head=03 8d 63 72 c8 ascii='..cr.'
[2026-06-10 22:22:38] channel recv len=9 entropy=3.17 bs_len=9 u16le=21314 u32le=611138 ascii='BS..v...?'
[2026-06-10 22:22:38] channel BS frame #1863: body_len=5 head=76 8b bf f8 3f ascii='v...?'
[2026-06-10 22:22:38] channel recv len=9 entropy=3.17 bs_len=9 u16le=21314 u32le=611138 ascii='BS....cr.'
[2026-06-10 22:22:38] channel BS frame #1864: body_len=5 head=19 8d 63 72 c8 ascii='..cr.'
[2026-06-10 22:22:38] channel recv len=9 entropy=3.17 bs_len=9 u16le=21314 u32le=611138 ascii='BS..v..<R'
[2026-06-10 22:22:38] channel BS frame #1865: body_len=5 head=76 8f a6 3c 52 ascii='v..<R'
[2026-06-10 22:22:38] channel recv len=9 entropy=3.17 bs_len=9 u16le=21314 u32le=611138 ascii='BS....cr.'
[2026-06-10 22:22:38] channel BS frame #1866: body_len=5 head=1e 8d 63 72 c8 ascii='..cr.'
[2026-06-10 22:22:38] channel recv len=9 entropy=3.17 bs_len=9 u16le=21314 u32le=611138 ascii='BS..v..<R'
[2026-06-10 22:22:38] channel BS frame #1867: body_len=5 head=76 8f a6 3c 52 ascii='v..<R'
[2026-06-10 22:22:38] channel recv len=9 entropy=3.17 bs_len=9 u16le=21314 u32le=611138 ascii='BS....cr.'
[2026-06-10 22:22:38] channel BS frame #1868: body_len=5 head=1e 8d 63 72 c8 ascii='..cr.'
[2026-06-10 22:22:39] channel recv len=9 entropy=3.17 bs_len=9 u16le=21314 u32le=611138 ascii='BS..v..m['
[2026-06-10 22:22:39] channel BS frame #1869: body_len=5 head=76 8c 1c 6d 5b ascii='v..m['
[2026-06-10 22:22:39] channel recv len=9 entropy=3.17 bs_len=9 u16le=21314 u32le=611138 ascii='BS.....#.'
[2026-06-10 22:22:39] channel BS frame #1870: body_len=5 head=87 8e d9 23 c1 ascii='...#.'
[2026-06-10 22:22:39] channel recv len=9 entropy=2.95 bs_len=9 u16le=21314 u32le=611138 ascii='BS.....`S'
[2026-06-10 22:22:39] channel BS frame #1871: body_len=5 head=ef 93 e9 60 53 ascii='...`S'
[2026-06-10 22:22:39] channel recv len=9 entropy=3.17 bs_len=9 u16le=21314 u32le=611138 ascii='BS....O..'
[2026-06-10 22:22:39] channel BS frame #1872: body_len=5 head=0a 8f 4f 13 c6 ascii='..O..'
[2026-06-10 22:22:39] channel recv len=9 entropy=3.17 bs_len=9 u16le=21314 u32le=611138 ascii='BS.....<R'
[2026-06-10 22:22:39] channel BS frame #1873: body_len=5 head=98 8f a6 3c 52 ascii='...<R'
[2026-06-10 22:22:39] channel recv len=9 entropy=3.17 bs_len=9 u16le=21314 u32le=611138 ascii='BS....Q..'
[2026-06-10 22:22:39] channel BS frame #1874: body_len=5 head=1e 85 51 fa 13 ascii='..Q..'
[2026-06-10 22:22:39] channel recv len=9 entropy=3.17 bs_len=9 u16le=21314 u32le=611138 ascii='BS..x..<R'
[2026-06-10 22:22:39] channel BS frame #1875: body_len=5 head=78 8f a6 3c 52 ascii='x..<R'
[2026-06-10 22:22:39] channel recv len=9 entropy=3.17 bs_len=9 u16le=21314 u32le=611138 ascii='BS....O..'
[2026-06-10 22:22:39] channel BS frame #1876: body_len=5 head=1e 8f 4f 13 c6 ascii='..O..'
[2026-06-10 22:22:39] channel recv len=9 entropy=3.17 bs_len=9 u16le=21314 u32le=611138 ascii='BS.....<R'
[2026-06-10 22:22:39] channel BS frame #1877: body_len=5 head=98 8f a6 3c 52 ascii='...<R'
[2026-06-10 22:22:39] channel recv len=9 entropy=3.17 bs_len=9 u16le=21314 u32le=611138 ascii='BS....cr.'
[2026-06-10 22:22:39] channel BS frame #1878: body_len=5 head=1e 8d 63 72 c8 ascii='..cr.'
[2026-06-10 22:22:39] channel recv len=9 entropy=3.17 bs_len=9 u16le=21314 u32le=611138 ascii='BS..v...0'
[2026-06-10 22:22:39] channel BS frame #1879: body_len=5 head=76 95 dc c5 30 ascii='v...0'
[2026-06-10 22:22:39] channel recv len=9 entropy=3.17 bs_len=9 u16le=21314 u32le=611138 ascii='BS....cr.'
[2026-06-10 22:22:39] channel BS frame #1880: body_len=5 head=e3 8d 63 72 c8 ascii='..cr.'
[2026-06-10 22:22:39] channel recv len=9 entropy=3.17 bs_len=9 u16le=21314 u32le=611138 ascii='BS..v..<R'
[2026-06-10 22:22:39] channel BS frame #1881: body_len=5 head=76 8f a6 3c 52 ascii='v..<R'
[2026-06-10 22:22:39] channel recv len=9 entropy=3.17 bs_len=9 u16le=21314 u32le=611138 ascii='BS....cr.'
[2026-06-10 22:22:39] channel BS frame #1882: body_len=5 head=1e 8d 63 72 c8 ascii='..cr.'
[2026-06-10 22:22:39] channel recv len=9 entropy=3.17 bs_len=9 u16le=21314 u32le=611138 ascii='BS..v..<R'
[2026-06-10 22:22:39] channel BS frame #1883: body_len=5 head=76 8f a6 3c 52 ascii='v..<R'
[2026-06-10 22:22:39] channel recv len=9 entropy=2.95 bs_len=9 u16le=21314 u32le=611138 ascii='BS.....B.'
[2026-06-10 22:22:39] channel BS frame #1884: body_len=5 head=1e 8c f5 42 cf ascii='...B.'
[2026-06-10 22:22:39] channel recv len=9 entropy=3.17 bs_len=9 u16le=21314 u32le=611138 ascii='BS.......'
[2026-06-10 22:22:39] channel BS frame #1885: body_len=5 head=01 99 f7 89 86 ascii='.....'
[2026-06-10 22:22:39] channel recv len=9 entropy=3.17 bs_len=9 u16le=21314 u32le=611138 ascii='BS.....#.'
[2026-06-10 22:22:39] channel BS frame #1886: body_len=5 head=ea 8e d9 23 c1 ascii='...#.'
[2026-06-10 22:22:39] channel recv len=9 entropy=3.17 bs_len=9 u16le=21314 u32le=611138 ascii='BS....7!.'
[2026-06-10 22:22:39] channel BS frame #1887: body_len=5 head=ef 80 37 21 ed ascii='..7!.'
[2026-06-10 22:22:39] channel recv len=9 entropy=2.95 bs_len=9 u16le=21314 u32le=611138 ascii='BS.....#.'
[2026-06-10 22:22:39] channel BS frame #1888: body_len=5 head=8e 8e d9 23 c1 ascii='...#.'
[2026-06-10 22:22:39] channel recv len=9 entropy=3.17 bs_len=9 u16le=21314 u32le=611138 ascii='BS.....<R'
[2026-06-10 22:22:39] channel BS frame #1889: body_len=5 head=ef 8f a6 3c 52 ascii='...<R'
[2026-06-10 22:22:39] channel recv len=9 entropy=3.17 bs_len=9 u16le=21314 u32le=611138 ascii='BS....O..'
[2026-06-10 22:22:39] channel BS frame #1890: body_len=5 head=1e 8f 4f 13 c6 ascii='..O..'
[2026-06-10 22:22:40] channel recv len=9 entropy=3.17 bs_len=9 u16le=21314 u32le=611138 ascii='BS......0'
[2026-06-10 22:22:40] channel BS frame #1891: body_len=5 head=98 95 dc c5 30 ascii='....0'
[2026-06-10 22:22:40] channel recv len=9 entropy=3.17 bs_len=9 u16le=21314 u32le=611138 ascii='BS....cr.'
[2026-06-10 22:22:40] channel BS frame #1892: body_len=5 head=e3 8d 63 72 c8 ascii='..cr.'
[2026-06-10 22:22:40] channel recv len=9 entropy=3.17 bs_len=9 u16le=21314 u32le=611138 ascii='BS..v..m['
[2026-06-10 22:22:40] channel BS frame #1893: body_len=5 head=76 8c 1c 6d 5b ascii='v..m['
[2026-06-10 22:22:40] channel recv len=9 entropy=3.17 bs_len=9 u16le=21314 u32le=611138 ascii='BS....cr.'
[2026-06-10 22:22:40] channel BS frame #1894: body_len=5 head=87 8d 63 72 c8 ascii='..cr.'
[2026-06-10 22:22:40] channel recv len=9 entropy=2.95 bs_len=9 u16le=21314 u32le=611138 ascii='BS..v.S1Z'
[2026-06-10 22:22:40] channel BS frame #1895: body_len=5 head=76 90 53 31 5a ascii='v.S1Z'
[2026-06-10 22:22:40] channel recv len=9 entropy=3.17 bs_len=9 u16le=21314 u32le=611138 ascii='BS.....#.'
[2026-06-10 22:22:40] channel BS frame #1896: body_len=5 head=93 8e d9 23 c1 ascii='...#.'
[2026-06-10 22:22:40] channel recv len=9 entropy=3.17 bs_len=9 u16le=21314 u32le=611138 ascii='BS.....<R'
[2026-06-10 22:22:40] channel BS frame #1897: body_len=5 head=ef 8f a6 3c 52 ascii='...<R'
[2026-06-10 22:22:40] channel recv len=9 entropy=3.17 bs_len=9 u16le=21314 u32le=611138 ascii='BS....V..'
[2026-06-10 22:22:40] channel BS frame #1898: body_len=5 head=1e 8b 56 d7 ab ascii='..V..'
[2026-06-10 22:22:40] channel recv len=9 entropy=3.17 bs_len=9 u16le=21314 u32le=611138 ascii='BS.....<R'
[2026-06-10 22:22:40] channel BS frame #1899: body_len=5 head=9f 8f a6 3c 52 ascii='...<R'
[2026-06-10 22:22:40] channel recv len=9 entropy=3.17 bs_len=9 u16le=21314 u32le=611138 ascii='BS.......'
[2026-06-10 22:22:40] channel BS frame #1900: body_len=5 head=1e 88 ec 86 a2 ascii='.....'
[2026-06-10 22:22:40] channel recv len=9 entropy=3.17 bs_len=9 u16le=21314 u32le=611138 ascii='BS.....<R'
[2026-06-10 22:22:40] channel BS frame #1901: body_len=5 head=06 8f a6 3c 52 ascii='...<R'
[2026-06-10 22:22:40] channel recv len=9 entropy=3.17 bs_len=9 u16le=21314 u32le=611138 ascii='BS....O..'
[2026-06-10 22:22:40] channel BS frame #1902: body_len=5 head=1e 8f 4f 13 c6 ascii='..O..'
[2026-06-10 22:22:40] channel recv len=9 entropy=3.17 bs_len=9 u16le=21314 u32le=611138 ascii='BS.....<R'
[2026-06-10 22:22:40] channel BS frame #1903: body_len=5 head=98 8f a6 3c 52 ascii='...<R'
[2026-06-10 22:22:40] channel recv len=9 entropy=3.17 bs_len=9 u16le=21314 u32le=611138 ascii='BS.......'
[2026-06-10 22:22:40] channel BS frame #1904: body_len=5 head=1e 88 ec 86 a2 ascii='.....'
[2026-06-10 22:22:41] channel recv len=5 entropy=2.32 bs_len=5 u16le=21314 u32le=348994 ascii='BS..s'
[2026-06-10 22:22:41] channel BS frame #1905: body_len=1 head=73 ascii='s'
[2026-06-10 22:22:41] channel replay observed client frame #1905; server frames sent=802
[2026-06-10 22:22:41] channel recv len=9 entropy=3.17 bs_len=9 u16le=21314 u32le=611138 ascii='BS..Vm..?'
[2026-06-10 22:22:41] channel BS frame #1906: body_len=5 head=56 6d e8 0b 3f ascii='Vm..?'
[2026-06-10 22:22:41] channel recv len=9 entropy=3.17 bs_len=9 u16le=21314 u32le=611138 ascii='BS.....#.'
[2026-06-10 22:22:41] channel BS frame #1907: body_len=5 head=19 8e d9 23 c1 ascii='...#.'
[2026-06-10 22:22:41] channel recv len=9 entropy=3.17 bs_len=9 u16le=21314 u32le=611138 ascii='BS......6'
[2026-06-10 22:22:41] channel BS frame #1908: body_len=5 head=ef 88 05 a9 36 ascii='....6'
[2026-06-10 22:22:41] channel recv len=9 entropy=3.17 bs_len=9 u16le=21314 u32le=611138 ascii='BS.....ow'
[2026-06-10 22:22:41] channel BS frame #1909: body_len=5 head=80 82 f2 6f 77 ascii='...ow'
[2026-06-10 22:22:41] channel recv len=9 entropy=3.17 bs_len=9 u16le=21314 u32le=611138 ascii='BS.....<R'
[2026-06-10 22:22:41] channel BS frame #1910: body_len=5 head=e6 8f a6 3c 52 ascii='...<R'
[2026-06-10 22:22:41] channel recv len=9 entropy=3.17 bs_len=9 u16le=21314 u32le=611138 ascii='BS.....#.'
[2026-06-10 22:22:41] channel BS frame #1911: body_len=5 head=1e 8e d9 23 c1 ascii='...#.'
[2026-06-10 22:22:41] channel recv len=9 entropy=3.17 bs_len=9 u16le=21314 u32le=611138 ascii='BS......>'
[2026-06-10 22:22:41] channel BS frame #1912: body_len=5 head=ef 97 f0 a4 3e ascii='....>'
[2026-06-10 22:22:41] channel recv len=9 entropy=3.17 bs_len=9 u16le=21314 u32le=611138 ascii='BS.....#.'
[2026-06-10 22:22:41] channel BS frame #1913: body_len=5 head=0d 8e d9 23 c1 ascii='...#.'
[2026-06-10 22:22:41] channel recv len=9 entropy=3.17 bs_len=9 u16le=21314 u32le=611138 ascii='BS.....<R'
[2026-06-10 22:22:41] channel BS frame #1914: body_len=5 head=ef 8f a6 3c 52 ascii='...<R'
[2026-06-10 22:22:41] channel recv len=9 entropy=3.17 bs_len=9 u16le=21314 u32le=611138 ascii='BS.....#.'
[2026-06-10 22:22:41] channel BS frame #1915: body_len=5 head=1e 8e d9 23 c1 ascii='...#.'
[2026-06-10 22:22:41] channel recv len=9 entropy=3.17 bs_len=9 u16le=21314 u32le=611138 ascii='BS.....<R'
[2026-06-10 22:22:41] channel BS frame #1916: body_len=5 head=ef 8f a6 3c 52 ascii='...<R'
[2026-06-10 22:22:42] channel recv len=9 entropy=3.17 bs_len=9 u16le=21314 u32le=611138 ascii='BS.....#.'
[2026-06-10 22:22:42] channel BS frame #1917: body_len=5 head=1e 8e d9 23 c1 ascii='...#.'
[2026-06-10 22:22:42] channel recv len=9 entropy=3.17 bs_len=9 u16le=21314 u32le=611138 ascii='BS.....<R'
[2026-06-10 22:22:42] channel BS frame #1918: body_len=5 head=ef 8f a6 3c 52 ascii='...<R'
[2026-06-10 22:22:42] channel recv len=9 entropy=3.17 bs_len=9 u16le=21314 u32le=611138 ascii='BS....cr.'
[2026-06-10 22:22:42] channel BS frame #1919: body_len=5 head=1e 8d 63 72 c8 ascii='..cr.'
[2026-06-10 22:22:42] channel recv len=9 entropy=3.17 bs_len=9 u16le=21314 u32le=611138 ascii='BS..v..<R'
[2026-06-10 22:22:42] channel BS frame #1920: body_len=5 head=76 8f a6 3c 52 ascii='v..<R'
[2026-06-10 22:22:42] channel recv len=9 entropy=3.17 bs_len=9 u16le=21314 u32le=611138 ascii='BS.....#.'
[2026-06-10 22:22:42] channel BS frame #1921: body_len=5 head=1e 8e d9 23 c1 ascii='...#.'
[2026-06-10 22:22:42] channel recv len=9 entropy=3.17 bs_len=9 u16le=21314 u32le=611138 ascii='BS.....<R'
[2026-06-10 22:22:42] channel BS frame #1922: body_len=5 head=ef 8f a6 3c 52 ascii='...<R'
[2026-06-10 22:22:42] channel recv len=9 entropy=3.17 bs_len=9 u16le=21314 u32le=611138 ascii='BS....O..'
[2026-06-10 22:22:42] channel BS frame #1923: body_len=5 head=1e 8f 4f 13 c6 ascii='..O..'
[2026-06-10 22:22:42] channel recv len=9 entropy=3.17 bs_len=9 u16le=21314 u32le=611138 ascii='BS.....<R'
[2026-06-10 22:22:42] channel BS frame #1924: body_len=5 head=98 8f a6 3c 52 ascii='...<R'
[2026-06-10 22:22:42] channel recv len=9 entropy=3.17 bs_len=9 u16le=21314 u32le=611138 ascii='BS.....#.'
[2026-06-10 22:22:42] channel BS frame #1925: body_len=5 head=1e 8e d9 23 c1 ascii='...#.'
[2026-06-10 22:22:42] channel recv len=9 entropy=3.17 bs_len=9 u16le=21314 u32le=611138 ascii='BS....x}.'
[2026-06-10 22:22:42] channel BS frame #1926: body_len=5 head=ef 9c 78 7d ec ascii='..x}.'
[2026-06-10 22:22:42] channel recv len=9 entropy=3.17 bs_len=9 u16le=21314 u32le=611138 ascii='BS....cr.'
[2026-06-10 22:22:42] channel BS frame #1927: body_len=5 head=9a 8d 63 72 c8 ascii='..cr.'
[2026-06-10 22:22:42] channel recv len=9 entropy=3.17 bs_len=9 u16le=21314 u32le=611138 ascii='BS..v..<R'
[2026-06-10 22:22:42] channel BS frame #1928: body_len=5 head=76 8f a6 3c 52 ascii='v..<R'
[2026-06-10 22:22:42] channel recv len=9 entropy=3.17 bs_len=9 u16le=21314 u32le=611138 ascii='BS....cr.'
[2026-06-10 22:22:42] channel BS frame #1929: body_len=5 head=1e 8d 63 72 c8 ascii='..cr.'
[2026-06-10 22:22:42] channel recv len=9 entropy=3.17 bs_len=9 u16le=21314 u32le=611138 ascii='BS..v....'
[2026-06-10 22:22:42] channel BS frame #1930: body_len=5 head=76 9b db e8 88 ascii='v....'
[2026-06-10 22:22:42] channel recv len=9 entropy=3.17 bs_len=9 u16le=21314 u32le=611138 ascii='BS.....#.'
[2026-06-10 22:22:42] channel BS frame #1931: body_len=5 head=04 8e d9 23 c1 ascii='...#.'
[2026-06-10 22:22:42] channel recv len=9 entropy=3.17 bs_len=9 u16le=21314 u32le=611138 ascii='BS.....<R'
[2026-06-10 22:22:42] channel BS frame #1932: body_len=5 head=ef 8f a6 3c 52 ascii='...<R'
[2026-06-10 22:22:42] channel recv len=9 entropy=3.17 bs_len=9 u16le=21314 u32le=611138 ascii='BS....}..'
[2026-06-10 22:22:42] channel BS frame #1933: body_len=5 head=1e 87 7d 9b 1d ascii='..}..'
[2026-06-10 22:22:42] channel recv len=9 entropy=3.17 bs_len=9 u16le=21314 u32le=611138 ascii='BS.....<R'
[2026-06-10 22:22:42] channel BS frame #1934: body_len=5 head=96 8f a6 3c 52 ascii='...<R'
[2026-06-10 22:22:42] channel recv len=9 entropy=3.17 bs_len=9 u16le=21314 u32le=611138 ascii='BS....O..'
[2026-06-10 22:22:42] channel BS frame #1935: body_len=5 head=1e 8f 4f 13 c6 ascii='..O..'
[2026-06-10 22:22:42] channel recv len=9 entropy=3.17 bs_len=9 u16le=21314 u32le=611138 ascii='BS.....<R'
[2026-06-10 22:22:42] channel BS frame #1936: body_len=5 head=98 8f a6 3c 52 ascii='...<R'
[2026-06-10 22:22:42] channel recv len=9 entropy=3.17 bs_len=9 u16le=21314 u32le=611138 ascii='BS.....#.'
[2026-06-10 22:22:42] channel BS frame #1937: body_len=5 head=1e 8e d9 23 c1 ascii='...#.'
[2026-06-10 22:22:42] channel recv len=9 entropy=3.17 bs_len=9 u16le=21314 u32le=611138 ascii='BS.....<R'
[2026-06-10 22:22:42] channel BS frame #1938: body_len=5 head=ef 8f a6 3c 52 ascii='...<R'
[2026-06-10 22:22:42] channel recv len=9 entropy=3.17 bs_len=9 u16le=21314 u32le=611138 ascii='BS.......'
[2026-06-10 22:22:42] channel BS frame #1939: body_len=5 head=1e 88 ec 86 a2 ascii='.....'
[2026-06-10 22:22:42] channel recv len=9 entropy=3.17 bs_len=9 u16le=21314 u32le=611138 ascii='BS.....<R'
[2026-06-10 22:22:42] channel BS frame #1940: body_len=5 head=06 8f a6 3c 52 ascii='...<R'
[2026-06-10 22:22:43] channel recv len=9 entropy=3.17 bs_len=9 u16le=21314 u32le=611138 ascii='BS.....b.'
[2026-06-10 22:22:43] channel BS frame #1941: body_len=5 head=1e 9d 07 62 7f ascii='...b.'
[2026-06-10 22:22:43] channel recv len=9 entropy=3.17 bs_len=9 u16le=21314 u32le=611138 ascii='BS..k..<R'
[2026-06-10 22:22:43] channel BS frame #1942: body_len=5 head=6b 8f a6 3c 52 ascii='k..<R'
[2026-06-10 22:22:43] channel recv len=9 entropy=3.17 bs_len=9 u16le=21314 u32le=611138 ascii='BS.....ow'
[2026-06-10 22:22:43] channel BS frame #1943: body_len=5 head=1e 82 f2 6f 77 ascii='...ow'
[2026-06-10 22:22:43] channel recv len=9 entropy=3.17 bs_len=9 u16le=21314 u32le=611138 ascii='BS.....<R'
[2026-06-10 22:22:43] channel BS frame #1944: body_len=5 head=e6 8f a6 3c 52 ascii='...<R'
[2026-06-10 22:22:43] channel recv len=9 entropy=3.17 bs_len=9 u16le=21314 u32le=611138 ascii='BS.......'
[2026-06-10 22:22:43] channel BS frame #1945: body_len=5 head=1e 8a c0 e7 ac ascii='.....'
[2026-06-10 22:22:43] channel recv len=9 entropy=3.17 bs_len=9 u16le=21314 u32le=611138 ascii='BS.....<R'
[2026-06-10 22:22:43] channel BS frame #1946: body_len=5 head=e8 8f a6 3c 52 ascii='...<R'
[2026-06-10 22:22:43] channel recv len=9 entropy=3.17 bs_len=9 u16le=21314 u32le=611138 ascii='BS.....b.'
[2026-06-10 22:22:43] channel BS frame #1947: body_len=5 head=1e 9d 07 62 7f ascii='...b.'
[2026-06-10 22:22:43] channel recv len=9 entropy=3.17 bs_len=9 u16le=21314 u32le=611138 ascii='BS..k..<R'
[2026-06-10 22:22:43] channel BS frame #1948: body_len=5 head=6b 8f a6 3c 52 ascii='k..<R'
[2026-06-10 22:22:43] channel recv len=9 entropy=3.17 bs_len=9 u16le=21314 u32le=611138 ascii='BS....cr.'
[2026-06-10 22:22:43] channel BS frame #1949: body_len=5 head=1e 8d 63 72 c8 ascii='..cr.'
[2026-06-10 22:22:43] channel recv len=9 entropy=3.17 bs_len=9 u16le=21314 u32le=611138 ascii='BS..v..<R'
[2026-06-10 22:22:43] channel BS frame #1950: body_len=5 head=76 8f a6 3c 52 ascii='v..<R'
[2026-06-10 22:22:43] channel recv len=9 entropy=3.17 bs_len=9 u16le=21314 u32le=611138 ascii='BS.....#.'
[2026-06-10 22:22:43] channel BS frame #1951: body_len=5 head=1e 8e d9 23 c1 ascii='...#.'
[2026-06-10 22:22:43] channel recv len=9 entropy=3.17 bs_len=9 u16le=21314 u32le=611138 ascii='BS.....<R'
[2026-06-10 22:22:43] channel BS frame #1952: body_len=5 head=ef 8f a6 3c 52 ascii='...<R'
[2026-06-10 22:22:43] channel recv len=9 entropy=3.17 bs_len=9 u16le=21314 u32le=611138 ascii='BS.....b.'
[2026-06-10 22:22:43] channel BS frame #1953: body_len=5 head=1e 9d 07 62 7f ascii='...b.'
[2026-06-10 22:22:43] channel recv len=9 entropy=3.17 bs_len=9 u16le=21314 u32le=611138 ascii='BS..k..<R'
[2026-06-10 22:22:43] channel BS frame #1954: body_len=5 head=6b 8f a6 3c 52 ascii='k..<R'
[2026-06-10 22:22:43] channel recv len=9 entropy=3.17 bs_len=9 u16le=21314 u32le=611138 ascii='BS.....ow'
[2026-06-10 22:22:43] channel BS frame #1955: body_len=5 head=1e 82 f2 6f 77 ascii='...ow'
[2026-06-10 22:22:43] channel recv len=9 entropy=3.17 bs_len=9 u16le=21314 u32le=611138 ascii='BS......0'
[2026-06-10 22:22:43] channel BS frame #1956: body_len=5 head=e6 95 dc c5 30 ascii='....0'
[2026-06-10 22:22:43] channel recv len=9 entropy=3.17 bs_len=9 u16le=21314 u32le=611138 ascii='BS.....ow'
[2026-06-10 22:22:43] channel BS frame #1957: body_len=5 head=e3 82 f2 6f 77 ascii='...ow'
[2026-06-10 22:22:43] channel recv len=9 entropy=3.17 bs_len=9 u16le=21314 u32le=611138 ascii='BS.....<R'
[2026-06-10 22:22:43] channel BS frame #1958: body_len=5 head=e6 8f a6 3c 52 ascii='...<R'
[2026-06-10 22:22:43] channel recv len=9 entropy=3.17 bs_len=9 u16le=21314 u32le=611138 ascii='BS....V..'
[2026-06-10 22:22:43] channel BS frame #1959: body_len=5 head=1e 8b 56 d7 ab ascii='..V..'
[2026-06-10 22:22:43] channel recv len=9 entropy=3.17 bs_len=9 u16le=21314 u32le=611138 ascii='BS.....<R'
[2026-06-10 22:22:43] channel BS frame #1960: body_len=5 head=9f 8f a6 3c 52 ascii='...<R'
[2026-06-10 22:22:43] channel recv len=9 entropy=3.17 bs_len=9 u16le=21314 u32le=611138 ascii='BS......y'
[2026-06-10 22:22:43] channel BS frame #1961: body_len=5 head=1e 80 de 0e 79 ascii='....y'
[2026-06-10 22:22:44] channel recv len=9 entropy=3.17 bs_len=9 u16le=21314 u32le=611138 ascii='BS.....<R'
[2026-06-10 22:22:44] channel BS frame #1962: body_len=5 head=08 8f a6 3c 52 ascii='...<R'
[2026-06-10 22:22:44] channel recv len=9 entropy=3.17 bs_len=9 u16le=21314 u32le=611138 ascii='BS.....b.'
[2026-06-10 22:22:44] channel BS frame #1963: body_len=5 head=1e 9d 07 62 7f ascii='...b.'
[2026-06-10 22:22:44] channel recv len=9 entropy=3.17 bs_len=9 u16le=21314 u32le=611138 ascii='BS..k..<R'
[2026-06-10 22:22:44] channel BS frame #1964: body_len=5 head=6b 8f a6 3c 52 ascii='k..<R'
[2026-06-10 22:22:44] channel recv len=9 entropy=3.17 bs_len=9 u16le=21314 u32le=611138 ascii='BS....cr.'
[2026-06-10 22:22:44] channel BS frame #1965: body_len=5 head=1e 8d 63 72 c8 ascii='..cr.'
[2026-06-10 22:22:44] channel recv len=5 entropy=2.32 bs_len=5 u16le=21314 u32le=348994 ascii='BS...'
[2026-06-10 22:22:44] channel BS frame #1966: body_len=1 head=03 ascii='.'
[2026-06-10 22:22:44] channel replay observed client frame #1966; server frames sent=812
[2026-06-10 22:22:44] channel recv len=9 entropy=3.17 bs_len=9 u16le=21314 u32le=611138 ascii='BS..Vi..R'
[2026-06-10 22:22:44] channel BS frame #1967: body_len=5 head=56 69 f1 cf 52 ascii='Vi..R'
[2026-06-10 22:22:44] channel recv len=9 entropy=3.17 bs_len=9 u16le=21314 u32le=611138 ascii='BS....d_p'
[2026-06-10 22:22:44] channel BS frame #1968: body_len=5 head=1e 83 64 5f 70 ascii='..d_p'
[2026-06-10 22:22:44] channel recv len=9 entropy=3.17 bs_len=9 u16le=21314 u32le=611138 ascii='BS.....<R'
[2026-06-10 22:22:44] channel BS frame #1969: body_len=5 head=91 8f a6 3c 52 ascii='...<R'
[2026-06-10 22:22:44] channel recv len=9 entropy=3.17 bs_len=9 u16le=21314 u32le=611138 ascii='BS....V..'
[2026-06-10 22:22:44] channel BS frame #1970: body_len=5 head=1e 8b 56 d7 ab ascii='..V..'
[2026-06-10 22:22:44] channel recv len=9 entropy=3.17 bs_len=9 u16le=21314 u32le=611138 ascii='BS.....<R'
[2026-06-10 22:22:44] channel BS frame #1971: body_len=5 head=9f 8f a6 3c 52 ascii='...<R'
[2026-06-10 22:22:44] channel recv len=9 entropy=3.17 bs_len=9 u16le=21314 u32le=611138 ascii='BS....z..'
[2026-06-10 22:22:44] channel BS frame #1972: body_len=5 head=1e 89 7a b6 a5 ascii='..z..'
[2026-06-10 22:22:44] channel recv len=9 entropy=3.17 bs_len=9 u16le=21314 u32le=611138 ascii='BS..q..<R'
[2026-06-10 22:22:44] channel BS frame #1973: body_len=5 head=71 8f a6 3c 52 ascii='q..<R'
[2026-06-10 22:22:44] channel recv len=9 entropy=3.17 bs_len=9 u16le=21314 u32le=611138 ascii='BS.....#.'
[2026-06-10 22:22:44] channel BS frame #1974: body_len=5 head=1e 8e d9 23 c1 ascii='...#.'
[2026-06-10 22:22:44] channel recv len=9 entropy=3.17 bs_len=9 u16le=21314 u32le=611138 ascii='BS.....<R'
[2026-06-10 22:22:44] channel BS frame #1975: body_len=5 head=ef 8f a6 3c 52 ascii='...<R'
[2026-06-10 22:22:44] channel recv len=9 entropy=3.17 bs_len=9 u16le=21314 u32le=611138 ascii='BS.....ow'
[2026-06-10 22:22:44] channel BS frame #1976: body_len=5 head=1e 82 f2 6f 77 ascii='...ow'
[2026-06-10 22:22:44] channel recv len=9 entropy=3.17 bs_len=9 u16le=21314 u32le=611138 ascii='BS.....<R'
[2026-06-10 22:22:44] channel BS frame #1977: body_len=5 head=e6 8f a6 3c 52 ascii='...<R'
[2026-06-10 22:22:44] channel recv len=9 entropy=3.17 bs_len=9 u16le=21314 u32le=611138 ascii='BS.....ow'
[2026-06-10 22:22:44] channel BS frame #1978: body_len=5 head=1e 82 f2 6f 77 ascii='...ow'
[2026-06-10 22:22:44] channel recv len=9 entropy=3.17 bs_len=9 u16le=21314 u32le=611138 ascii='BS.....<R'
[2026-06-10 22:22:44] channel BS frame #1979: body_len=5 head=e6 8f a6 3c 52 ascii='...<R'
[2026-06-10 22:22:44] channel recv len=9 entropy=3.17 bs_len=9 u16le=21314 u32le=611138 ascii='BS......y'
[2026-06-10 22:22:44] channel BS frame #1980: body_len=5 head=1e 80 de 0e 79 ascii='....y'
[2026-06-10 22:22:44] channel recv len=9 entropy=3.17 bs_len=9 u16le=21314 u32le=611138 ascii='BS.....<R'
[2026-06-10 22:22:44] channel BS frame #1981: body_len=5 head=08 8f a6 3c 52 ascii='...<R'
[2026-06-10 22:22:44] channel recv len=9 entropy=3.17 bs_len=9 u16le=21314 u32le=611138 ascii='BS.....b.'
[2026-06-10 22:22:44] channel BS frame #1982: body_len=5 head=1e 9d 07 62 7f ascii='...b.'
[2026-06-10 22:22:45] channel recv len=9 entropy=3.17 bs_len=9 u16le=21314 u32le=611138 ascii='BS..k....'
[2026-06-10 22:22:45] channel BS frame #1983: body_len=5 head=6b 87 94 b4 89 ascii='k....'
[2026-06-10 22:22:45] channel recv len=9 entropy=3.17 bs_len=9 u16le=21314 u32le=611138 ascii='BS....+.q'
[2026-06-10 22:22:45] channel BS frame #1984: body_len=5 head=10 9f 2b 03 71 ascii='..+.q'
[2026-06-10 22:22:45] channel recv len=9 entropy=3.17 bs_len=9 u16le=21314 u32le=611138 ascii='BS.....<R'
[2026-06-10 22:22:45] channel BS frame #1985: body_len=5 head=85 8f a6 3c 52 ascii='...<R'
[2026-06-10 22:22:45] channel recv len=9 entropy=3.17 bs_len=9 u16le=21314 u32le=611138 ascii='BS.....#.'
[2026-06-10 22:22:45] channel BS frame #1986: body_len=5 head=1e 8e d9 23 c1 ascii='...#.'
[2026-06-10 22:22:45] channel recv len=9 entropy=3.17 bs_len=9 u16le=21314 u32le=611138 ascii='BS.....<R'
[2026-06-10 22:22:45] channel BS frame #1987: body_len=5 head=ef 8f a6 3c 52 ascii='...<R'
[2026-06-10 22:22:45] channel recv len=9 entropy=2.95 bs_len=9 u16le=21314 u32le=611138 ascii='BS.....B.'
[2026-06-10 22:22:45] channel BS frame #1988: body_len=5 head=1e 8c f5 42 cf ascii='...B.'
[2026-06-10 22:22:45] channel recv len=9 entropy=3.17 bs_len=9 u16le=21314 u32le=611138 ascii='BS.....<R'
[2026-06-10 22:22:45] channel BS frame #1989: body_len=5 head=01 8f a6 3c 52 ascii='...<R'
[2026-06-10 22:22:45] channel recv len=9 entropy=2.95 bs_len=9 u16le=21314 u32le=611138 ascii='BS.....B.'
[2026-06-10 22:22:45] channel BS frame #1990: body_len=5 head=1e 8c f5 42 cf ascii='...B.'
[2026-06-10 22:22:45] channel recv len=9 entropy=3.17 bs_len=9 u16le=21314 u32le=611138 ascii='BS.......'
[2026-06-10 22:22:45] channel BS frame #1991: body_len=5 head=01 85 b8 d5 87 ascii='.....'
[2026-06-10 22:22:45] channel recv len=9 entropy=3.17 bs_len=9 u16le=21314 u32le=611138 ascii='BS....O..'
[2026-06-10 22:22:45] channel BS frame #1992: body_len=5 head=fe 8f 4f 13 c6 ascii='..O..'
[2026-06-10 22:22:45] channel recv len=9 entropy=3.17 bs_len=9 u16le=21314 u32le=611138 ascii='BS.....m['
[2026-06-10 22:22:45] channel BS frame #1993: body_len=5 head=98 8c 1c 6d 5b ascii='...m['
[2026-06-10 22:22:45] channel recv len=9 entropy=3.17 bs_len=9 u16le=21314 u32le=611138 ascii='BS.....#.'
[2026-06-10 22:22:45] channel BS frame #1994: body_len=5 head=87 8e d9 23 c1 ascii='...#.'
[2026-06-10 22:22:45] channel recv len=9 entropy=3.17 bs_len=9 u16le=21314 u32le=611138 ascii='BS.....<R'
[2026-06-10 22:22:45] channel BS frame #1995: body_len=5 head=ef 8f a6 3c 52 ascii='...<R'
[2026-06-10 22:22:45] channel recv len=9 entropy=3.17 bs_len=9 u16le=21314 u32le=611138 ascii='BS....cr.'
[2026-06-10 22:22:45] channel BS frame #1996: body_len=5 head=1e 8d 63 72 c8 ascii='..cr.'
[2026-06-10 22:22:45] channel recv len=9 entropy=3.17 bs_len=9 u16le=21314 u32le=611138 ascii='BS..v..<R'
[2026-06-10 22:22:45] channel BS frame #1997: body_len=5 head=76 8f a6 3c 52 ascii='v..<R'
[2026-06-10 22:22:45] channel recv len=9 entropy=3.17 bs_len=9 u16le=21314 u32le=611138 ascii='BS.....3v'
[2026-06-10 22:22:45] channel BS frame #1998: body_len=5 head=1e 9e bd 33 76 ascii='...3v'
[2026-06-10 22:22:45] channel recv len=9 entropy=3.17 bs_len=9 u16le=21314 u32le=611138 ascii='BS.......'
[2026-06-10 22:22:45] channel BS frame #1999: body_len=5 head=f2 9b db e8 88 ascii='.....'
[2026-06-10 22:22:45] channel recv len=9 entropy=3.17 bs_len=9 u16le=21314 u32le=611138 ascii='BS....cr.'
[2026-06-10 22:22:45] channel BS frame #2000: body_len=5 head=04 8d 63 72 c8 ascii='..cr.'
[2026-06-10 22:22:45] channel client plain frame #2000: len=9 entropy=2.73 bs_len=9 u16le=21314 u32le=611138 ascii='BS..g....'
[2026-06-10 22:22:45] channel recv len=9 entropy=3.17 bs_len=9 u16le=21314 u32le=611138 ascii='BS..v....'
[2026-06-10 22:22:45] channel BS frame #2001: body_len=5 head=76 87 94 b4 89 ascii='v....'
[2026-06-10 22:22:45] channel recv len=9 entropy=3.17 bs_len=9 u16le=21314 u32le=611138 ascii='BS....O..'
[2026-06-10 22:22:45] channel BS frame #2002: body_len=5 head=10 8f 4f 13 c6 ascii='..O..'
[2026-06-10 22:22:45] channel recv len=9 entropy=2.95 bs_len=9 u16le=21314 u32le=611138 ascii='BS.....`S'
[2026-06-10 22:22:45] channel BS frame #2003: body_len=5 head=98 93 e9 60 53 ascii='...`S'
[2026-06-10 22:22:45] channel recv len=9 entropy=3.17 bs_len=9 u16le=21314 u32le=611138 ascii='BS....cr.'
[2026-06-10 22:22:45] channel BS frame #2004: body_len=5 head=0a 8d 63 72 c8 ascii='..cr.'
[2026-06-10 22:22:46] channel recv len=9 entropy=3.17 bs_len=9 u16le=21314 u32le=611138 ascii='BS..v..<R'
[2026-06-10 22:22:46] channel BS frame #2005: body_len=5 head=76 8f a6 3c 52 ascii='v..<R'
[2026-06-10 22:22:46] channel recv len=9 entropy=3.17 bs_len=9 u16le=21314 u32le=611138 ascii='BS....O..'
[2026-06-10 22:22:46] channel BS frame #2006: body_len=5 head=1e 8f 4f 13 c6 ascii='..O..'
[2026-06-10 22:22:46] channel recv len=9 entropy=3.17 bs_len=9 u16le=21314 u32le=611138 ascii='BS.....<R'
[2026-06-10 22:22:46] channel BS frame #2007: body_len=5 head=98 8f a6 3c 52 ascii='...<R'
[2026-06-10 22:22:46] channel recv len=9 entropy=3.17 bs_len=9 u16le=21314 u32le=611138 ascii='BS....d_p'
[2026-06-10 22:22:46] channel BS frame #2008: body_len=5 head=1e 83 64 5f 70 ascii='..d_p'
[2026-06-10 22:22:47] channel recv len=5 entropy=2.32 bs_len=5 u16le=21314 u32le=348994 ascii='BS...'
[2026-06-10 22:22:47] channel BS frame #2009: body_len=1 head=e4 ascii='.'
[2026-06-10 22:22:47] channel replay observed client frame #2009; server frames sent=822
[2026-06-10 22:22:50] channel recv len=5 entropy=2.32 bs_len=5 u16le=21314 u32le=348994 ascii='BS..#'
[2026-06-10 22:22:50] channel BS frame #2010: body_len=1 head=23 ascii='#'
[2026-06-10 22:22:50] channel replay observed client frame #2010; server frames sent=832
[2026-06-10 22:22:52] channel recv len=11 entropy=3.46 bs_len=11 u16le=21314 u32le=742210 ascii='BS....t. ..'
[2026-06-10 22:22:52] channel BS frame #2011: body_len=7 head=b0 13 74 dd 20 a2 e9 ascii='..t. ..'
[2026-06-10 22:22:52] channel recv len=11 entropy=3.28 bs_len=11 u16le=21314 u32le=742210 ascii='BS..]Y...51'
[2026-06-10 22:22:52] channel BS frame #2012: body_len=7 head=5d 59 80 00 11 35 31 ascii=']Y...51'
[2026-06-10 22:22:52] channel recv len=11 entropy=3.28 bs_len=11 u16le=21314 u32le=742210 ascii='BS..a..cd..'
[2026-06-10 22:22:52] channel BS frame #2013: body_len=7 head=61 ef 0b 63 64 8b 80 ascii='a..cd..'
[2026-06-10 22:22:52] channel recv len=11 entropy=3.46 bs_len=11 u16le=21314 u32le=742210 ascii='BS.....i6_^'
[2026-06-10 22:22:52] channel BS frame #2014: body_len=7 head=d6 c4 92 69 36 5f 5e ascii='...i6_^'
[2026-06-10 22:22:52] channel recv len=11 entropy=3.46 bs_len=11 u16le=21314 u32le=742210 ascii='BS....ya.].'
[2026-06-10 22:22:52] channel BS frame #2015: body_len=7 head=cc 9e 79 61 14 5d de ascii='..ya.].'
[2026-06-10 22:22:52] channel recv len=11 entropy=3.46 bs_len=11 u16le=21314 u32le=742210 ascii='BS..+.cFzNJ'
[2026-06-10 22:22:52] channel BS frame #2016: body_len=7 head=2b da 63 46 7a 4e 4a ascii='+.cFzNJ'
[2026-06-10 22:22:53] channel recv len=11 entropy=3.28 bs_len=11 u16le=21314 u32le=742210 ascii='BS..I.B...D'
[2026-06-10 22:22:53] channel BS frame #2017: body_len=7 head=49 bd 42 cd 0e b9 44 ascii='I.B...D'
[2026-06-10 22:22:53] channel recv len=5 entropy=2.32 bs_len=5 u16le=21314 u32le=348994 ascii='BS..E'
[2026-06-10 22:22:53] channel BS frame #2018: body_len=1 head=45 ascii='E'
[2026-06-10 22:22:53] channel replay observed client frame #2018; server frames sent=842
[2026-06-10 22:22:53] channel recv len=11 entropy=3.46 bs_len=11 u16le=21314 u32le=742210 ascii='BS...D..!W:'
[2026-06-10 22:22:53] channel BS frame #2019: body_len=7 head=ec 44 e2 dd 21 57 3a ascii='.D..!W:'
[2026-06-10 22:22:53] channel recv len=13 entropy=3.70 bs_len=13 u16le=21314 u32le=873282 ascii='BS.....}.....'
[2026-06-10 22:22:53] channel BS frame #2020: body_len=9 head=fc 87 b6 7d c4 96 d9 d8 e8 ascii='...}.....'
[2026-06-10 22:22:53] channel recv len=17 entropy=4.09 bs_len=17 u16le=21314 u32le=1135426 ascii='BS.......`^..L..w'
[2026-06-10 22:22:53] channel BS frame #2021: body_len=13 head=1b 04 8e bf 81 60 5e b6 d1 4c c2 f2 77 ascii='.....`^..L..w'
[2026-06-10 22:22:53] channel recv len=32 entropy=3.98 bs_len=6 u16le=21314 u32le=414530 ascii='BS..!.BS....-.z.#N,BS.....Sz.#N,'
[2026-06-10 22:22:53] channel BS frame #2022: body_len=2 head=21 9e ascii='!.'
[2026-06-10 22:22:53] channel BS frame #2023: body_len=9 head=f8 ac 2d cb 7a f6 23 4e 2c ascii='..-.z.#N,'
[2026-06-10 22:22:53] channel BS frame #2024: body_len=9 head=81 bc 00 53 7a f6 23 4e 2c ascii='...Sz.#N,'
[2026-06-10 22:22:53] channel recv len=17 entropy=4.09 bs_len=17 u16le=21314 u32le=1135426 ascii='BS.....u-P...&!.='
[2026-06-10 22:22:53] channel BS frame #2025: body_len=13 head=91 f8 de 75 2d 50 87 c7 86 26 21 b5 3d ascii='...u-P...&!.='
[2026-06-10 22:22:53] channel recv len=19 entropy=4.25 bs_len=19 u16le=21314 u32le=1266498 ascii='BS..s.....X6.....$0'
[2026-06-10 22:22:53] channel BS frame #2026: body_len=15 head=73 cc c1 d9 98 a0 58 36 de bd e2 11 fd 24 30 ascii='s.....X6.....$0'
[2026-06-10 22:22:53] channel recv len=19 entropy=4.25 bs_len=19 u16le=21314 u32le=1266498 ascii='BS........ns.....`.'
[2026-06-10 22:22:53] channel BS frame #2027: body_len=15 head=cf c7 ff 88 06 ed 6e 73 d7 f8 8d f5 9c 60 ee ascii='......ns.....`.'
[2026-06-10 22:22:53] channel recv len=19 entropy=4.14 bs_len=19 u16le=21314 u32le=1266498 ascii='BS..xU"..U.T.b7..pk'
[2026-06-10 22:22:53] channel BS frame #2028: body_len=15 head=78 55 22 9f 99 55 08 54 de 62 37 a4 95 70 6b ascii='xU"..U.T.b7..pk'
[2026-06-10 22:22:53] channel recv len=17 entropy=4.09 bs_len=17 u16le=21314 u32le=1135426 ascii='BS... ....R...px.'
[2026-06-10 22:22:53] channel BS frame #2029: body_len=13 head=d5 20 ee 96 14 17 52 e5 05 e9 70 78 8c ascii='. ....R...px.'
[2026-06-10 22:22:53] channel recv len=17 entropy=3.97 bs_len=17 u16le=21314 u32le=1135426 ascii='BS..&&.........Vp'
[2026-06-10 22:22:53] channel BS frame #2030: body_len=13 head=26 26 bc ea a0 bf 85 0e e6 c6 82 56 70 ascii='&&.........Vp'
[2026-06-10 22:22:54] channel recv len=17 entropy=3.97 bs_len=17 u16le=21314 u32le=1135426 ascii='BS.....9....B..n:'
[2026-06-10 22:22:54] channel BS frame #2031: body_len=13 head=a9 f1 bb 39 b1 fd ea c4 42 b7 83 6e 3a ascii='...9....B..n:'
[2026-06-10 22:22:54] channel recv len=19 entropy=4.25 bs_len=19 u16le=21314 u32le=1266498 ascii='BS....;v.b.7.!.nQ46'
[2026-06-10 22:22:54] channel BS frame #2032: body_len=15 head=b0 c9 3b 76 07 62 a2 37 0d 21 ca 6e 51 34 36 ascii='..;v.b.7.!.nQ46'
[2026-06-10 22:22:54] channel recv len=17 entropy=3.97 bs_len=17 u16le=21314 u32le=1135426 ascii='BS.......)<.....|'
[2026-06-10 22:22:54] channel BS frame #2033: body_len=13 head=98 0f aa fe fd 29 3c ab 04 d0 00 a0 7c ascii='.....)<.....|'
[2026-06-10 22:22:54] channel recv len=17 entropy=3.97 bs_len=17 u16le=21314 u32le=1135426 ascii='BS..lM.\\zV...8h.&'
[2026-06-10 22:22:54] channel BS frame #2034: body_len=13 head=6c 4d 03 5c 7a 56 e9 a0 be 38 68 03 26 ascii='lM.\\zV...8h.&'
[2026-06-10 22:22:54] channel recv len=13 entropy=3.70 bs_len=13 u16le=21314 u32le=873282 ascii='BS..{.Z..../.'
[2026-06-10 22:22:54] channel BS frame #2035: body_len=9 head=7b a9 5a a7 8b 07 b8 2f 1b ascii='{.Z..../.'
[2026-06-10 22:22:54] channel recv len=17 entropy=3.97 bs_len=17 u16le=21314 u32le=1135426 ascii='BS......].0C...B.'
[2026-06-10 22:22:54] channel BS frame #2036: body_len=13 head=ed 16 7f b1 5d e5 30 43 14 be 13 42 0a ascii='....].0C...B.'
[2026-06-10 22:22:54] channel recv len=17 entropy=4.09 bs_len=17 u16le=21314 u32le=1135426 ascii='BS...zMak.l../.&.'
[2026-06-10 22:22:54] channel BS frame #2037: body_len=13 head=9b 7a 4d 61 6b 8d 6c aa d0 2f e3 26 c9 ascii='.zMak.l../.&.'
[2026-06-10 22:22:54] channel recv len=17 entropy=4.09 bs_len=17 u16le=21314 u32le=1135426 ascii='BS..n7.b.....y5.i'
[2026-06-10 22:22:54] channel BS frame #2038: body_len=13 head=6e 37 0f 62 b4 92 9d f6 bb 79 35 d1 69 ascii='n7.b.....y5.i'
[2026-06-10 22:22:54] channel recv len=17 entropy=3.85 bs_len=17 u16le=21314 u32le=1135426 ascii='BS......q..V....X'
[2026-06-10 22:22:54] channel BS frame #2039: body_len=13 head=14 8e ec ff 71 11 ff 56 f5 dc a4 99 58 ascii='....q..V....X'
[2026-06-10 22:22:55] channel recv len=17 entropy=3.97 bs_len=17 u16le=21314 u32le=1135426 ascii='BS..&.........V+.'
[2026-06-10 22:22:55] channel BS frame #2040: body_len=13 head=26 98 f8 bb 81 e9 d0 0a de 80 56 2b 11 ascii='&.........V+.'
[2026-06-10 22:22:55] channel recv len=19 entropy=4.25 bs_len=19 u16le=21314 u32le=1266498 ascii='BS...s^..&....3...:'
[2026-06-10 22:22:55] channel BS frame #2041: body_len=15 head=ae 73 5e 0f dd 26 c6 ac 0b 8a 33 f5 c3 c0 3a ascii='.s^..&....3...:'
[2026-06-10 22:22:55] channel recv len=17 entropy=3.97 bs_len=17 u16le=21314 u32le=1135426 ascii='BS......Hk9..].k.'
[2026-06-10 22:22:55] channel BS frame #2042: body_len=13 head=e2 f5 fa d4 48 6b 39 92 f3 5d a8 6b 18 ascii='....Hk9..].k.'
[2026-06-10 22:22:55] channel recv len=17 entropy=3.97 bs_len=17 u16le=21314 u32le=1135426 ascii='BS.............Q.'
[2026-06-10 22:22:55] channel BS frame #2043: body_len=13 head=87 7f f8 af 1c 16 d9 8a 00 cd c3 51 04 ascii='...........Q.'
[2026-06-10 22:22:55] channel recv len=13 entropy=3.55 bs_len=13 u16le=21314 u32le=873282 ascii='BS...}...dX..'
[2026-06-10 22:22:55] channel BS frame #2044: body_len=9 head=cf 7d dd bf fa 64 58 a5 00 ascii='.}...dX..'
[2026-06-10 22:22:56] channel recv len=5 entropy=2.32 bs_len=5 u16le=21314 u32le=348994 ascii='BS...'
[2026-06-10 22:22:56] channel BS frame #2045: body_len=1 head=10 ascii='.'
[2026-06-10 22:22:56] channel replay observed client frame #2045; server frames sent=852
[2026-06-10 22:22:58] channel recv len=9 entropy=3.17 bs_len=9 u16le=21314 u32le=611138 ascii='BS...A...'
[2026-06-10 22:22:58] channel BS frame #2046: body_len=5 head=d6 41 c6 ba 17 ascii='.A...'
[2026-06-10 22:22:59] channel recv len=11 entropy=3.46 bs_len=11 u16le=21314 u32le=742210 ascii='BS....>\\2(.'
[2026-06-10 22:22:59] channel BS frame #2047: body_len=7 head=f9 db 3e 5c 32 28 b4 ascii='..>\\2(.'
[2026-06-10 22:22:59] channel recv len=11 entropy=3.46 bs_len=11 u16le=21314 u32le=742210 ascii='BS.....WO..'
[2026-06-10 22:22:59] channel BS frame #2048: body_len=7 head=dc 1b a2 57 4f fb ef ascii='...WO..'
[2026-06-10 22:22:59] channel recv len=5 entropy=2.32 bs_len=5 u16le=21314 u32le=348994 ascii='BS...'
[2026-06-10 22:22:59] channel BS frame #2049: body_len=1 head=c2 ascii='.'
[2026-06-10 22:22:59] channel replay observed client frame #2049; server frames sent=856
[2026-06-10 22:22:59] channel recv len=11 entropy=3.46 bs_len=11 u16le=21314 u32le=742210 ascii='BS....M.-Y.'
[2026-06-10 22:22:59] channel BS frame #2050: body_len=7 head=ca c8 4d ea 2d 59 8c ascii='..M.-Y.'
[2026-06-10 22:22:59] channel recv len=11 entropy=3.28 bs_len=11 u16le=21314 u32le=742210 ascii='BS....46..F'
[2026-06-10 22:22:59] channel BS frame #2051: body_len=7 head=b7 a7 34 36 e6 b7 46 ascii='..46..F'
[2026-06-10 22:22:59] channel recv len=11 entropy=3.46 bs_len=11 u16le=21314 u32le=742210 ascii='BS..L:...Q.'
[2026-06-10 22:22:59] channel BS frame #2052: body_len=7 head=4c 3a 1c b6 05 51 a2 ascii='L:...Q.'
[2026-06-10 22:23:00] channel recv len=11 entropy=3.46 bs_len=11 u16le=21314 u32le=742210 ascii='BS..86.Lxa.'
[2026-06-10 22:23:00] channel BS frame #2053: body_len=7 head=38 36 1f 4c 78 61 19 ascii='86.Lxa.'
[2026-06-10 22:23:00] channel recv len=11 entropy=3.28 bs_len=11 u16le=21314 u32le=742210 ascii="BS...Q...'S"
[2026-06-10 22:23:00] channel BS frame #2054: body_len=7 head=04 51 b8 fe d9 27 53 ascii=".Q...'S"
[2026-06-10 22:23:00] channel recv len=11 entropy=3.28 bs_len=11 u16le=21314 u32le=742210 ascii='BS..O.SL.Q.'
[2026-06-10 22:23:00] channel BS frame #2055: body_len=7 head=4f a0 53 4c 1d 51 ee ascii='O.SL.Q.'
[2026-06-10 22:23:00] channel recv len=11 entropy=3.46 bs_len=11 u16le=21314 u32le=742210 ascii='BS..w.U2.].'
[2026-06-10 22:23:00] channel BS frame #2056: body_len=7 head=77 16 55 32 1d 5d c5 ascii='w.U2.].'
[2026-06-10 22:23:00] channel recv len=11 entropy=3.46 bs_len=11 u16le=21314 u32le=742210 ascii='BS..;.\\y...'
[2026-06-10 22:23:00] channel BS frame #2057: body_len=7 head=3b a0 5c 79 05 bb f0 ascii=';.\\y...'
[2026-06-10 22:23:01] channel recv len=11 entropy=3.28 bs_len=11 u16le=21314 u32le=742210 ascii='BS.....2...'
[2026-06-10 22:23:01] channel BS frame #2058: body_len=7 head=86 1d eb 32 1d fd 1b ascii='...2...'
[2026-06-10 22:23:01] channel recv len=11 entropy=3.46 bs_len=11 u16le=21314 u32le=742210 ascii='BS....0J3]E'
[2026-06-10 22:23:01] channel BS frame #2059: body_len=7 head=01 e3 30 4a 33 5d 45 ascii='..0J3]E'
[2026-06-10 22:23:01] channel recv len=9 entropy=3.17 bs_len=9 u16le=21314 u32le=611138 ascii='BS.......'
[2026-06-10 22:23:01] channel BS frame #2060: body_len=5 head=d2 13 e4 a8 1a ascii='.....'
[2026-06-10 22:23:01] channel recv len=17 entropy=4.09 bs_len=17 u16le=21314 u32le=1135426 ascii='BS..o..~.6....:v.'
[2026-06-10 22:23:01] channel BS frame #2061: body_len=13 head=6f 15 c9 7e d4 36 b7 bc bd ec 3a 76 bb ascii='o..~.6....:v.'
[2026-06-10 22:23:01] channel recv len=19 entropy=4.14 bs_len=19 u16le=21314 u32le=1266498 ascii='BS....;.).v...e7...'
[2026-06-10 22:23:01] channel BS frame #2062: body_len=15 head=c8 0e 3b b1 29 90 76 b1 f3 92 65 37 16 9a 96 ascii='..;.).v...e7...'
[2026-06-10 22:23:01] channel recv len=17 entropy=4.09 bs_len=17 u16le=21314 u32le=1135426 ascii="BS..q..].'...&..."
[2026-06-10 22:23:01] channel BS frame #2063: body_len=13 head=71 e1 dc 5d b0 27 92 ce be 26 d3 d1 84 ascii="q..].'...&..."
[2026-06-10 22:23:01] channel recv len=17 entropy=4.09 bs_len=17 u16le=21314 u32le=1135426 ascii='BS..?<U.9^....s..'
[2026-06-10 22:23:01] channel BS frame #2064: body_len=13 head=3f 3c 55 93 39 5e eb de 82 0e 73 04 fe ascii='?<U.9^....s..'
[2026-06-10 22:23:01] channel recv len=17 entropy=4.09 bs_len=17 u16le=21314 u32le=1135426 ascii='BS..g.{m".T......'
[2026-06-10 22:23:01] channel BS frame #2065: body_len=13 head=67 16 7b 6d 22 82 54 10 b4 9d fa 93 91 ascii='g.{m".T......'
[2026-06-10 22:23:02] channel recv len=13 entropy=3.70 bs_len=13 u16le=21314 u32le=873282 ascii='BS..H.y.. ...'
[2026-06-10 22:23:02] channel BS frame #2066: body_len=9 head=48 16 79 0b cd 20 aa 01 f3 ascii='H.y.. ...'
[2026-06-10 22:23:02] channel recv len=15 entropy=3.91 bs_len=15 u16le=21314 u32le=1004354 ascii='BS...m..a.dA...'
[2026-06-10 22:23:02] channel BS frame #2067: body_len=11 head=c8 6d d6 97 61 19 64 41 c0 02 ea ascii='.m..a.dA...'
[2026-06-10 22:23:02] channel recv len=15 entropy=3.91 bs_len=15 u16le=21314 u32le=1004354 ascii='BS....r.a.8..e.'
[2026-06-10 22:23:02] channel BS frame #2068: body_len=11 head=0c 07 72 12 61 82 38 b8 1d 65 f4 ascii='..r.a.8..e.'
[2026-06-10 22:23:02] channel recv len=13 entropy=3.70 bs_len=13 u16le=21314 u32le=873282 ascii='BS.....~e...*'
[2026-06-10 22:23:02] channel BS frame #2069: body_len=9 head=e5 f7 d4 7e 65 be 94 84 2a ascii='...~e...*'
[2026-06-10 22:23:02] channel recv len=5 entropy=2.32 bs_len=5 u16le=21314 u32le=348994 ascii='BS..;'
[2026-06-10 22:23:02] channel BS frame #2070: body_len=1 head=3b ascii=';'
[2026-06-10 22:23:02] channel replay observed client frame #2070; server frames sent=864
[2026-06-10 22:23:02] channel recv len=13 entropy=3.70 bs_len=13 u16le=21314 u32le=873282 ascii='BS..k.<_.....'
[2026-06-10 22:23:02] channel BS frame #2071: body_len=9 head=6b 1e 3c 5f ac c0 b5 cf 84 ascii='k.<_.....'
[2026-06-10 22:23:02] channel recv len=13 entropy=3.70 bs_len=13 u16le=21314 u32le=873282 ascii='BS..2K..#4...'
[2026-06-10 22:23:02] channel BS frame #2072: body_len=9 head=32 4b a7 99 23 34 df be 12 ascii='2K..#4...'
[2026-06-10 22:23:02] channel recv len=11 entropy=3.28 bs_len=11 u16le=21314 u32le=742210 ascii='BS...L.l2..'
[2026-06-10 22:23:02] channel BS frame #2073: body_len=7 head=02 4c d6 6c 32 87 d6 ascii='.L.l2..'
[2026-06-10 22:23:02] channel recv len=11 entropy=3.46 bs_len=11 u16le=21314 u32le=742210 ascii='BS.....~..i'
[2026-06-10 22:23:02] channel BS frame #2074: body_len=7 head=8e bb 81 7e 1c e1 69 ascii='...~..i'
[2026-06-10 22:23:02] channel recv len=13 entropy=3.70 bs_len=13 u16le=21314 u32le=873282 ascii='BS..{......56'
[2026-06-10 22:23:02] channel BS frame #2075: body_len=9 head=7b ed e3 89 16 87 cf 35 36 ascii='{......56'
[2026-06-10 22:23:02] channel recv len=17 entropy=4.09 bs_len=17 u16le=21314 u32le=1135426 ascii='BS..L@..\\.G".6..X'
[2026-06-10 22:23:02] channel BS frame #2076: body_len=13 head=4c 40 ac b7 5c d4 47 22 b5 36 c3 05 58 ascii='L@..\\.G".6..X'
[2026-06-10 22:23:02] channel recv len=19 entropy=4.14 bs_len=19 u16le=21314 u32le=1266498 ascii='BS..Z..&L..4....&..'
[2026-06-10 22:23:02] channel BS frame #2077: body_len=15 head=5a fc ae 26 4c 91 dc 34 a1 ef ba fd 26 e0 7f ascii='Z..&L..4....&..'
[2026-06-10 22:23:02] channel recv len=17 entropy=4.09 bs_len=17 u16le=21314 u32le=1135426 ascii='BS.....uf..z.9O!.'
[2026-06-10 22:23:02] channel BS frame #2078: body_len=13 head=10 be a6 75 66 c8 d6 7a cf 39 4f 21 15 ascii='...uf..z.9O!.'
[2026-06-10 22:23:03] channel recv len=17 entropy=4.09 bs_len=17 u16le=21314 u32le=1135426 ascii='BS..1q..l_.....!+'
[2026-06-10 22:23:03] channel BS frame #2079: body_len=13 head=31 71 1c e1 6c 5f a2 be 8e a6 fa 21 2b ascii='1q..l_.....!+'
[2026-06-10 22:23:03] channel recv len=19 entropy=4.04 bs_len=19 u16le=21314 u32le=1266498 ascii='BS..$....z(]a..2...'
[2026-06-10 22:23:03] channel BS frame #2080: body_len=15 head=24 c9 f2 89 b0 7a 28 5d 61 e5 13 32 0e 1e 00 ascii='$....z(]a..2...'
[2026-06-10 22:23:03] channel recv len=15 entropy=3.91 bs_len=15 u16le=21314 u32le=1004354 ascii='BS..C7T.A..y.m?'
[2026-06-10 22:23:03] channel BS frame #2081: body_len=11 head=43 37 54 cd 41 86 92 79 04 6d 3f ascii='C7T.A..y.m?'
[2026-06-10 22:23:03] channel recv len=13 entropy=3.70 bs_len=13 u16le=21314 u32le=873282 ascii='BS... .Y..90.'
[2026-06-10 22:23:03] channel BS frame #2082: body_len=9 head=c0 20 13 59 f1 94 39 30 ca ascii='. .Y..90.'
[2026-06-10 22:23:03] channel recv len=32 entropy=4.75 bs_len=15 u16le=21314 u32le=1004354 ascii='BS....h..h..H.cBS..@.3*..v......'
[2026-06-10 22:23:03] channel BS frame #2083: body_len=11 head=b2 93 68 e4 c4 68 c7 f3 48 de 63 ascii='..h..h..H.c'
[2026-06-10 22:23:03] channel BS frame #2084: body_len=13 head=40 c6 33 2a 1c 19 76 aa 8f e6 e3 a7 b1 ascii='@.3*..v......'
[2026-06-10 22:23:03] channel recv len=13 entropy=3.70 bs_len=13 u16le=21314 u32le=873282 ascii='BS..g.8.9.K{.'
[2026-06-10 22:23:03] channel BS frame #2085: body_len=9 head=67 db 38 18 39 a6 4b 7b ed ascii='g.8.9.K{.'
[2026-06-10 22:23:03] channel recv len=19 entropy=4.25 bs_len=19 u16le=21314 u32le=1266498 ascii='BS..t....O...=4.AI.'
[2026-06-10 22:23:03] channel BS frame #2086: body_len=15 head=74 c5 df 9b b0 4f 0b 99 d2 3d 34 80 41 49 91 ascii='t....O...=4.AI.'
[2026-06-10 22:23:03] channel recv len=32 entropy=4.60 bs_len=15 u16le=21314 u32le=1004354 ascii='BS..]....hJn!..BS..`q..C(NB...w.'
[2026-06-10 22:23:03] channel BS frame #2087: body_len=11 head=5d 07 e2 d7 c4 68 4a 6e 21 9b d7 ascii=']....hJn!..'
[2026-06-10 22:23:03] channel BS frame #2088: body_len=13 head=60 71 ed 8f 43 28 4e 42 ff ed 89 77 b1 ascii='`q..C(NB...w.'
[2026-06-10 22:23:03] channel recv len=17 entropy=4.09 bs_len=17 u16le=21314 u32le=1135426 ascii='BS..g.:.{e.;..1w.'
[2026-06-10 22:23:03] channel BS frame #2089: body_len=13 head=67 db 3a 01 7b 65 b2 3b df 7f 31 77 89 ascii='g.:.{e.;..1w.'
[2026-06-10 22:23:03] channel recv len=15 entropy=3.91 bs_len=15 u16le=21314 u32le=1004354 ascii='BS..E.T.*...Rm%'
[2026-06-10 22:23:03] channel BS frame #2090: body_len=11 head=45 8c 54 a3 2a ac 05 1d 52 6d 25 ascii='E.T.*...Rm%'
[2026-06-10 22:23:03] channel recv len=32 entropy=4.75 bs_len=15 u16le=21314 u32le=1004354 ascii='BS....7..h.....BS...T......Q.r./'
[2026-06-10 22:23:03] channel BS frame #2091: body_len=11 head=ff cb 37 93 c4 68 fe fa f7 a8 b9 ascii='..7..h.....'
[2026-06-10 22:23:03] channel BS frame #2092: body_len=13 head=aa 54 0e 8f cf ff fd 0b 51 1e 72 e2 2f ascii='.T......Q.r./'
[2026-06-10 22:23:03] channel recv len=13 entropy=3.55 bs_len=13 u16le=21314 u32le=873282 ascii='BS..g.8AiY...'
[2026-06-10 22:23:03] channel BS frame #2093: body_len=9 head=67 db 38 41 69 59 ad da 0d ascii='g.8AiY...'
[2026-06-10 22:23:03] channel recv len=32 entropy=4.75 bs_len=15 u16le=21314 u32le=1004354 ascii='BS....c..h..dV.BS..."..)......./'
[2026-06-10 22:23:03] channel BS frame #2094: body_len=11 head=bc 15 63 93 c4 68 a4 10 64 56 cb ascii='..c..h..dV.'
[2026-06-10 22:23:03] channel BS frame #2095: body_len=13 head=16 22 cf f7 29 0a e6 08 ba 11 f3 8e 2f ascii='."..)......./'
[2026-06-10 22:23:03] channel recv len=15 entropy=3.91 bs_len=15 u16le=21314 u32le=1004354 ascii='BS..g./...l..~.'
[2026-06-10 22:23:03] channel BS frame #2096: body_len=11 head=67 e8 2f 0a d1 05 6c 0d 91 7e cd ascii='g./...l..~.'
[2026-06-10 22:23:04] channel recv len=17 entropy=4.09 bs_len=17 u16le=21314 u32le=1135426 ascii='BS........R..1...'
[2026-06-10 22:23:04] channel BS frame #2097: body_len=13 head=82 a7 01 8f f2 f6 52 d5 de 31 ce 7f 02 ascii='......R..1...'
[2026-06-10 22:23:04] channel recv len=17 entropy=3.97 bs_len=17 u16le=21314 u32le=1135426 ascii='BS...+.rc.Pc.....'
[2026-06-10 22:23:04] channel BS frame #2098: body_len=13 head=8f 2b b5 72 63 e6 50 63 85 ac 0f b2 c3 ascii='.+.rc.Pc.....'
[2026-06-10 22:23:04] channel recv len=33 entropy=4.05 bs_len=13 u16le=21314 u32le=873282 ascii='BS......z.#N,BS.....Sz.#N,BS.....'
[2026-06-10 22:23:04] channel BS frame #2099: body_len=9 head=f4 d2 8a fa 7a f6 23 4e 2c ascii='....z.#N,'
[2026-06-10 22:23:04] channel BS frame #2100: body_len=9 head=81 bc 00 53 7a f6 23 4e 2c ascii='...Sz.#N,'
[2026-06-10 22:23:04] channel BS frame #2101: body_len=3 head=86 1b 8c ascii='...'
[2026-06-10 22:23:04] channel recv len=17 entropy=3.97 bs_len=17 u16le=21314 u32le=1135426 ascii='BS..>.=f...8..|..'
[2026-06-10 22:23:04] channel BS frame #2102: body_len=13 head=3e e6 3d 66 80 8e 91 38 bd bd 7c 8a 03 ascii='>.=f...8..|..'
[2026-06-10 22:23:04] channel recv len=13 entropy=3.70 bs_len=13 u16le=21314 u32le=873282 ascii='BS..nt..`.q..'
[2026-06-10 22:23:04] channel BS frame #2103: body_len=9 head=6e 74 19 fc 60 8e 71 8c 8d ascii='nt..`.q..'
[2026-06-10 22:23:04] channel recv len=17 entropy=4.09 bs_len=17 u16le=21314 u32le=1135426 ascii='BS.......h=..H@zP'
[2026-06-10 22:23:04] channel BS frame #2104: body_len=13 head=98 1d 04 f6 ea 68 3d 1e 05 48 40 7a 50 ascii='.....h=..H@zP'
[2026-06-10 22:23:04] channel recv len=17 entropy=4.09 bs_len=17 u16le=21314 u32le=1135426 ascii='BS.....A,.7..|..3'
[2026-06-10 22:23:04] channel BS frame #2105: body_len=13 head=87 7f aa 41 2c b2 37 e0 a2 7c e5 b0 33 ascii='...A,.7..|..3'
[2026-06-10 22:23:04] channel recv len=17 entropy=4.09 bs_len=17 u16le=21314 u32le=1135426 ascii='BS...2.....QMd...'
[2026-06-10 22:23:04] channel BS frame #2106: body_len=13 head=d7 32 d2 87 ab cf ce 51 4d 64 a4 94 92 ascii='.2.....QMd...'
[2026-06-10 22:23:04] channel recv len=17 entropy=4.09 bs_len=17 u16le=21314 u32le=1135426 ascii='BS..-.D../....W..'
[2026-06-10 22:23:04] channel BS frame #2107: body_len=13 head=2d bc 44 1e d3 2f e8 c8 85 cd 57 da ef ascii='-.D../....W..'
[2026-06-10 22:23:05] channel recv len=17 entropy=3.97 bs_len=17 u16le=21314 u32le=1135426 ascii='BS.....O........B'
[2026-06-10 22:23:05] channel BS frame #2108: body_len=13 head=cb e9 c3 4f 2e aa e5 f2 cf a7 86 0b 42 ascii='...O........B'
[2026-06-10 22:23:05] channel recv len=5 entropy=2.32 bs_len=5 u16le=21314 u32le=348994 ascii='BS...'
[2026-06-10 22:23:05] channel BS frame #2109: body_len=1 head=d2 ascii='.'
[2026-06-10 22:23:05] channel replay observed client frame #2109; server frames sent=874
[2026-06-10 22:23:05] channel recv len=19 entropy=4.14 bs_len=19 u16le=21314 u32le=1266498 ascii='BS......K.~xB...:..'
[2026-06-10 22:23:05] channel BS frame #2110: body_len=15 head=a7 a8 99 dd 4b ca 7e 78 42 b8 fb bf 3a da b6 ascii='....K.~xB...:..'
[2026-06-10 22:23:05] channel recv len=17 entropy=3.97 bs_len=17 u16le=21314 u32le=1135426 ascii='BS.._.-}63}.q....'
[2026-06-10 22:23:05] channel BS frame #2111: body_len=13 head=5f 89 2d 7d 36 33 7d da 71 c3 f7 d8 92 ascii='_.-}63}.q....'
[2026-06-10 22:23:05] channel recv len=17 entropy=4.09 bs_len=17 u16le=21314 u32le=1135426 ascii='BS.......D.8C..z,'
[2026-06-10 22:23:05] channel BS frame #2112: body_len=13 head=0d cf 10 ff de 44 9b 38 43 d9 1f 7a 2c ascii='.....D.8C..z,'
[2026-06-10 22:23:05] channel recv len=17 entropy=4.09 bs_len=17 u16le=21314 u32le=1135426 ascii='BS....".3..6..z\\y'
[2026-06-10 22:23:05] channel BS frame #2113: body_len=13 head=ca 96 22 82 33 d0 0b 36 9c 9e 7a 5c 79 ascii='..".3..6..z\\y'
[2026-06-10 22:23:05] channel recv len=17 entropy=4.09 bs_len=17 u16le=21314 u32le=1135426 ascii='BS.....4.d....;..'
[2026-06-10 22:23:05] channel BS frame #2114: body_len=13 head=9b dc 09 34 c9 64 f1 eb 0b b9 3b ab e2 ascii='...4.d....;..'
[2026-06-10 22:23:05] channel recv len=17 entropy=3.97 bs_len=17 u16le=21314 u32le=1135426 ascii='BS..F...>u2t..r..'
[2026-06-10 22:23:05] channel BS frame #2115: body_len=13 head=46 d2 f2 a1 3e 75 32 74 a5 00 72 91 e3 ascii='F...>u2t..r..'
[2026-06-10 22:23:05] channel recv len=13 entropy=3.70 bs_len=13 u16le=21314 u32le=873282 ascii='BS..R......IK'
[2026-06-10 22:23:05] channel BS frame #2116: body_len=9 head=52 d2 f0 b1 d8 0a 0e 49 4b ascii='R......IK'
[2026-06-10 22:23:06] channel recv len=9 entropy=3.17 bs_len=9 u16le=21314 u32le=611138 ascii='BS....`(.'
[2026-06-10 22:23:06] channel BS frame #2117: body_len=5 head=19 c7 60 28 80 ascii='..`(.'
[2026-06-10 22:23:06] channel recv len=17 entropy=4.09 bs_len=17 u16le=21314 u32le=1135426 ascii='BS..`.:.....Gv.=.'
[2026-06-10 22:23:06] channel BS frame #2118: body_len=13 head=60 db 3a 19 d3 ef a5 de 47 76 f7 3d 0d ascii='`.:.....Gv.=.'
[2026-06-10 22:23:06] channel recv len=19 entropy=4.25 bs_len=19 u16le=21314 u32le=1266498 ascii="BS..........'......"
[2026-06-10 22:23:06] channel BS frame #2119: body_len=15 head=d1 f8 fa d7 da e2 9f 92 27 bc 87 a7 b7 a5 af ascii="........'......"
[2026-06-10 22:23:06] channel recv len=17 entropy=4.09 bs_len=17 u16le=21314 u32le=1135426 ascii='BS...%.k7T<..2c..'
[2026-06-10 22:23:06] channel BS frame #2120: body_len=13 head=a6 25 90 6b 37 54 3c cc c2 32 63 ca ec ascii='.%.k7T<..2c..'
[2026-06-10 22:23:06] channel recv len=13 entropy=3.70 bs_len=13 u16le=21314 u32le=873282 ascii='BS........Ei.'
[2026-06-10 22:23:06] channel BS frame #2121: body_len=9 head=18 92 85 aa 93 c6 45 69 b6 ascii='......Ei.'
[2026-06-10 22:23:06] channel recv len=17 entropy=4.09 bs_len=17 u16le=21314 u32le=1135426 ascii='BS...k!...LZX....'
[2026-06-10 22:23:06] channel BS frame #2122: body_len=13 head=aa 6b 21 1d bb da 4c 5a 58 eb ad e5 c2 ascii='.k!...LZX....'
[2026-06-10 22:23:06] channel recv len=19 entropy=4.25 bs_len=19 u16le=21314 u32le=1266498 ascii='BS...#a./....Yy6.l.'
[2026-06-10 22:23:06] channel BS frame #2123: body_len=15 head=ad 23 61 a4 2f c9 84 1d 01 59 79 36 8c 6c fd ascii='.#a./....Yy6.l.'
[2026-06-10 22:23:06] channel recv len=17 entropy=4.09 bs_len=17 u16le=21314 u32le=1135426 ascii='BS....e......|j{.'
[2026-06-10 22:23:06] channel BS frame #2124: body_len=13 head=d9 c3 65 e9 df 03 12 d8 7f 7c 6a 7b f7 ascii='..e......|j{.'
[2026-06-10 22:23:06] channel recv len=17 entropy=4.09 bs_len=17 u16le=21314 u32le=1135426 ascii='BS....P)...].8...'
[2026-06-10 22:23:06] channel BS frame #2125: body_len=13 head=b5 91 50 29 8f ec 90 5d 9c 38 8a fb d0 ascii='..P)...].8...'
[2026-06-10 22:23:07] channel recv len=17 entropy=3.97 bs_len=17 u16le=21314 u32le=1135426 ascii='BS....n..........'
[2026-06-10 22:23:07] channel BS frame #2126: body_len=13 head=d9 bb 6e f4 dd 9d df f9 ce 87 bb f2 8d ascii='..n..........'
[2026-06-10 22:23:07] channel recv len=17 entropy=4.09 bs_len=17 u16le=21314 u32le=1135426 ascii='BS...O+....zt.?"/'
[2026-06-10 22:23:07] channel BS frame #2127: body_len=13 head=ee 4f 2b a6 bc b8 02 7a 74 8e 3f 22 2f ascii='.O+....zt.?"/'
[2026-06-10 22:23:07] channel recv len=17 entropy=3.97 bs_len=17 u16le=21314 u32le=1135426 ascii='BS..{.?....u6.S|.'
[2026-06-10 22:23:07] channel BS frame #2128: body_len=13 head=7b f4 3f f5 8c e7 d7 75 36 ff 53 7c 04 ascii='{.?....u6.S|.'
[2026-06-10 22:23:07] channel recv len=17 entropy=3.97 bs_len=17 u16le=21314 u32le=1135426 ascii='BS..s<T.n.l...zl)'
[2026-06-10 22:23:07] channel BS frame #2129: body_len=13 head=73 3c 54 7f 6e d7 6c a7 03 b2 7a 6c 29 ascii='s<T.n.l...zl)'
[2026-06-10 22:23:07] channel recv len=19 entropy=4.25 bs_len=19 u16le=21314 u32le=1266498 ascii='BS..3k.I....\\.6/...'
[2026-06-10 22:23:07] channel BS frame #2130: body_len=15 head=33 6b 9e 49 b9 93 ee 1b 5c 82 36 2f 87 8b 9c ascii='3k.I....\\.6/...'
[2026-06-10 22:23:07] channel recv len=17 entropy=4.09 bs_len=17 u16le=21314 u32le=1135426 ascii='BS...t..b6`..i.D.'
[2026-06-10 22:23:07] channel BS frame #2131: body_len=13 head=0a 74 a9 f4 62 36 60 98 ef 69 1c 44 a6 ascii='.t..b6`..i.D.'
[2026-06-10 22:23:07] channel recv len=17 entropy=4.09 bs_len=17 u16le=21314 u32le=1135426 ascii="BS..'.p.$C]...X+="
[2026-06-10 22:23:07] channel BS frame #2132: body_len=13 head=27 18 70 c5 24 43 5d bb f1 19 58 2b 3d ascii="'.p.$C]...X+="
[2026-06-10 22:23:07] channel recv len=17 entropy=3.85 bs_len=17 u16le=21314 u32le=1135426 ascii='BS..W..z..U.....*'
[2026-06-10 22:23:07] channel BS frame #2133: body_len=13 head=57 0b 1a 7a e5 b7 55 86 ec b7 86 b9 2a ascii='W..z..U.....*'
[2026-06-10 22:23:07] channel recv len=17 entropy=4.09 bs_len=17 u16le=21314 u32le=1135426 ascii='BS......hXW|.9d. '
[2026-06-10 22:23:07] channel BS frame #2134: body_len=13 head=97 e2 f1 1c 68 58 57 7c 9a 39 64 2e 20 ascii='....hXW|.9d. '
[2026-06-10 22:23:08] channel recv len=17 entropy=3.85 bs_len=17 u16le=21314 u32le=1135426 ascii='BS..j.mC.....+.C~'
[2026-06-10 22:23:08] channel BS frame #2135: body_len=13 head=6a eb 6d 43 0d 0a e0 cd 0a 2b 2e 43 7e ascii='j.mC.....+.C~'
[2026-06-10 22:23:08] channel recv len=5 entropy=2.32 bs_len=5 u16le=21314 u32le=348994 ascii='BS...'
[2026-06-10 22:23:08] channel BS frame #2136: body_len=1 head=7f ascii='.'
[2026-06-10 22:23:08] channel replay observed client frame #2136; server frames sent=884
[2026-06-10 22:23:08] channel recv len=17 entropy=3.97 bs_len=17 u16le=21314 u32le=1135426 ascii='BS......7..|.....'
[2026-06-10 22:23:08] channel BS frame #2137: body_len=13 head=9a ca b3 c6 37 0b a8 7c d9 9a 80 1d 8f ascii='....7..|.....'
[2026-06-10 22:23:08] channel recv len=32 entropy=3.91 bs_len=6 u16le=21314 u32le=414530 ascii='BS..H.BS....*.z.#N,BS.....Sz.#N,'
[2026-06-10 22:23:08] channel BS frame #2138: body_len=2 head=48 84 ascii='H.'
[2026-06-10 22:23:08] channel BS frame #2139: body_len=9 head=a8 93 2a bc 7a f6 23 4e 2c ascii='..*.z.#N,'
[2026-06-10 22:23:08] channel BS frame #2140: body_len=9 head=81 bc 00 53 7a f6 23 4e 2c ascii='...Sz.#N,'
[2026-06-10 22:23:08] channel recv len=6 entropy=2.58 bs_len=6 u16le=21314 u32le=414530 ascii='BS....'
[2026-06-10 22:23:08] channel BS frame #2141: body_len=2 head=85 a7 ascii='..'
[2026-06-10 22:23:08] channel recv len=17 entropy=3.97 bs_len=17 u16le=21314 u32le=1135426 ascii='BS.....:.L/C/..q.'
[2026-06-10 22:23:08] channel BS frame #2142: body_len=13 head=8f 2e fd 3a d8 4c 2f 43 2f 0b eb 71 9a ascii='...:.L/C/..q.'
[2026-06-10 22:23:08] channel recv len=6 entropy=2.58 bs_len=6 u16le=21314 u32le=414530 ascii='BS..p.'
[2026-06-10 22:23:08] channel BS frame #2143: body_len=2 head=70 c3 ascii='p.'
[2026-06-10 22:23:08] channel recv len=17 entropy=4.09 bs_len=17 u16le=21314 u32le=1135426 ascii='BS..a2.T.........'
[2026-06-10 22:23:08] channel BS frame #2144: body_len=13 head=61 32 fa 54 18 e7 fe 1b c3 8f e8 90 9b ascii='a2.T.........'
[2026-06-10 22:23:08] channel recv len=13 entropy=3.70 bs_len=13 u16le=21314 u32le=873282 ascii='BS..o..b..a.M'
[2026-06-10 22:23:08] channel BS frame #2145: body_len=9 head=6f 0a ad 62 de c3 61 91 4d ascii='o..b..a.M'
[2026-06-10 22:23:08] channel recv len=17 entropy=3.85 bs_len=17 u16le=21314 u32le=1135426 ascii='BS..T...M.&.H...T'
[2026-06-10 22:23:08] channel BS frame #2146: body_len=13 head=54 b2 c2 e2 4d e9 26 e2 48 93 15 c4 54 ascii='T...M.&.H...T'
[2026-06-10 22:23:08] channel recv len=17 entropy=3.85 bs_len=17 u16le=21314 u32le=1135426 ascii='BS.....hBA&A.19..'
[2026-06-10 22:23:08] channel BS frame #2147: body_len=13 head=8d 0a af 68 42 41 26 41 02 31 39 fa fe ascii='...hBA&A.19..'
[2026-06-10 22:23:08] channel recv len=17 entropy=3.97 bs_len=17 u16le=21314 u32le=1135426 ascii='BS.....P.....k ..'
[2026-06-10 22:23:08] channel BS frame #2148: body_len=13 head=0d bc a9 50 dc fb 08 a2 fa 6b 20 0c a2 ascii='...P.....k ..'
[2026-06-10 22:23:09] channel recv len=19 entropy=4.25 bs_len=19 u16le=21314 u32le=1266498 ascii="BS......'......A..e"
[2026-06-10 22:23:09] channel BS frame #2149: body_len=15 head=ae 03 07 f8 27 b3 81 d4 b2 e5 04 41 a1 a3 65 ascii="....'......A..e"
[2026-06-10 22:23:09] channel recv len=17 entropy=3.97 bs_len=17 u16le=21314 u32le=1135426 ascii='BS..l@}9...i...].'
[2026-06-10 22:23:09] channel BS frame #2150: body_len=13 head=6c 40 7d 39 d6 ad a7 69 11 e4 c2 5d 9b ascii='l@}9...i...].'
[2026-06-10 22:23:09] channel recv len=19 entropy=4.25 bs_len=19 u16le=21314 u32le=1266498 ascii='BS..~f...7.{U..-...'
[2026-06-10 22:23:09] channel BS frame #2151: body_len=15 head=7e 66 fe 04 b0 37 fd 7b 55 1b fa 2d f8 92 f3 ascii='~f...7.{U..-...'
[2026-06-10 22:23:09] channel recv len=19 entropy=4.14 bs_len=19 u16le=21314 u32le=1266498 ascii='BS..8..CJ.....t6..E'
[2026-06-10 22:23:09] channel BS frame #2152: body_len=15 head=38 b1 d5 43 4a b1 b0 98 e7 fb 74 36 8a 9e 45 ascii='8..CJ.....t6..E'
[2026-06-10 22:23:09] channel recv len=17 entropy=3.85 bs_len=17 u16le=21314 u32le=1135426 ascii='BS..W.S....#.N...'
[2026-06-10 22:23:09] channel BS frame #2153: body_len=13 head=57 a6 53 f7 ef ef fd 23 96 4e d1 ac 95 ascii='W.S....#.N...'
[2026-06-10 22:23:09] channel recv len=5 entropy=2.32 bs_len=5 u16le=21314 u32le=348994 ascii='BS...'
[2026-06-10 22:23:09] channel BS frame #2154: body_len=1 head=d2 ascii='.'
[2026-06-10 22:23:09] channel recv len=17 entropy=4.09 bs_len=17 u16le=21314 u32le=1135426 ascii='BS...}...&.j...,.'
[2026-06-10 22:23:09] channel BS frame #2155: body_len=13 head=c9 7d 82 e9 03 26 98 6a 9c af 90 2c 08 ascii='.}...&.j...,.'
[2026-06-10 22:23:09] channel recv len=17 entropy=3.97 bs_len=17 u16le=21314 u32le=1135426 ascii='BS..}gN..5-.ZR(.>'
[2026-06-10 22:23:09] channel BS frame #2156: body_len=13 head=7d 67 4e b2 cc 35 2d e4 5a 52 28 11 3e ascii='}gN..5-.ZR(.>'
[2026-06-10 22:23:09] channel recv len=19 entropy=4.14 bs_len=19 u16le=21314 u32le=1266498 ascii='BS..n9Rw.P......j}n'
[2026-06-10 22:23:09] channel BS frame #2157: body_len=15 head=6e 39 52 77 07 50 df ff ca 03 fe d2 6a 7d 6e ascii='n9Rw.P......j}n'
[2026-06-10 22:23:09] channel recv len=17 entropy=3.97 bs_len=17 u16le=21314 u32le=1135426 ascii='BS..:...C........'
[2026-06-10 22:23:09] channel BS frame #2158: body_len=13 head=3a e8 ed c7 43 c4 c8 be e2 9b 99 a9 c8 ascii=':...C........'
[2026-06-10 22:23:09] channel recv len=30 entropy=4.77 bs_len=30 u16le=21314 u32le=1987394 ascii='BS....B...${.!XS../.."4<ZOq6.o'
[2026-06-10 22:23:09] channel BS frame #2159: body_len=26 head=ac 90 42 db b0 b6 24 7b 83 21 58 53 0c 19 2f 0b 03 22 34 3c 5a 4f 71 36 9a 6f ascii='..B...${.!XS../.."4<ZOq6.o'
[2026-06-10 22:23:09] channel recv len=17 entropy=4.09 bs_len=17 u16le=21314 u32le=1135426 ascii='BS.....5.......h.'
[2026-06-10 22:23:09] channel BS frame #2160: body_len=13 head=de 89 d3 35 a0 a9 86 13 9c 17 ef 68 e2 ascii='...5.......h.'
[2026-06-10 22:23:09] channel recv len=19 entropy=4.25 bs_len=19 u16le=21314 u32le=1266498 ascii='BS..../i..;|.-...g!'
[2026-06-10 22:23:09] channel BS frame #2161: body_len=15 head=be 0a 2f 69 dc 0b 3b 7c cf 2d 8b f9 d7 67 21 ascii='../i..;|.-...g!'
[2026-06-10 22:23:10] channel recv len=17 entropy=4.09 bs_len=17 u16le=21314 u32le=1135426 ascii="BS.....^...|9'0.."
[2026-06-10 22:23:10] channel BS frame #2162: body_len=13 head=0c 80 9e 5e ed d9 f5 7c 39 27 30 a0 83 ascii="...^...|9'0.."
[2026-06-10 22:23:10] channel recv len=17 entropy=4.09 bs_len=17 u16le=21314 u32le=1135426 ascii='BS...V.D3.K.oO@0.'
[2026-06-10 22:23:10] channel BS frame #2163: body_len=13 head=f2 56 1e 44 33 98 4b e0 6f 4f 40 30 94 ascii='.V.D3.K.oO@0.'
[2026-06-10 22:23:10] channel recv len=13 entropy=3.55 bs_len=13 u16le=21314 u32le=873282 ascii='BS...T;j~....'
[2026-06-10 22:23:10] channel BS frame #2164: body_len=9 head=0e 54 3b 6a 7e f7 ab 0d d5 ascii='.T;j~....'
[2026-06-10 22:23:10] channel recv len=11 entropy=3.46 bs_len=11 u16le=21314 u32le=742210 ascii='BS.....b...'
[2026-06-10 22:23:10] channel BS frame #2165: body_len=7 head=10 b2 c3 62 b3 e0 df ascii='...b...'
[2026-06-10 22:23:10] channel recv len=11 entropy=3.46 bs_len=11 u16le=21314 u32le=742210 ascii='BS...6.....'
[2026-06-10 22:23:10] channel BS frame #2166: body_len=7 head=b4 36 c5 d9 1a 04 81 ascii='.6.....'
[2026-06-10 22:23:11] channel recv len=11 entropy=3.46 bs_len=11 u16le=21314 u32le=742210 ascii='BS...c...D~'
[2026-06-10 22:23:11] channel BS frame #2167: body_len=7 head=11 63 82 1f 7f 44 7e ascii='.c...D~'
[2026-06-10 22:23:11] channel recv len=5 entropy=2.32 bs_len=5 u16le=21314 u32le=348994 ascii='BS...'
[2026-06-10 22:23:11] channel BS frame #2168: body_len=1 head=d3 ascii='.'
[2026-06-10 22:23:11] channel replay observed client frame #2168; server frames sent=894
[2026-06-10 22:23:11] channel recv len=11 entropy=3.46 bs_len=11 u16le=21314 u32le=742210 ascii='BS..!..M~.k'
[2026-06-10 22:23:11] channel BS frame #2169: body_len=7 head=21 1f ac 4d 7e c8 6b ascii='!..M~.k'
[2026-06-10 22:23:11] channel recv len=13 entropy=3.55 bs_len=13 u16le=21314 u32le=873282 ascii='BS..b.O..."..'
[2026-06-10 22:23:11] channel BS frame #2170: body_len=9 head=62 e3 4f b4 0d e9 22 ba 02 ascii='b.O..."..'
[2026-06-10 22:23:11] channel recv len=17 entropy=4.09 bs_len=17 u16le=21314 u32le=1135426 ascii='BS.....({.HW...T.'
[2026-06-10 22:23:11] channel BS frame #2171: body_len=13 head=c6 09 1e 28 7b ea 48 57 8d cf 05 54 ae ascii='...({.HW...T.'
[2026-06-10 22:23:11] channel recv len=15 entropy=3.91 bs_len=15 u16le=21314 u32le=1004354 ascii='BS...4..aY...".'
[2026-06-10 22:23:11] channel BS frame #2172: body_len=11 head=c7 34 bf 8d 61 59 92 a8 cb 22 02 ascii='.4..aY...".'
[2026-06-10 22:23:11] channel recv len=17 entropy=4.09 bs_len=17 u16le=21314 u32le=1135426 ascii='BS....C....\\.:...'
[2026-06-10 22:23:11] channel BS frame #2173: body_len=13 head=c8 0c 43 05 98 86 90 5c 85 3a 82 cf cd ascii='..C....\\.:...'
[2026-06-10 22:23:11] channel recv len=17 entropy=3.97 bs_len=17 u16le=21314 u32le=1135426 ascii='BS....2.".......+'
[2026-06-10 22:23:11] channel BS frame #2174: body_len=13 head=c0 84 32 e9 22 d7 99 c0 0a 19 9e 8a 2b ascii='..2.".......+'
[2026-06-10 22:23:11] channel recv len=11 entropy=3.28 bs_len=11 u16le=21314 u32le=742210 ascii='BS.........'
[2026-06-10 22:23:11] channel BS frame #2175: body_len=7 head=f9 94 91 7f b8 a9 91 ascii='.......'
[2026-06-10 22:23:11] channel recv len=9 entropy=3.17 bs_len=9 u16le=21314 u32le=611138 ascii='BS....51.'
[2026-06-10 22:23:11] channel BS frame #2176: body_len=5 head=a2 ac 35 31 15 ascii='..51.'
[2026-06-10 22:23:11] channel recv len=19 entropy=4.25 bs_len=19 u16le=21314 u32le=1266498 ascii='BS...".......6.;..n'
[2026-06-10 22:23:11] channel BS frame #2177: body_len=15 head=95 22 c7 f2 b9 94 d0 98 12 36 82 3b dc b6 6e ascii='.".......6.;..n'
[2026-06-10 22:23:12] channel recv len=17 entropy=4.09 bs_len=17 u16le=21314 u32le=1135426 ascii='BS...m.!{.HV.ZYI.'
[2026-06-10 22:23:12] channel BS frame #2178: body_len=13 head=92 6d a4 21 7b ea 48 56 1b 5a 59 49 9d ascii='.m.!{.HV.ZYI.'
[2026-06-10 22:23:12] channel recv len=19 entropy=4.25 bs_len=19 u16le=21314 u32le=1266498 ascii='BS.........y...6`].'
[2026-06-10 22:23:12] channel BS frame #2179: body_len=15 head=9a ff b5 8b cf 0a 0c 79 a4 96 84 36 60 5d a3 ascii='.......y...6`].'
[2026-06-10 22:23:12] channel recv len=19 entropy=4.25 bs_len=19 u16le=21314 u32le=1266498 ascii='BS....*...........['
[2026-06-10 22:23:12] channel BS frame #2180: body_len=15 head=fb 1e 2a 19 cc a7 94 fd 1b 10 d5 85 80 1d 5b ascii='..*...........['
[2026-06-10 22:23:12] channel recv len=17 entropy=4.09 bs_len=17 u16le=21314 u32le=1135426 ascii='BS...+t...(.D..O?'
[2026-06-10 22:23:12] channel BS frame #2181: body_len=13 head=f9 2b 74 17 d0 b8 28 0e 44 0c 81 4f 3f ascii='.+t...(.D..O?'
[2026-06-10 22:23:12] channel recv len=19 entropy=4.25 bs_len=19 u16le=21314 u32le=1266498 ascii='BS..Js...Z....E..=7'
[2026-06-10 22:23:12] channel BS frame #2182: body_len=15 head=4a 73 eb b5 8e 5a 08 d1 f5 e7 45 11 f8 3d 37 ascii='Js...Z....E..=7'
[2026-06-10 22:23:12] channel recv len=19 entropy=4.14 bs_len=19 u16le=21314 u32le=1266498 ascii='BS....$...Tb..[....'
[2026-06-10 22:23:12] channel BS frame #2183: body_len=15 head=e6 80 24 8e 95 f1 54 62 2e e3 5b ac c0 80 ae ascii='..$...Tb..[....'
[2026-06-10 22:23:12] channel recv len=17 entropy=4.09 bs_len=17 u16le=21314 u32le=1135426 ascii='BS...y`.(.N....a.'
[2026-06-10 22:23:12] channel BS frame #2184: body_len=13 head=19 79 60 0f 28 c1 4e c6 df 91 f5 61 ee ascii='.y`.(.N....a.'
[2026-06-10 22:23:12] channel recv len=19 entropy=4.25 bs_len=19 u16le=21314 u32le=1266498 ascii='BS....0...M..3..>q.'
[2026-06-10 22:23:12] channel BS frame #2185: body_len=15 head=da b3 30 d3 94 96 4d 9c 08 33 88 03 3e 71 83 ascii='..0...M..3..>q.'
[2026-06-10 22:23:12] channel recv len=19 entropy=4.04 bs_len=19 u16le=21314 u32le=1266498 ascii='BS......M(q.....R.F'
[2026-06-10 22:23:12] channel BS frame #2186: body_len=15 head=cc fc c9 c4 4d 28 71 fc b4 cc dd 84 52 db 46 ascii='....M(q.....R.F'
[2026-06-10 22:23:12] channel recv len=13 entropy=3.70 bs_len=13 u16le=21314 u32le=873282 ascii='BS..N.^HTE..G'
[2026-06-10 22:23:12] channel BS frame #2187: body_len=9 head=4e 04 5e 48 54 45 e6 12 47 ascii='N.^HTE..G'
[2026-06-10 22:23:12] channel recv len=17 entropy=3.97 bs_len=17 u16le=21314 u32le=1135426 ascii='BS...Y.*.....7...'
[2026-06-10 22:23:12] channel BS frame #2188: body_len=13 head=81 59 81 2a 98 86 90 a9 15 37 1c 2e 19 ascii='.Y.*.....7...'
[2026-06-10 22:23:12] channel recv len=19 entropy=4.25 bs_len=19 u16le=21314 u32le=1266498 ascii='BS..=.....b...`.D .'
[2026-06-10 22:23:12] channel BS frame #2189: body_len=15 head=3d 9e b5 2e 84 7f 62 d5 12 e0 60 e2 44 20 fa ascii='=.....b...`.D .'
[2026-06-10 22:23:13] channel recv len=19 entropy=3.93 bs_len=19 u16le=21314 u32le=1266498 ascii='BS...S_l.#...y...Y.'
[2026-06-10 22:23:13] channel BS frame #2190: body_len=15 head=85 53 5f 6c 15 23 1a 1b ce 79 1b bb 85 59 19 ascii='.S_l.#...y...Y.'
[2026-06-10 22:23:13] channel recv len=19 entropy=4.25 bs_len=19 u16le=21314 u32le=1266498 ascii='BS...IV.3.....i..W.'
[2026-06-10 22:23:13] channel BS frame #2191: body_len=15 head=fb 49 56 f9 33 c1 8e 97 c0 b4 69 de 9b 57 d4 ascii='.IV.3.....i..W.'
[2026-06-10 22:23:13] channel recv len=17 entropy=4.09 bs_len=17 u16le=21314 u32le=1135426 ascii='BS......(pT......'
[2026-06-10 22:23:13] channel BS frame #2192: body_len=13 head=04 ba 1e 0e 28 70 54 8c ae c7 e1 19 03 ascii='....(pT......'
[2026-06-10 22:23:13] channel recv len=19 entropy=4.04 bs_len=19 u16le=21314 u32le=1266498 ascii='BS...igwy......k..w'
[2026-06-10 22:23:13] channel BS frame #2193: body_len=15 head=ff 69 67 77 79 db e5 b1 0b 93 ff 6b f3 c6 77 ascii='.igwy......k..w'
[2026-06-10 22:23:13] channel recv len=17 entropy=4.09 bs_len=17 u16le=21314 u32le=1135426 ascii='BS..T..1.\\..5/..)'
[2026-06-10 22:23:13] channel BS frame #2194: body_len=13 head=54 fb b7 31 15 5c a4 c8 35 2f 09 ea 29 ascii='T..1.\\..5/..)'
[2026-06-10 22:23:13] channel recv len=19 entropy=3.93 bs_len=19 u16le=21314 u32le=1266498 ascii='BS......=.8.|M.$...'
[2026-06-10 22:23:13] channel BS frame #2195: body_len=15 head=13 10 ea 8c 3d 99 38 17 7c 4d 17 24 e5 00 b4 ascii='....=.8.|M.$...'
[2026-06-10 22:23:13] channel recv len=17 entropy=3.97 bs_len=17 u16le=21314 u32le=1135426 ascii="BS..NW..=L..+..'."
[2026-06-10 22:23:13] channel BS frame #2196: body_len=13 head=4e 57 e5 ff 3d 4c f5 e6 2b 00 07 27 04 ascii="NW..=L..+..'."
[2026-06-10 22:23:13] channel recv len=19 entropy=4.14 bs_len=19 u16le=21314 u32le=1266498 ascii='BS...r....a.8f.r..X'
[2026-06-10 22:23:13] channel BS frame #2197: body_len=15 head=c2 72 e7 fc 90 cf 61 8e 38 66 1d 72 84 7f 58 ascii='.r....a.8f.r..X'
[2026-06-10 22:23:13] channel recv len=17 entropy=4.09 bs_len=17 u16le=21314 u32le=1135426 ascii='BS....Z..oC..e<[f'
[2026-06-10 22:23:13] channel BS frame #2198: body_len=13 head=8e f0 5a 15 bb 6f 43 8c 13 65 3c 5b 66 ascii='..Z..oC..e<[f'
[2026-06-10 22:23:13] channel recv len=17 entropy=4.09 bs_len=17 u16le=21314 u32le=1135426 ascii='BS....../..7..W..'
[2026-06-10 22:23:13] channel BS frame #2199: body_len=13 head=06 fa f0 a1 2f 89 dc 37 f6 f1 57 13 bc ascii='..../..7..W..'
[2026-06-10 22:23:13] channel recv len=19 entropy=4.25 bs_len=19 u16le=21314 u32le=1266498 ascii='BS........~... .f.\\'
[2026-06-10 22:23:13] channel BS frame #2200: body_len=15 head=a8 dd 15 bd 97 f2 7e 06 8e c6 20 86 66 17 5c ascii='......~... .f.\\'
[2026-06-10 22:23:14] channel recv len=17 entropy=3.97 bs_len=17 u16le=21314 u32le=1135426 ascii='BS...s1$..x.n.tY.'
[2026-06-10 22:23:14] channel BS frame #2201: body_len=13 head=ff 73 31 24 aa e9 78 b9 6e aa 74 59 a9 ascii='.s1$..x.n.tY.'
[2026-06-10 22:23:14] channel recv len=5 entropy=2.32 bs_len=5 u16le=21314 u32le=348994 ascii='BS...'
[2026-06-10 22:23:14] channel BS frame #2202: body_len=1 head=fa ascii='.'
[2026-06-10 22:23:14] channel replay observed client frame #2202; server frames sent=904
[2026-06-10 22:23:14] channel recv len=17 entropy=4.09 bs_len=17 u16le=21314 u32le=1135426 ascii='BS..]... (x.t.Q..'
[2026-06-10 22:23:14] channel BS frame #2203: body_len=13 head=5d e8 16 ba 20 28 78 e5 74 10 51 cc 86 ascii=']... (x.t.Q..'
[2026-06-10 22:23:14] channel recv len=17 entropy=3.97 bs_len=17 u16le=21314 u32le=1135426 ascii='BS....3....v..i^>'
[2026-06-10 22:23:14] channel BS frame #2204: body_len=13 head=0c ad 33 e4 be 8f 8f 76 c6 16 69 5e 3e ascii='..3....v..i^>'
[2026-06-10 22:23:14] channel recv len=19 entropy=4.25 bs_len=19 u16le=21314 u32le=1266498 ascii="BS...?..'8...... .."
[2026-06-10 22:23:14] channel BS frame #2205: body_len=15 head=e5 3f ea a6 27 38 06 0d b4 eb d8 88 20 a8 a2 ascii=".?..'8...... .."
[2026-06-10 22:23:14] channel recv len=17 entropy=4.09 bs_len=17 u16le=21314 u32le=1135426 ascii='BS.....}..2...j..'
[2026-06-10 22:23:14] channel BS frame #2206: body_len=13 head=ec a8 fa 7d 85 d3 32 96 91 d2 6a 05 bc ascii='...}..2...j..'
[2026-06-10 22:23:14] channel recv len=19 entropy=4.04 bs_len=19 u16le=21314 u32le=1266498 ascii='BS....S...0....%j..'
[2026-06-10 22:23:14] channel BS frame #2207: body_len=15 head=ea ba 53 91 fc c5 30 1d 00 a0 0f 25 6a ee cb ascii='..S...0....%j..'
[2026-06-10 22:23:14] channel recv len=19 entropy=4.25 bs_len=19 u16le=21314 u32le=1266498 ascii='BS...T^.e..Z.0.....'
[2026-06-10 22:23:14] channel BS frame #2208: body_len=15 head=fd 54 5e 8e 65 c1 ad 5a 9d 30 a9 e8 08 cc 9e ascii='.T^.e..Z.0.....'
[2026-06-10 22:23:14] channel recv len=17 entropy=4.09 bs_len=17 u16le=21314 u32le=1135426 ascii='BS.....&1d...V<(.'
[2026-06-10 22:23:14] channel BS frame #2209: body_len=13 head=f0 d5 c7 26 31 64 10 e7 9d 56 3c 28 d0 ascii='...&1d...V<(.'
[2026-06-10 22:23:14] channel recv len=19 entropy=4.14 bs_len=19 u16le=21314 u32le=1266498 ascii='BS........."E....!('
[2026-06-10 22:23:14] channel BS frame #2210: body_len=15 head=88 88 10 09 fa b7 c2 22 45 bc b2 cd f6 21 28 ascii='......."E....!('
[2026-06-10 22:23:14] channel recv len=6 entropy=2.58 bs_len=6 u16le=21314 u32le=414530 ascii='BS..iv'
[2026-06-10 22:23:14] channel BS frame #2211: body_len=2 head=69 76 ascii='iv'
[2026-06-10 22:23:14] channel recv len=6 entropy=2.58 bs_len=6 u16le=21314 u32le=414530 ascii='BS..@.'
[2026-06-10 22:23:14] channel BS frame #2212: body_len=2 head=40 9f ascii='@.'
[2026-06-10 22:23:14] channel recv len=32 entropy=3.98 bs_len=6 u16le=21314 u32le=414530 ascii='BS...TBS....-.z.#N,BS.....Sz.#N,'
[2026-06-10 22:23:14] channel BS frame #2213: body_len=2 head=02 54 ascii='.T'
[2026-06-10 22:23:14] channel BS frame #2214: body_len=9 head=99 e4 2d cb 7a f6 23 4e 2c ascii='..-.z.#N,'
[2026-06-10 22:23:14] channel BS frame #2215: body_len=9 head=81 bc 00 53 7a f6 23 4e 2c ascii='...Sz.#N,'
[2026-06-10 22:23:14] channel recv len=17 entropy=4.09 bs_len=17 u16le=21314 u32le=1135426 ascii='BS.....]*n..hA..H'
[2026-06-10 22:23:14] channel BS frame #2216: body_len=13 head=91 f8 de 5d 2a 6e b3 ef 68 41 be a8 48 ascii='...]*n..hA..H'
[2026-06-10 22:23:15] channel recv len=19 entropy=4.04 bs_len=19 u16le=21314 u32le=1266498 ascii='BS......l...4.....s'
[2026-06-10 22:23:15] channel BS frame #2217: body_len=15 head=ad 13 b6 eb 6c ce dd e5 34 12 ed a0 ad 01 73 ascii='....l...4.....s'
[2026-06-10 22:23:15] channel recv len=15 entropy=3.77 bs_len=15 u16le=21314 u32le=1004354 ascii='BS....&..w...r.'
[2026-06-10 22:23:15] channel BS frame #2218: body_len=11 head=16 16 26 b5 0e 77 d1 99 7f 72 fb ascii='..&..w...r.'
[2026-06-10 22:23:15] channel recv len=32 entropy=3.91 bs_len=6 u16le=21314 u32le=414530 ascii='BS....BS....*.z.#N,BS.....Sz.#N,'
[2026-06-10 22:23:15] channel BS frame #2219: body_len=2 head=86 ea ascii='..'
[2026-06-10 22:23:15] channel BS frame #2220: body_len=9 head=b7 80 2a bc 7a f6 23 4e 2c ascii='..*.z.#N,'
[2026-06-10 22:23:15] channel BS frame #2221: body_len=9 head=81 bc 00 53 7a f6 23 4e 2c ascii='...Sz.#N,'
[2026-06-10 22:23:15] channel recv len=17 entropy=4.09 bs_len=17 u16le=21314 u32le=1135426 ascii='BS.....(.......e.'
[2026-06-10 22:23:15] channel BS frame #2222: body_len=13 head=91 f8 de 28 99 ae c3 d1 be 09 0f 65 f2 ascii='...(.......e.'
[2026-06-10 22:23:15] channel recv len=13 entropy=3.70 bs_len=13 u16le=21314 u32le=873282 ascii='BS..u.Y....OR'
[2026-06-10 22:23:15] channel BS frame #2223: body_len=9 head=75 f7 59 2e eb 0c b9 4f 52 ascii='u.Y....OR'
[2026-06-10 22:23:15] channel recv len=13 entropy=3.70 bs_len=13 u16le=21314 u32le=873282 ascii='BS....Q.{EWa]'
[2026-06-10 22:23:15] channel BS frame #2224: body_len=9 head=ba a1 51 a8 7b 45 57 61 5d ascii='..Q.{EWa]'
[2026-06-10 22:23:15] channel recv len=17 entropy=4.09 bs_len=17 u16le=21314 u32le=1135426 ascii='BS..fr.C._\\MW....'
[2026-06-10 22:23:15] channel BS frame #2225: body_len=13 head=66 72 d5 43 06 5f 5c 4d 57 a4 9a ff ce ascii='fr.C._\\MW....'
[2026-06-10 22:23:15] channel recv len=19 entropy=4.25 bs_len=19 u16le=21314 u32le=1266498 ascii='BS..y.Y..Z.."......'
[2026-06-10 22:23:15] channel BS frame #2226: body_len=15 head=79 89 59 0c b9 5a f7 df 22 ef 87 c9 f3 f2 ee ascii='y.Y..Z.."......'
[2026-06-10 22:23:15] channel recv len=32 entropy=3.98 bs_len=6 u16le=21314 u32le=414530 ascii='BS...+BS..a.-.z.#N,BS.....Sz.#N,'
[2026-06-10 22:23:15] channel BS frame #2227: body_len=2 head=03 2b ascii='.+'
[2026-06-10 22:23:15] channel BS frame #2228: body_len=9 head=61 f5 2d cb 7a f6 23 4e 2c ascii='a.-.z.#N,'
[2026-06-10 22:23:15] channel BS frame #2229: body_len=9 head=81 bc 00 53 7a f6 23 4e 2c ascii='...Sz.#N,'
[2026-06-10 22:23:15] channel recv len=17 entropy=4.09 bs_len=17 u16le=21314 u32le=1135426 ascii='BS.....!2.~..Jo..'
[2026-06-10 22:23:15] channel BS frame #2230: body_len=13 head=91 f8 de 21 32 dc 7e a7 06 4a 6f be ba ascii='...!2.~..Jo..'
[2026-06-10 22:23:15] channel recv len=17 entropy=3.85 bs_len=17 u16le=21314 u32le=1135426 ascii='BS...<...1.<,$.d.'
[2026-06-10 22:23:15] channel BS frame #2231: body_len=13 head=8f 3c 19 1e 14 31 e8 3c 2c 24 05 64 1e ascii='.<...1.<,$.d.'
[2026-06-10 22:23:16] channel recv len=17 entropy=4.09 bs_len=17 u16le=21314 u32le=1135426 ascii='BS....G`..uDH..%.'
[2026-06-10 22:23:16] channel BS frame #2232: body_len=13 head=08 84 47 60 9d b6 75 44 48 0b 95 25 85 ascii='..G`..uDH..%.'
[2026-06-10 22:23:16] channel recv len=17 entropy=4.09 bs_len=17 u16le=21314 u32le=1135426 ascii='BS...c?0V.o.Y..@.'
[2026-06-10 22:23:16] channel BS frame #2233: body_len=13 head=c8 63 3f 30 56 19 6f 99 59 c4 07 40 e5 ascii='.c?0V.o.Y..@.'
[2026-06-10 22:23:16] channel recv len=17 entropy=3.97 bs_len=17 u16le=21314 u32le=1135426 ascii='BS...............'
[2026-06-10 22:23:16] channel BS frame #2234: body_len=13 head=ca 0a fc 8d f2 bd fc eb 0f 14 08 a9 aa ascii='.............'
[2026-06-10 22:23:16] channel recv len=17 entropy=4.09 bs_len=17 u16le=21314 u32le=1135426 ascii='BS......r..pE....'
[2026-06-10 22:23:16] channel BS frame #2235: body_len=13 head=96 0b e8 bf 72 ea 1e 70 45 c4 89 9a e2 ascii='....r..pE....'
[2026-06-10 22:23:16] channel recv len=17 entropy=3.85 bs_len=17 u16le=21314 u32le=1135426 ascii='BS....J^....pMa-a'
[2026-06-10 22:23:16] channel BS frame #2236: body_len=13 head=e9 d6 4a 5e e3 f0 02 d6 70 4d 61 2d 61 ascii='..J^....pMa-a'
[2026-06-10 22:23:16] channel recv len=17 entropy=3.97 bs_len=17 u16le=21314 u32le=1135426 ascii='BS...W.pu.)...B..'
[2026-06-10 22:23:16] channel BS frame #2237: body_len=13 head=09 57 bb 70 75 c2 29 a5 a9 1e 42 bd e3 ascii='.W.pu.)...B..'
[2026-06-10 22:23:16] channel recv len=32 entropy=3.91 bs_len=6 u16le=21314 u32le=414530 ascii='BS..U0BS..H.*.z.#N,BS.....Sz.#N,'
[2026-06-10 22:23:16] channel BS frame #2238: body_len=2 head=55 30 ascii='U0'
[2026-06-10 22:23:16] channel BS frame #2239: body_len=9 head=48 c4 2a bc 7a f6 23 4e 2c ascii='H.*.z.#N,'
[2026-06-10 22:23:16] channel BS frame #2240: body_len=9 head=81 bc 00 53 7a f6 23 4e 2c ascii='...Sz.#N,'
[2026-06-10 22:23:16] channel recv len=17 entropy=4.09 bs_len=17 u16le=21314 u32le=1135426 ascii='BS.....IY........'
[2026-06-10 22:23:16] channel BS frame #2241: body_len=13 head=91 f8 de 49 59 be fe 88 d6 b8 9f d8 9b ascii='...IY........'
[2026-06-10 22:23:16] channel recv len=17 entropy=4.09 bs_len=17 u16le=21314 u32le=1135426 ascii='BS.....,@p...)EvR'
[2026-06-10 22:23:16] channel BS frame #2242: body_len=13 head=7f 93 ad 2c 40 70 8d 83 f5 29 45 76 52 ascii='...,@p...)EvR'
[2026-06-10 22:23:17] channel recv len=6 entropy=2.58 bs_len=6 u16le=21314 u32le=414530 ascii='BS....'
[2026-06-10 22:23:17] channel BS frame #2243: body_len=2 head=cb 7f ascii='..'
[2026-06-10 22:23:17] channel recv len=17 entropy=4.09 bs_len=17 u16le=21314 u32le=1135426 ascii='BS...O.4.k...>...'
[2026-06-10 22:23:17] channel BS frame #2244: body_len=13 head=a0 4f fd 34 d1 6b 07 15 c4 3e b1 86 ba ascii='.O.4.k...>...'
[2026-06-10 22:23:17] channel recv len=17 entropy=3.97 bs_len=17 u16le=21314 u32le=1135426 ascii='BS..[...Y...0..4a'
[2026-06-10 22:23:17] channel BS frame #2245: body_len=13 head=5b ee b3 9b 59 cc ee 83 30 ff 17 34 61 ascii='[...Y...0..4a'
[2026-06-10 22:23:17] channel recv len=5 entropy=2.32 bs_len=5 u16le=21314 u32le=348994 ascii='BS...'
[2026-06-10 22:23:17] channel BS frame #2246: body_len=1 head=cb ascii='.'
[2026-06-10 22:23:17] channel replay observed client frame #2246; server frames sent=914
[2026-06-10 22:23:17] channel recv len=17 entropy=4.09 bs_len=17 u16le=21314 u32le=1135426 ascii='BS..".x......0M..'
[2026-06-10 22:23:17] channel BS frame #2247: body_len=13 head=22 83 78 c1 9a 97 e6 0f 82 30 4d dc dd ascii='".x......0M..'
[2026-06-10 22:23:17] channel recv len=17 entropy=4.09 bs_len=17 u16le=21314 u32le=1135426 ascii='BS..../.......T].'
[2026-06-10 22:23:17] channel BS frame #2248: body_len=13 head=14 a2 2f e8 ff da a4 84 15 eb 54 5d 8c ascii='../.......T].'
[2026-06-10 22:23:17] channel recv len=19 entropy=4.04 bs_len=19 u16le=21314 u32le=1266498 ascii="BS..B\\.bDG....'S#.."
[2026-06-10 22:23:17] channel BS frame #2249: body_len=15 head=42 5c 89 62 44 47 e9 81 f2 1c 27 53 23 80 91 ascii="B\\.bDG....'S#.."
[2026-06-10 22:23:17] channel recv len=17 entropy=3.97 bs_len=17 u16le=21314 u32le=1135426 ascii='BS......=k.=...Q7'
[2026-06-10 22:23:17] channel BS frame #2250: body_len=13 head=e2 df 95 16 3d 6b 8b 3d f5 bc 88 51 37 ascii='....=k.=...Q7'
[2026-06-10 22:23:17] channel recv len=6 entropy=2.58 bs_len=6 u16le=21314 u32le=414530 ascii='BS...~'
[2026-06-10 22:23:17] channel BS frame #2251: body_len=2 head=83 7e ascii='.~'
[2026-06-10 22:23:17] channel recv len=19 entropy=4.14 bs_len=19 u16le=21314 u32le=1266498 ascii='BS....|.......}....'
[2026-06-10 22:23:17] channel BS frame #2252: body_len=15 head=1b 95 7c a2 0f 04 a0 0e c6 cb 7d b0 91 91 14 ascii='..|.......}....'
[2026-06-10 22:23:17] channel recv len=17 entropy=4.09 bs_len=17 u16le=21314 u32le=1135426 ascii='BS.......r..b.C..'
[2026-06-10 22:23:17] channel BS frame #2253: body_len=13 head=fd ef ca b5 93 72 af f4 62 1e 43 13 ff ascii='.....r..b.C..'
[2026-06-10 22:23:17] channel recv len=17 entropy=4.09 bs_len=17 u16le=21314 u32le=1135426 ascii='BS...2.RH......).'
[2026-06-10 22:23:17] channel BS frame #2254: body_len=13 head=19 32 a7 52 48 07 ed ba 9e d0 f3 29 0b ascii='.2.RH......).'
[2026-06-10 22:23:18] channel recv len=17 entropy=3.97 bs_len=17 u16le=21314 u32le=1135426 ascii='BS..HY..).H.r....'
[2026-06-10 22:23:18] channel BS frame #2255: body_len=13 head=48 59 cc f9 29 e4 48 da 72 bd 84 f1 a3 ascii='HY..).H.r....'
[2026-06-10 22:23:18] channel recv len=17 entropy=4.09 bs_len=17 u16le=21314 u32le=1135426 ascii='BS....nK......d..'
[2026-06-10 22:23:18] channel BS frame #2256: body_len=13 head=80 f3 6e 4b f6 fb b9 c7 1f c0 64 c2 f0 ascii='..nK......d..'
[2026-06-10 22:23:18] channel recv len=17 entropy=3.85 bs_len=17 u16le=21314 u32le=1135426 ascii='BS..bf>H..H&....z'
[2026-06-10 22:23:18] channel BS frame #2257: body_len=13 head=62 66 3e 48 97 dc 48 26 11 04 f9 e1 7a ascii='bf>H..H&....z'
[2026-06-10 22:23:18] channel recv len=17 entropy=4.09 bs_len=17 u16le=21314 u32le=1135426 ascii='BS..G=.r.....e"..'
[2026-06-10 22:23:18] channel BS frame #2258: body_len=13 head=47 3d 9d 72 c6 92 f3 cd d9 65 22 04 8b ascii='G=.r.....e"..'
[2026-06-10 22:23:18] channel recv len=15 entropy=3.91 bs_len=15 u16le=21314 u32le=1004354 ascii='BS.......&.a.l.'
[2026-06-10 22:23:18] channel BS frame #2259: body_len=11 head=ea f8 db 96 fe 26 c4 61 10 6c c0 ascii='.....&.a.l.'
[2026-06-10 22:23:18] channel recv len=19 entropy=4.25 bs_len=19 u16le=21314 u32le=1266498 ascii='BS...../L.....t._.y'
[2026-06-10 22:23:18] channel BS frame #2260: body_len=15 head=16 8a b3 2f 4c 94 87 fc cc 8c 74 f6 5f 09 79 ascii='.../L.....t._.y'
[2026-06-10 22:23:18] channel recv len=19 entropy=4.14 bs_len=19 u16le=21314 u32le=1266498 ascii='BS..nkE!ju.!..t....'
[2026-06-10 22:23:18] channel BS frame #2261: body_len=15 head=6e 6b 45 21 6a 75 a9 21 cb fb 74 de a5 b9 9a ascii='nkE!ju.!..t....'
[2026-06-10 22:23:18] channel recv len=17 entropy=4.09 bs_len=17 u16le=21314 u32le=1135426 ascii="BS...'...C.}+...."
[2026-06-10 22:23:18] channel BS frame #2262: body_len=13 head=c3 27 9f a2 12 43 9a 7d 2b ea a6 1a 96 ascii=".'...C.}+...."
[2026-06-10 22:23:18] channel recv len=5 entropy=2.32 bs_len=5 u16le=21314 u32le=348994 ascii='BS..Q'
[2026-06-10 22:23:18] channel BS frame #2263: body_len=1 head=51 ascii='Q'
[2026-06-10 22:23:18] channel recv len=17 entropy=4.09 bs_len=17 u16le=21314 u32le=1135426 ascii='BS....u...!..^R3.'
[2026-06-10 22:23:18] channel BS frame #2264: body_len=13 head=0f e8 75 04 c4 8a 21 af 8f 5e 52 33 ad ascii='..u...!..^R3.'
[2026-06-10 22:23:18] channel recv len=17 entropy=3.97 bs_len=17 u16le=21314 u32le=1135426 ascii='BS......./BF..M..'
[2026-06-10 22:23:18] channel BS frame #2265: body_len=13 head=cd 7f 89 80 f1 2f 42 46 8f 1b 4d aa f8 ascii='...../BF..M..'
[2026-06-10 22:23:19] channel recv len=11 entropy=3.28 bs_len=11 u16le=21314 u32le=742210 ascii='BS.........'
[2026-06-10 22:23:19] channel BS frame #2266: body_len=7 head=a7 a7 bf 05 ad e9 9f ascii='.......'
[2026-06-10 22:23:19] channel recv len=30 entropy=4.71 bs_len=30 u16le=21314 u32le=1987394 ascii='BS..1....L.9u.....].#.L?.W...d'
[2026-06-10 22:23:19] channel BS frame #2267: body_len=26 head=31 a1 b7 06 b4 4c b4 39 75 15 89 b3 a1 d2 5d 9e 23 d0 4c 3f ad 57 94 c5 14 64 ascii='1....L.9u.....].#.L?.W...d'
[2026-06-10 22:23:19] channel recv len=11 entropy=3.46 bs_len=11 u16le=21314 u32le=742210 ascii='BS..CJ..p.O'
[2026-06-10 22:23:19] channel BS frame #2268: body_len=7 head=43 4a ee c2 70 d9 4f ascii='CJ..p.O'
[2026-06-10 22:23:19] channel recv len=11 entropy=3.46 bs_len=11 u16le=21314 u32le=742210 ascii='BS........d'
[2026-06-10 22:23:19] channel BS frame #2269: body_len=7 head=cd d0 bf d4 eb 09 64 ascii='......d'
[2026-06-10 22:23:19] channel recv len=11 entropy=3.46 bs_len=11 u16le=21314 u32le=742210 ascii='BS...k...}A'
[2026-06-10 22:23:19] channel BS frame #2270: body_len=7 head=cd 6b e2 10 9e 7d 41 ascii='.k...}A'
[2026-06-10 22:23:19] channel recv len=11 entropy=3.46 bs_len=11 u16le=21314 u32le=742210 ascii='BS.. ......'
[2026-06-10 22:23:19] channel BS frame #2271: body_len=7 head=20 de d7 af 83 e0 89 ascii=' ......'
[2026-06-10 22:23:19] channel recv len=11 entropy=3.46 bs_len=11 u16le=21314 u32le=742210 ascii='BS....h....'
[2026-06-10 22:23:19] channel BS frame #2272: body_len=7 head=1a 0e 68 ec a1 b6 f5 ascii='..h....'
[2026-06-10 22:23:19] channel recv len=13 entropy=3.70 bs_len=13 u16le=21314 u32le=873282 ascii='BS.....!...x.'
[2026-06-10 22:23:19] channel BS frame #2273: body_len=9 head=82 86 85 21 1f 94 0a 78 db ascii='...!...x.'
[2026-06-10 22:23:20] channel recv len=19 entropy=4.25 bs_len=19 u16le=21314 u32le=1266498 ascii='BS..5.|\\&..d.......'
[2026-06-10 22:23:20] channel BS frame #2274: body_len=15 head=35 d2 7c 5c 26 1f 83 64 a3 dd de e8 cb 9a f5 ascii='5.|\\&..d.......'
[2026-06-10 22:23:20] channel recv len=17 entropy=4.09 bs_len=17 u16le=21314 u32le=1135426 ascii='BS..o4.P$j7......'
[2026-06-10 22:23:20] channel BS frame #2275: body_len=13 head=6f 34 db 50 24 6a 37 e1 ae 15 f4 e0 bc ascii='o4.P$j7......'
[2026-06-10 22:23:20] channel recv len=5 entropy=2.32 bs_len=5 u16le=21314 u32le=348994 ascii='BS...'
[2026-06-10 22:23:20] channel BS frame #2276: body_len=1 head=a0 ascii='.'
[2026-06-10 22:23:20] channel replay observed client frame #2276; server frames sent=918
[2026-06-10 22:23:20] channel recv len=17 entropy=4.09 bs_len=17 u16le=21314 u32le=1135426 ascii='BS..\\H..%7....2h.'
[2026-06-10 22:23:20] channel BS frame #2277: body_len=13 head=5c 48 ac b4 25 37 c2 1e c5 96 32 68 a2 ascii='\\H..%7....2h.'
[2026-06-10 22:23:20] channel recv len=19 entropy=4.25 bs_len=19 u16le=21314 u32le=1266498 ascii='BS..E.L..A.."i5...~'
[2026-06-10 22:23:20] channel BS frame #2278: body_len=15 head=45 1e 4c fd 0f 41 b3 9a 22 69 35 0c 93 a3 7e ascii='E.L..A.."i5...~'
[2026-06-10 22:23:20] channel recv len=17 entropy=3.85 bs_len=17 u16le=21314 u32le=1135426 ascii='BS...?Qrd..AA....'
[2026-06-10 22:23:20] channel BS frame #2279: body_len=13 head=b4 3f 51 72 64 1f 8a 41 41 11 01 81 8e ascii='.?Qrd..AA....'
[2026-06-10 22:23:20] channel recv len=17 entropy=4.09 bs_len=17 u16le=21314 u32le=1135426 ascii="BS..8.....Q...')."
[2026-06-10 22:23:20] channel BS frame #2280: body_len=13 head=38 be e8 9c fb f8 51 e0 e3 b0 27 29 bc ascii="8.....Q...')."
[2026-06-10 22:23:20] channel recv len=17 entropy=4.09 bs_len=17 u16le=21314 u32le=1135426 ascii='BS....9...P.#li.J'
[2026-06-10 22:23:20] channel BS frame #2281: body_len=13 head=1f fb 39 d9 a7 f3 50 e8 23 6c 69 c0 4a ascii='..9...P.#li.J'
[2026-06-10 22:23:20] channel recv len=13 entropy=3.70 bs_len=13 u16le=21314 u32le=873282 ascii='BS.....].A..+'
[2026-06-10 22:23:20] channel BS frame #2282: body_len=9 head=f0 f9 13 5d 1d 41 15 e7 2b ascii='...].A..+'
[2026-06-10 22:23:20] channel recv len=13 entropy=3.70 bs_len=13 u16le=21314 u32le=873282 ascii='BS..].......u'
[2026-06-10 22:23:20] channel BS frame #2283: body_len=9 head=5d b6 ba c8 85 88 cc ef 75 ascii='].......u'
[2026-06-10 22:23:21] channel recv len=17 entropy=4.09 bs_len=17 u16le=21314 u32le=1135426 ascii="BS..M..K.'...9..."
[2026-06-10 22:23:21] channel BS frame #2284: body_len=13 head=4d df f4 4b 9d 27 be c5 b3 39 94 c9 02 ascii="M..K.'...9..."
[2026-06-10 22:23:21] channel recv len=17 entropy=4.09 bs_len=17 u16le=21314 u32le=1135426 ascii='BS..;.x|...?.Ph..'
[2026-06-10 22:23:21] channel BS frame #2285: body_len=13 head=3b ff 78 7c c2 92 f7 3f ba 50 68 13 f1 ascii=';.x|...?.Ph..'
[2026-06-10 22:23:21] channel recv len=17 entropy=4.09 bs_len=17 u16le=21314 u32le=1135426 ascii='BS..K.mVD._.<...h'
[2026-06-10 22:23:21] channel BS frame #2286: body_len=13 head=4b 09 6d 56 44 bb 5f 9b 3c 99 e1 03 68 ascii='K.mVD._.<...h'
[2026-06-10 22:23:21] channel recv len=17 entropy=4.09 bs_len=17 u16le=21314 u32le=1135426 ascii='BS......3..x.%.C.'
[2026-06-10 22:23:21] channel BS frame #2287: body_len=13 head=99 04 ba 81 33 c5 e0 78 bf 25 e1 43 fc ascii='....3..x.%.C.'
[2026-06-10 22:23:21] channel recv len=19 entropy=4.25 bs_len=19 u16le=21314 u32le=1266498 ascii='BS..J...!.>.v...G..'
[2026-06-10 22:23:21] channel BS frame #2288: body_len=15 head=4a f6 d1 ab 21 91 3e 8a 76 b0 a1 c5 47 ef 90 ascii='J...!.>.v...G..'
[2026-06-10 22:23:21] channel recv len=17 entropy=4.09 bs_len=17 u16le=21314 u32le=1135426 ascii='BS...I...........'
[2026-06-10 22:23:21] channel BS frame #2289: body_len=13 head=be 49 07 15 f7 ce d1 1a a7 c2 8f 05 82 ascii='.I...........'
[2026-06-10 22:23:21] channel recv len=17 entropy=3.97 bs_len=17 u16le=21314 u32le=1135426 ascii='BS..~...c..l.-..O'
[2026-06-10 22:23:21] channel BS frame #2290: body_len=13 head=7e f7 e1 9e 63 eb b9 6c b5 2d b9 0f 4f ascii='~...c..l.-..O'
[2026-06-10 22:23:21] channel recv len=17 entropy=4.09 bs_len=17 u16le=21314 u32le=1135426 ascii='BS..gI`1...q....)'
[2026-06-10 22:23:21] channel BS frame #2291: body_len=13 head=67 49 60 31 e5 db 85 71 a3 c3 ec e7 29 ascii='gI`1...q....)'
[2026-06-10 22:23:22] channel recv len=13 entropy=3.70 bs_len=13 u16le=21314 u32le=873282 ascii='BS....9.."..j'
[2026-06-10 22:23:22] channel BS frame #2292: body_len=9 head=1b e9 39 e3 7f 22 07 ea 6a ascii='..9.."..j'
[2026-06-10 22:23:22] channel recv len=13 entropy=3.70 bs_len=13 u16le=21314 u32le=873282 ascii='BS....+l...-.'
[2026-06-10 22:23:22] channel BS frame #2293: body_len=9 head=b1 8f 2b 6c 16 8d f3 2d fc ascii='..+l...-.'
[2026-06-10 22:23:22] channel recv len=17 entropy=4.09 bs_len=17 u16le=21314 u32le=1135426 ascii='BS...0.....:.(Ft.'
[2026-06-10 22:23:22] channel BS frame #2294: body_len=13 head=db 30 b9 e6 ab 1c 09 3a b4 28 46 74 85 ascii='.0.....:.(Ft.'
[2026-06-10 22:23:22] channel recv len=17 entropy=4.09 bs_len=17 u16le=21314 u32le=1135426 ascii='BS.......@j.}J.E&'
[2026-06-10 22:23:22] channel BS frame #2295: body_len=13 head=e8 07 ee 08 aa 40 6a 06 7d 4a d3 45 26 ascii='.....@j.}J.E&'
[2026-06-10 22:23:22] channel recv len=17 entropy=4.09 bs_len=17 u16le=21314 u32le=1135426 ascii='BS..x.;l~....`e&y'
[2026-06-10 22:23:22] channel BS frame #2296: body_len=13 head=78 02 3b 6c 7e 9b 1d 8f 8e 60 65 26 79 ascii='x.;l~....`e&y'
[2026-06-10 22:23:22] channel recv len=17 entropy=4.09 bs_len=17 u16le=21314 u32le=1135426 ascii='BS......>|.Jl.4..'
[2026-06-10 22:23:22] channel BS frame #2297: body_len=13 head=8f cf 0a ae 3e 7c c2 4a 6c 17 34 d7 da ascii='....>|.Jl.4..'
[2026-06-10 22:23:22] channel recv len=6 entropy=2.58 bs_len=6 u16le=21314 u32le=414530 ascii='BS....'
[2026-06-10 22:23:22] channel BS frame #2298: body_len=2 head=db d1 ascii='..'
[2026-06-10 22:23:22] channel recv len=19 entropy=4.25 bs_len=19 u16le=21314 u32le=1266498 ascii='BS..5.|...r./..u...'
[2026-06-10 22:23:22] channel BS frame #2299: body_len=15 head=35 cc 7c f8 b7 d8 72 fa 2f d0 be 75 18 91 ba ascii='5.|...r./..u...'
[2026-06-10 22:23:22] channel recv len=17 entropy=4.09 bs_len=17 u16le=21314 u32le=1135426 ascii='BS..~..)f...w.J#.'
[2026-06-10 22:23:22] channel BS frame #2300: body_len=13 head=7e d6 8c 29 66 02 85 82 77 96 4a 23 ee ascii='~..)f...w.J#.'
[2026-06-10 22:23:23] channel recv len=13 entropy=3.70 bs_len=13 u16le=21314 u32le=873282 ascii='BS.....w.....'
[2026-06-10 22:23:23] channel BS frame #2301: body_len=9 head=c6 df 18 77 17 1d f6 e7 80 ascii='...w.....'
[2026-06-10 22:23:23] channel recv len=5 entropy=2.32 bs_len=5 u16le=21314 u32le=348994 ascii='BS...'
[2026-06-10 22:23:23] channel BS frame #2302: body_len=1 head=82 ascii='.'
[2026-06-10 22:23:23] channel replay observed client frame #2302; server frames sent=926
[2026-06-10 22:23:23] channel recv len=17 entropy=3.97 bs_len=17 u16le=21314 u32le=1135426 ascii='BS...d.W..q.A.d..'
[2026-06-10 22:23:23] channel BS frame #2303: body_len=13 head=cc 64 ae 57 1d b8 71 c2 41 0d 64 fa 89 ascii='.d.W..q.A.d..'
[2026-06-10 22:23:23] channel recv len=17 entropy=4.09 bs_len=17 u16le=21314 u32le=1135426 ascii="BS....Q......'k.."
[2026-06-10 22:23:23] channel BS frame #2304: body_len=13 head=cf db 51 97 ed 81 85 c3 18 27 6b 1b f4 ascii="..Q......'k.."
[2026-06-10 22:23:23] channel recv len=17 entropy=4.09 bs_len=17 u16le=21314 u32le=1135426 ascii='BS....K.........s'
[2026-06-10 22:23:23] channel BS frame #2305: body_len=13 head=1b 01 4b b4 9f f6 d7 2e 1d 08 b8 ef 73 ascii='..K.........s'
[2026-06-10 22:23:23] channel recv len=17 entropy=4.09 bs_len=17 u16le=21314 u32le=1135426 ascii='BS......A.Eo./.3.'
[2026-06-10 22:23:23] channel BS frame #2306: body_len=13 head=9b b3 03 d9 41 b5 45 6f e3 2f ae 33 a4 ascii='....A.Eo./.3.'
[2026-06-10 22:23:23] channel recv len=6 entropy=2.25 bs_len=6 u16le=21314 u32le=414530 ascii='BS..._'
[2026-06-10 22:23:23] channel BS frame #2307: body_len=2 head=00 5f ascii='._'
[2026-06-10 22:23:23] channel recv len=17 entropy=3.97 bs_len=17 u16le=21314 u32le=1135426 ascii='BS......t.\\...g..'
[2026-06-10 22:23:23] channel BS frame #2308: body_len=13 head=85 ad f4 0e 74 0a 5c 02 00 cb 67 96 1b ascii='....t.\\...g..'
[2026-06-10 22:23:23] channel recv len=13 entropy=3.55 bs_len=13 u16le=21314 u32le=873282 ascii='BS..B....d.<.'
[2026-06-10 22:23:23] channel BS frame #2309: body_len=9 head=42 d7 97 1c af 64 81 3c 95 ascii='B....d.<.'
[2026-06-10 22:23:23] channel recv len=13 entropy=3.70 bs_len=13 u16le=21314 u32le=873282 ascii='BS...ZD/.N..7'
[2026-06-10 22:23:23] channel BS frame #2310: body_len=9 head=0f 5a 44 2f a8 4e 9a a3 37 ascii='.ZD/.N..7'
[2026-06-10 22:23:24] channel recv len=17 entropy=3.97 bs_len=17 u16le=21314 u32le=1135426 ascii='BS......_r_.kyf-.'
[2026-06-10 22:23:24] channel BS frame #2311: body_len=13 head=b5 b0 91 9b 5f 72 5f 16 6b 79 66 2d 96 ascii='...._r_.kyf-.'
[2026-06-10 22:23:24] channel recv len=6 entropy=2.58 bs_len=6 u16le=21314 u32le=414530 ascii='BS....'
[2026-06-10 22:23:24] channel BS frame #2312: body_len=2 head=07 87 ascii='..'
[2026-06-10 22:23:24] channel recv len=17 entropy=4.09 bs_len=17 u16le=21314 u32le=1135426 ascii='BS......_}.m.-...'
[2026-06-10 22:23:24] channel BS frame #2313: body_len=13 head=b3 cc fa ec 5f 7d ce 6d b9 2d b7 9d eb ascii='...._}.m.-...'
[2026-06-10 22:23:24] channel recv len=13 entropy=3.55 bs_len=13 u16le=21314 u32le=873282 ascii='BS....l..")).'
[2026-06-10 22:23:24] channel BS frame #2314: body_len=9 head=c7 03 6c 10 84 22 29 29 d1 ascii='..l..")).'
[2026-06-10 22:23:24] channel recv len=13 entropy=3.55 bs_len=13 u16le=21314 u32le=873282 ascii='BS.......#...'
[2026-06-10 22:23:24] channel BS frame #2315: body_len=9 head=c5 ec 87 c3 84 23 bf ba 84 ascii='.....#...'
[2026-06-10 22:23:24] channel recv len=13 entropy=3.55 bs_len=13 u16le=21314 u32le=873282 ascii='BS..@3......T'
[2026-06-10 22:23:24] channel BS frame #2316: body_len=9 head=40 33 c8 c2 12 12 2e 98 54 ascii='@3......T'
[2026-06-10 22:23:24] channel recv len=13 entropy=3.70 bs_len=13 u16le=21314 u32le=873282 ascii='BS..........-'
[2026-06-10 22:23:24] channel BS frame #2317: body_len=9 head=a2 eb f5 c5 b1 86 dc 99 2d ascii='........-'
[2026-06-10 22:23:24] channel recv len=13 entropy=3.70 bs_len=13 u16le=21314 u32le=873282 ascii='BS.....[..f-.'
[2026-06-10 22:23:24] channel BS frame #2318: body_len=9 head=c8 17 d7 5b b1 85 66 2d d3 ascii='...[..f-.'
[2026-06-10 22:23:24] channel recv len=17 entropy=4.09 bs_len=17 u16le=21314 u32le=1135426 ascii='BS..Gw.vF.....i..'
[2026-06-10 22:23:24] channel BS frame #2319: body_len=13 head=47 77 05 76 46 ba 19 c9 87 e3 69 bb 97 ascii='Gw.vF.....i..'
[2026-06-10 22:23:24] channel recv len=5 entropy=2.32 bs_len=5 u16le=21314 u32le=348994 ascii='BS..]'
[2026-06-10 22:23:24] channel BS frame #2320: body_len=1 head=5d ascii=']'
[2026-06-10 22:23:25] channel recv len=17 entropy=4.09 bs_len=17 u16le=21314 u32le=1135426 ascii='BS..".....$.e.j..'
[2026-06-10 22:23:25] channel BS frame #2321: body_len=13 head=22 cc 10 b4 b3 b1 24 9c 65 ae 6a ea 90 ascii='".....$.e.j..'
[2026-06-10 22:23:25] channel recv len=17 entropy=3.85 bs_len=17 u16le=21314 u32le=1135426 ascii='BS....$..D`......'
[2026-06-10 22:23:25] channel BS frame #2322: body_len=13 head=d1 00 24 d9 97 44 60 d4 03 f4 03 f1 06 ascii='..$..D`......'
[2026-06-10 22:23:25] channel recv len=17 entropy=4.09 bs_len=17 u16le=21314 u32le=1135426 ascii='BS....p#......}..'
[2026-06-10 22:23:25] channel BS frame #2323: body_len=13 head=9b 09 70 23 ea 94 a3 e0 0b df 7d f9 bb ascii='..p#......}..'
[2026-06-10 22:23:25] channel recv len=17 entropy=4.09 bs_len=17 u16le=21314 u32le=1135426 ascii='BS...........F.M]'
[2026-06-10 22:23:25] channel BS frame #2324: body_len=13 head=a7 d9 ff f4 c4 ee c5 f1 cf 46 dc 4d 5d ascii='.........F.M]'
[2026-06-10 22:23:25] channel recv len=17 entropy=4.09 bs_len=17 u16le=21314 u32le=1135426 ascii='BS.........Us...a'
[2026-06-10 22:23:25] channel BS frame #2325: body_len=13 head=d1 92 8c 97 c6 f3 98 55 73 94 ff 17 61 ascii='.......Us...a'
[2026-06-10 22:23:25] channel recv len=17 entropy=3.97 bs_len=17 u16le=21314 u32le=1135426 ascii='BS.......hN..:qpA'
[2026-06-10 22:23:25] channel BS frame #2326: body_len=13 head=95 fc 7f 8d 90 68 4e fc 8b 3a 71 70 41 ascii='.....hN..:qpA'
[2026-06-10 22:23:25] channel recv len=17 entropy=4.09 bs_len=17 u16le=21314 u32le=1135426 ascii='BS...E-Iz..3...Of'
[2026-06-10 22:23:25] channel BS frame #2327: body_len=13 head=03 45 2d 49 7a ca 8a 33 d8 ba 07 4f 66 ascii='.E-Iz..3...Of'
[2026-06-10 22:23:25] channel recv len=19 entropy=4.14 bs_len=19 u16le=21314 u32le=1266498 ascii="BS..j'...2D..c/...c"
[2026-06-10 22:23:25] channel BS frame #2328: body_len=15 head=6a 27 c4 11 04 32 44 07 a3 63 2f 0f a7 f2 63 ascii="j'...2D..c/...c"
[2026-06-10 22:23:25] channel recv len=30 entropy=4.84 bs_len=30 u16le=21314 u32le=1987394 ascii='BS.. ...A.....y.s.O......9....'
[2026-06-10 22:23:25] channel BS frame #2329: body_len=26 head=20 cc 86 8e 41 19 c3 a0 ad dd 79 0f 73 e1 4f 15 0b bf 0a 8c 81 39 8b 8e d8 c6 ascii=' ...A.....y.s.O......9....'
[2026-06-10 22:23:26] channel recv len=19 entropy=4.25 bs_len=19 u16le=21314 u32le=1266498 ascii='BS...V..........\\ .'
[2026-06-10 22:23:26] channel BS frame #2330: body_len=15 head=82 56 9c 95 90 ab d8 03 a8 dd be cd 5c 20 dc ascii='.V..........\\ .'
[2026-06-10 22:23:26] channel recv len=17 entropy=4.09 bs_len=17 u16le=21314 u32le=1135426 ascii="BS..c......[...L'"
[2026-06-10 22:23:26] channel BS frame #2331: body_len=13 head=63 fe 90 0c ae df b7 5b 98 e4 05 4c 27 ascii="c......[...L'"
[2026-06-10 22:23:26] channel recv len=5 entropy=2.32 bs_len=5 u16le=21314 u32le=348994 ascii='BS...'
[2026-06-10 22:23:26] channel BS frame #2332: body_len=1 head=d7 ascii='.'
[2026-06-10 22:23:26] channel replay observed client frame #2332; server frames sent=936
[2026-06-10 22:23:26] channel recv len=17 entropy=4.09 bs_len=17 u16le=21314 u32le=1135426 ascii='BS.....AM....R.m.'
[2026-06-10 22:23:26] channel BS frame #2333: body_len=13 head=b0 05 ff 41 4d b2 f9 9e 83 52 ba 6d 89 ascii='...AM....R.m.'
[2026-06-10 22:23:26] channel recv len=15 entropy=3.77 bs_len=15 u16le=21314 u32le=1004354 ascii='BS..o...,......'
[2026-06-10 22:23:26] channel BS frame #2334: body_len=11 head=6f 9d 94 06 2c 02 08 95 1e 00 bf ascii='o...,......'
[2026-06-10 22:23:26] channel recv len=17 entropy=3.97 bs_len=17 u16le=21314 u32le=1135426 ascii='BS...7p_..@h.p.>.'
[2026-06-10 22:23:26] channel BS frame #2335: body_len=13 head=eb 37 70 5f 8f 02 40 68 c9 70 8c 3e fe ascii='.7p_..@h.p.>.'
[2026-06-10 22:23:26] channel recv len=17 entropy=3.85 bs_len=17 u16le=21314 u32le=1135426 ascii='BS..tT7..r.......'
[2026-06-10 22:23:26] channel BS frame #2336: body_len=13 head=74 54 37 97 fd 72 b1 ac 0f 11 fd db 01 ascii='tT7..r.......'
[2026-06-10 22:23:26] channel recv len=19 entropy=4.25 bs_len=19 u16le=21314 u32le=1266498 ascii='BS.....{.7.....9<..'
[2026-06-10 22:23:26] channel BS frame #2337: body_len=15 head=f5 b7 9e 7b dc 37 db 1a 96 dd a8 39 3c bb 1c ascii='...{.7.....9<..'
[2026-06-10 22:23:26] channel recv len=6 entropy=2.58 bs_len=6 u16le=21314 u32le=414530 ascii='BS....'
[2026-06-10 22:23:26] channel BS frame #2338: body_len=2 head=89 d1 ascii='..'
[2026-06-10 22:23:26] channel recv len=17 entropy=4.09 bs_len=17 u16le=21314 u32le=1135426 ascii='BS.....d3%1...P.='
[2026-06-10 22:23:26] channel BS frame #2339: body_len=13 head=de b2 f4 64 33 25 31 ad 2e a4 50 1d 3d ascii='...d3%1...P.='
[2026-06-10 22:23:26] channel recv len=17 entropy=3.85 bs_len=17 u16le=21314 u32le=1135426 ascii='BS....4..(.&.7..6'
[2026-06-10 22:23:26] channel BS frame #2340: body_len=13 head=89 92 34 e2 a2 28 be 26 19 37 19 11 36 ascii='..4..(.&.7..6'
[2026-06-10 22:23:26] channel recv len=32 entropy=3.98 bs_len=6 u16le=21314 u32le=414530 ascii='BS..l.BS..e.-.z.#N,BS.....Sz.#N,'
[2026-06-10 22:23:26] channel BS frame #2341: body_len=2 head=6c cc ascii='l.'
[2026-06-10 22:23:26] channel BS frame #2342: body_len=9 head=65 b1 2d cb 7a f6 23 4e 2c ascii='e.-.z.#N,'
[2026-06-10 22:23:26] channel BS frame #2343: body_len=9 head=81 bc 00 53 7a f6 23 4e 2c ascii='...Sz.#N,'
[2026-06-10 22:23:26] channel recv len=17 entropy=4.09 bs_len=17 u16le=21314 u32le=1135426 ascii='BS...........D...'
[2026-06-10 22:23:26] channel BS frame #2344: body_len=13 head=91 f8 de 13 ba 8e 1b 98 c4 44 a0 05 cd ascii='.........D...'
[2026-06-10 22:23:27] channel recv len=17 entropy=3.97 bs_len=17 u16le=21314 u32le=1135426 ascii='BS..E`..$7.S.=...'
[2026-06-10 22:23:27] channel BS frame #2345: body_len=13 head=45 60 9a 7f 24 37 8f 53 ae 3d de b6 f5 ascii='E`..$7.S.=...'
[2026-06-10 22:23:27] channel recv len=17 entropy=3.97 bs_len=17 u16le=21314 u32le=1135426 ascii='BS......G..m.Mr..'
[2026-06-10 22:23:27] channel BS frame #2346: body_len=13 head=b4 ca c8 cd 47 08 ac 6d c7 4d 72 f4 f4 ascii='....G..m.Mr..'
[2026-06-10 22:23:27] channel recv len=32 entropy=3.91 bs_len=6 u16le=21314 u32le=414530 ascii='BS..".BS..E.*.z.#N,BS.....Sz.#N,'
[2026-06-10 22:23:27] channel BS frame #2347: body_len=2 head=22 92 ascii='".'
[2026-06-10 22:23:27] channel BS frame #2348: body_len=9 head=45 99 2a bc 7a f6 23 4e 2c ascii='E.*.z.#N,'
[2026-06-10 22:23:27] channel BS frame #2349: body_len=9 head=81 bc 00 53 7a f6 23 4e 2c ascii='...Sz.#N,'
[2026-06-10 22:23:27] channel recv len=17 entropy=4.09 bs_len=17 u16le=21314 u32le=1135426 ascii='BS.....>....A...X'
[2026-06-10 22:23:27] channel BS frame #2350: body_len=13 head=91 f8 de 3e cf d6 dd 0c 41 8c 01 c5 58 ascii='...>....A...X'
[2026-06-10 22:23:27] channel recv len=17 entropy=4.09 bs_len=17 u16le=21314 u32le=1135426 ascii='BS......Qh.-.@.J|'
[2026-06-10 22:23:27] channel BS frame #2351: body_len=13 head=f1 06 2e a4 51 68 ea 2d e0 40 8e 4a 7c ascii='....Qh.-.@.J|'
[2026-06-10 22:23:27] channel recv len=17 entropy=4.09 bs_len=17 u16le=21314 u32le=1135426 ascii='BS..;..........p.'
[2026-06-10 22:23:27] channel BS frame #2352: body_len=13 head=3b 0f b8 af d9 b2 82 0e 1e c3 c5 70 14 ascii=';..........p.'
[2026-06-10 22:23:27] channel recv len=17 entropy=3.97 bs_len=17 u16le=21314 u32le=1135426 ascii='BS.....=QkP$(.^..'
[2026-06-10 22:23:27] channel BS frame #2353: body_len=13 head=8e eb 8e 3d 51 6b 50 24 28 f3 5e b6 c7 ascii='...=QkP$(.^..'
[2026-06-10 22:23:27] channel recv len=17 entropy=4.09 bs_len=17 u16le=21314 u32le=1135426 ascii='BS..........9....'
[2026-06-10 22:23:27] channel BS frame #2354: body_len=13 head=15 fa ac db 94 f5 eb c7 39 b3 18 16 c9 ascii='........9....'
[2026-06-10 22:23:27] channel recv len=17 entropy=4.09 bs_len=17 u16le=21314 u32le=1135426 ascii='BS...ht/.Fd...^..'
[2026-06-10 22:23:27] channel BS frame #2355: body_len=13 head=f5 68 74 2f ba 46 64 a4 1f ae 5e e3 fa ascii='.ht/.Fd...^..'
[2026-06-10 22:23:28] channel recv len=17 entropy=3.97 bs_len=17 u16le=21314 u32le=1135426 ascii='BS..UG...#..%.|.1'
[2026-06-10 22:23:28] channel BS frame #2356: body_len=13 head=55 47 d4 a0 bb 23 0f 0f 25 84 7c e7 31 ascii='UG...#..%.|.1'
[2026-06-10 22:23:28] channel recv len=17 entropy=4.09 bs_len=17 u16le=21314 u32le=1135426 ascii='BS....r..MN...%.J'
[2026-06-10 22:23:28] channel BS frame #2357: body_len=13 head=19 fb 72 fe ad 4d 4e db 93 05 25 f0 4a ascii='..r..MN...%.J'
[2026-06-10 22:23:28] channel recv len=17 entropy=3.85 bs_len=17 u16le=21314 u32le=1135426 ascii="BS..S~..~.......'"
[2026-06-10 22:23:28] channel BS frame #2358: body_len=13 head=53 7e 85 b9 7e b5 86 f8 81 f3 88 1c 27 ascii="S~..~.......'"
[2026-06-10 22:23:28] channel recv len=6 entropy=2.58 bs_len=6 u16le=21314 u32le=414530 ascii='BS..e.'
[2026-06-10 22:23:28] channel BS frame #2359: body_len=2 head=65 a9 ascii='e.'
[2026-06-10 22:23:28] channel recv len=17 entropy=3.97 bs_len=17 u16le=21314 u32le=1135426 ascii='BS.......@..8.L..'
[2026-06-10 22:23:28] channel BS frame #2360: body_len=13 head=11 ce fa 98 85 40 c6 a3 38 1e 4c 1f 8f ascii='.....@..8.L..'
[2026-06-10 22:23:28] channel recv len=13 entropy=3.70 bs_len=13 u16le=21314 u32le=873282 ascii='BS..Y...._o..'
[2026-06-10 22:23:28] channel BS frame #2361: body_len=9 head=59 97 c1 94 11 5f 6f 19 e9 ascii='Y...._o..'
[2026-06-10 22:23:28] channel recv len=19 entropy=4.25 bs_len=19 u16le=21314 u32le=1266498 ascii='BS.....}....UW..c..'
[2026-06-10 22:23:28] channel BS frame #2362: body_len=15 head=cc fb e0 7d f3 0f 9b 8a 55 57 ae 16 63 80 c2 ascii='...}....UW..c..'
[2026-06-10 22:23:28] channel recv len=19 entropy=4.25 bs_len=19 u16le=21314 u32le=1266498 ascii='BS...../.g.*E.\\....'
[2026-06-10 22:23:28] channel BS frame #2363: body_len=15 head=c6 af 17 2f 9f 67 bc 2a 45 8a 5c f9 d3 a7 80 ascii='.../.g.*E.\\....'
[2026-06-10 22:23:28] channel recv len=17 entropy=3.97 bs_len=17 u16le=21314 u32le=1135426 ascii='BS.....`.g.......'
[2026-06-10 22:23:28] channel BS frame #2364: body_len=13 head=f6 ee 1c 60 e8 67 2e 8f 0e b3 8f b7 9e ascii='...`.g.......'
[2026-06-10 22:23:28] channel recv len=19 entropy=4.25 bs_len=19 u16le=21314 u32le=1266498 ascii='BS..f........D4.R..'
[2026-06-10 22:23:28] channel BS frame #2365: body_len=15 head=66 02 ab a4 90 1d 0c 1c c8 44 34 b3 52 83 8a ascii='f........D4.R..'
[2026-06-10 22:23:29] channel recv len=17 entropy=3.97 bs_len=17 u16le=21314 u32le=1135426 ascii='BS............f..'
[2026-06-10 22:23:29] channel BS frame #2366: body_len=13 head=a0 c4 aa d2 c4 1b f9 96 c5 0c 66 fe 82 ascii='..........f..'
[2026-06-10 22:23:29] channel recv len=5 entropy=2.32 bs_len=5 u16le=21314 u32le=348994 ascii='BS...'
[2026-06-10 22:23:29] channel BS frame #2367: body_len=1 head=8d ascii='.'
[2026-06-10 22:23:29] channel recv len=17 entropy=4.09 bs_len=17 u16le=21314 u32le=1135426 ascii='BS.....( ]:......'
[2026-06-10 22:23:29] channel BS frame #2368: body_len=13 head=d2 ca c1 28 20 5d 3a a0 a8 fc 90 93 92 ascii='...( ]:......'
[2026-06-10 22:23:29] channel recv len=5 entropy=2.32 bs_len=5 u16le=21314 u32le=348994 ascii='BS...'
[2026-06-10 22:23:29] channel BS frame #2369: body_len=1 head=85 ascii='.'
[2026-06-10 22:23:29] channel replay observed client frame #2369; server frames sent=946
[2026-06-10 22:23:29] channel recv len=17 entropy=4.09 bs_len=17 u16le=21314 u32le=1135426 ascii='BS..L<oea.......]'
[2026-06-10 22:23:29] channel BS frame #2370: body_len=13 head=4c 3c 6f 65 61 f0 d7 b8 b9 dd eb a7 5d ascii='L<oea.......]'
[2026-06-10 22:23:29] channel recv len=19 entropy=4.14 bs_len=19 u16le=21314 u32le=1266498 ascii='BS...Z.#e......Z\\.v'
[2026-06-10 22:23:29] channel BS frame #2371: body_len=15 head=cc 5a a1 23 65 02 a3 e4 81 f0 9f 5a 5c f6 76 ascii='.Z.#e......Z\\.v'
[2026-06-10 22:23:29] channel recv len=17 entropy=4.09 bs_len=17 u16le=21314 u32le=1135426 ascii='BS..3n.jz.ROF.DV.'
[2026-06-10 22:23:29] channel BS frame #2372: body_len=13 head=33 6e b0 6a 7a 1d 52 4f 46 ad 44 56 d3 ascii='3n.jz.ROF.DV.'
[2026-06-10 22:23:29] channel recv len=30 entropy=4.84 bs_len=30 u16le=21314 u32le=1987394 ascii='BS.........0|..g........o..0..'
[2026-06-10 22:23:29] channel BS frame #2373: body_len=26 head=92 e1 b9 8e b8 ea 81 30 7c 89 87 67 e8 b3 b0 a3 c2 bf 19 1d 6f db f0 30 02 c9 ascii='.......0|..g........o..0..'
[2026-06-10 22:23:29] channel recv len=17 entropy=4.09 bs_len=17 u16le=21314 u32le=1135426 ascii='BS....|A.M.......'
[2026-06-10 22:23:29] channel BS frame #2374: body_len=13 head=0b ec 7c 41 1f 4d c9 c2 91 ab ad fc 7f ascii='..|A.M.......'
[2026-06-10 22:23:29] channel recv len=17 entropy=4.09 bs_len=17 u16le=21314 u32le=1135426 ascii='BS....%.....3....'
[2026-06-10 22:23:29] channel BS frame #2375: body_len=13 head=aa bf 25 8a a0 e3 f9 b8 33 83 8b 12 8c ascii='..%.....3....'
[2026-06-10 22:23:29] channel recv len=17 entropy=4.09 bs_len=17 u16le=21314 u32le=1135426 ascii='BS....,n..=....ai'
[2026-06-10 22:23:29] channel BS frame #2376: body_len=13 head=d1 09 2c 6e c1 c2 3d 9b a5 ce 9e 61 69 ascii='..,n..=....ai'
[2026-06-10 22:23:30] channel recv len=13 entropy=3.70 bs_len=13 u16le=21314 u32le=873282 ascii="BS......d..'3"
[2026-06-10 22:23:30] channel BS frame #2377: body_len=9 head=fc 90 2e ee 64 81 b0 27 33 ascii="....d..'3"
[2026-06-10 22:23:30] channel recv len=19 entropy=4.14 bs_len=19 u16le=21314 u32le=1266498 ascii="BS...Ky3KNC=....]'."
[2026-06-10 22:23:30] channel BS frame #2378: body_len=15 head=84 4b 79 33 4b 4e 43 3d bf b2 f4 a9 5d 27 d3 ascii=".Ky3KNC=....]'."
[2026-06-10 22:23:30] channel recv len=19 entropy=4.14 bs_len=19 u16le=21314 u32le=1266498 ascii='BS..G.... .......U.'
[2026-06-10 22:23:30] channel BS frame #2379: body_len=15 head=47 c6 92 9e 08 20 e2 14 d2 d6 16 d0 d6 55 b1 ascii='G.... .......U.'
[2026-06-10 22:23:30] channel recv len=17 entropy=3.97 bs_len=17 u16le=21314 u32le=1135426 ascii='BS..{.......5B_.k'
[2026-06-10 22:23:30] channel BS frame #2380: body_len=13 head=7b 12 14 97 da 92 83 04 35 42 5f 0a 6b ascii='{.......5B_.k'
[2026-06-10 22:23:30] channel recv len=19 entropy=4.25 bs_len=19 u16le=21314 u32le=1266498 ascii='BS....D..L..m~.....'
[2026-06-10 22:23:30] channel BS frame #2381: body_len=15 head=c0 95 44 1e fd 4c cb e4 6d 7e 88 d0 96 e1 fe ascii='..D..L..m~.....'
[2026-06-10 22:23:30] channel recv len=19 entropy=4.14 bs_len=19 u16le=21314 u32le=1266498 ascii='BS......l._i.......'
[2026-06-10 22:23:30] channel BS frame #2382: body_len=15 head=b7 8e e8 02 6c b3 5f 69 f5 b2 c7 e9 13 cd 90 ascii='....l._i.......'
[2026-06-10 22:23:30] channel recv len=19 entropy=4.25 bs_len=19 u16le=21314 u32le=1266498 ascii='BS..;........J..Aw.'
[2026-06-10 22:23:30] channel BS frame #2383: body_len=15 head=3b f2 a2 07 fa 91 83 1f f5 4a e8 f1 41 77 eb ascii=';........J..Aw.'
[2026-06-10 22:23:30] channel recv len=19 entropy=4.14 bs_len=19 u16le=21314 u32le=1266498 ascii='BS..............;m.'
[2026-06-10 22:23:30] channel BS frame #2384: body_len=15 head=b2 b2 a8 15 9b ce 8a 80 c0 e3 a0 cf 3b 6d 11 ascii='............;m.'
[2026-06-10 22:23:30] channel recv len=19 entropy=4.04 bs_len=19 u16le=21314 u32le=1266498 ascii='BS......S.....}....'
[2026-06-10 22:23:30] channel BS frame #2385: body_len=15 head=a3 ce 82 e2 53 a1 e7 db 1f fe 7d 1f 9c df fb ascii='....S.....}....'
[2026-06-10 22:23:30] channel recv len=19 entropy=4.25 bs_len=19 u16le=21314 u32le=1266498 ascii='BS....{.y/;\\.<...UJ'
[2026-06-10 22:23:30] channel BS frame #2386: body_len=15 head=0b f2 7b ca 79 2f 3b 5c 95 3c c7 08 f5 55 4a ascii='..{.y/;\\.<...UJ'
[2026-06-10 22:23:30] channel recv len=19 entropy=4.14 bs_len=19 u16le=21314 u32le=1266498 ascii='BS..;....R.E..<.._.'
[2026-06-10 22:23:30] channel BS frame #2387: body_len=15 head=3b 85 a2 d0 c0 52 8c 45 8c f9 3c e2 9a 5f 06 ascii=';....R.E..<.._.'
[2026-06-10 22:23:30] channel recv len=17 entropy=4.09 bs_len=17 u16le=21314 u32le=1135426 ascii='BS...W..`kPH"1>.q'
[2026-06-10 22:23:30] channel BS frame #2388: body_len=13 head=e7 57 d0 1e 60 6b 50 48 22 31 3e bc 71 ascii='.W..`kPH"1>.q'
[2026-06-10 22:23:31] channel recv len=19 entropy=4.25 bs_len=19 u16le=21314 u32le=1266498 ascii='BS........;n.@e.u..'
[2026-06-10 22:23:31] channel BS frame #2389: body_len=15 head=dd aa ad 95 1a c6 3b 6e 15 40 65 f2 75 d1 c1 ascii='......;n.@e.u..'
[2026-06-10 22:23:31] channel recv len=19 entropy=4.14 bs_len=19 u16le=21314 u32le=1266498 ascii='BS..!...:.....l....'
[2026-06-10 22:23:31] channel BS frame #2390: body_len=15 head=21 d2 1c f5 3a ed e7 1b af 11 6c 7f 08 05 1b ascii='!...:.....l....'
[2026-06-10 22:23:31] channel recv len=19 entropy=4.25 bs_len=19 u16le=21314 u32le=1266498 ascii='BS..;....W........v'
[2026-06-10 22:23:31] channel BS frame #2391: body_len=15 head=3b df a1 8d 92 57 8a f0 fc bf d0 15 02 96 76 ascii=';....W........v'
[2026-06-10 22:23:31] channel recv len=19 entropy=4.14 bs_len=19 u16le=21314 u32le=1266498 ascii='BS..9.....V.Nf.f.n.'
[2026-06-10 22:23:31] channel BS frame #2392: body_len=15 head=39 df a1 cd 02 16 56 bc 4e 66 dc 66 06 6e a7 ascii='9.....V.Nf.f.n.'
[2026-06-10 22:23:31] channel recv len=19 entropy=4.25 bs_len=19 u16le=21314 u32le=1266498 ascii='BS...A#..0_o...[.y.'
[2026-06-10 22:23:31] channel BS frame #2393: body_len=15 head=ba 41 23 fe bf 30 5f 6f c0 ca cc 5b a2 79 d9 ascii='.A#..0_o...[.y.'
[2026-06-10 22:23:31] channel recv len=11 entropy=3.46 bs_len=11 u16le=21314 u32le=742210 ascii='BS..Jh...Pn'
[2026-06-10 22:23:31] channel BS frame #2394: body_len=7 head=4a 68 17 ef f4 50 6e ascii='Jh...Pn'
[2026-06-10 22:23:31] channel recv len=11 entropy=3.46 bs_len=11 u16le=21314 u32le=742210 ascii='BS..di...].'
[2026-06-10 22:23:31] channel BS frame #2395: body_len=7 head=64 69 06 ca b4 5d dd ascii='di...].'
[2026-06-10 22:23:31] channel recv len=13 entropy=3.55 bs_len=13 u16le=21314 u32le=873282 ascii='BS....S....1.'
[2026-06-10 22:23:31] channel BS frame #2396: body_len=9 head=d3 05 53 fe dd f9 d6 31 a1 ascii='..S....1.'
[2026-06-10 22:23:31] channel recv len=19 entropy=4.04 bs_len=19 u16le=21314 u32le=1266498 ascii='BS....9M.B;........'
[2026-06-10 22:23:31] channel BS frame #2397: body_len=15 head=07 81 39 4d a4 42 3b f3 ec ab c2 b5 a5 dd ec ascii='..9M.B;........'
[2026-06-10 22:23:31] channel recv len=17 entropy=4.09 bs_len=17 u16le=21314 u32le=1135426 ascii='BS......`L;...Ggi'
[2026-06-10 22:23:31] channel BS frame #2398: body_len=13 head=01 c3 84 e4 60 4c 3b c1 af db 47 67 69 ascii='....`L;...Ggi'
[2026-06-10 22:23:31] channel recv len=13 entropy=3.70 bs_len=13 u16le=21314 u32le=873282 ascii='BS.......Y9..'
[2026-06-10 22:23:31] channel BS frame #2399: body_len=9 head=bf ae 8b c8 01 59 39 08 ca ascii='.....Y9..'
[2026-06-10 22:23:31] channel recv len=13 entropy=3.70 bs_len=13 u16le=21314 u32le=873282 ascii='BS..7.-..^...'
[2026-06-10 22:23:31] channel BS frame #2400: body_len=9 head=37 f1 2d de 01 5e 9a 9d ae ascii='7.-..^...'
[2026-06-10 22:23:31] channel recv len=19 entropy=4.25 bs_len=19 u16le=21314 u32le=1266498 ascii='BS.....#..V|...b...'
[2026-06-10 22:23:31] channel BS frame #2401: body_len=15 head=a9 df e1 23 0c f8 56 7c fe a0 a1 62 10 97 d3 ascii='...#..V|...b...'
[2026-06-10 22:23:31] channel recv len=19 entropy=4.04 bs_len=19 u16le=21314 u32le=1266498 ascii='BS...-.........N..H'
[2026-06-10 22:23:31] channel BS frame #2402: body_len=15 head=be 2d a6 dd f7 dd 8a af 99 f7 1d 4e 2e 18 48 ascii='.-.........N..H'
[2026-06-10 22:23:32] channel recv len=15 entropy=3.91 bs_len=15 u16le=21314 u32le=1004354 ascii='BS..3c..#xm....'
[2026-06-10 22:23:32] channel BS frame #2403: body_len=11 head=33 63 10 b8 23 78 6d 19 c0 ca cc ascii='3c..#xm....'
[2026-06-10 22:23:32] channel recv len=13 entropy=3.70 bs_len=13 u16le=21314 u32le=873282 ascii='BS..^......|.'
[2026-06-10 22:23:32] channel BS frame #2404: body_len=9 head=5e db fc ad eb ec f0 7c d6 ascii='^......|.'
[2026-06-10 22:23:32] channel recv len=5 entropy=2.32 bs_len=5 u16le=21314 u32le=348994 ascii='BS...'
[2026-06-10 22:23:32] channel BS frame #2405: body_len=1 head=e6 ascii='.'
[2026-06-10 22:23:32] channel replay observed client frame #2405; server frames sent=956
[2026-06-10 22:23:32] channel recv len=17 entropy=4.09 bs_len=17 u16le=21314 u32le=1135426 ascii='BS.. ..l.Wx.g....'
[2026-06-10 22:23:32] channel BS frame #2406: body_len=13 head=20 ef 88 6c c3 57 78 d1 67 d5 fd a3 c6 ascii=' ..l.Wx.g....'
[2026-06-10 22:23:32] channel recv len=17 entropy=4.09 bs_len=17 u16le=21314 u32le=1135426 ascii='BS..1H..Uf._u!...'
[2026-06-10 22:23:32] channel BS frame #2407: body_len=13 head=31 48 14 92 55 66 e9 5f 75 21 bc 1d d9 ascii='1H..Uf._u!...'
[2026-06-10 22:23:32] channel recv len=19 entropy=4.14 bs_len=19 u16le=21314 u32le=1266498 ascii='BS..^P5.:.o.....C..'
[2026-06-10 22:23:32] channel BS frame #2408: body_len=15 head=5e 50 35 f1 3a b4 6f 9d 00 1b fc f7 43 19 0b ascii='^P5.:.o.....C..'
[2026-06-10 22:23:32] channel recv len=19 entropy=4.25 bs_len=19 u16le=21314 u32le=1266498 ascii='BS...m.....O.?U8]..'
[2026-06-10 22:23:32] channel BS frame #2409: body_len=15 head=93 6d a6 19 fb 07 1f 4f d5 3f 55 38 5d d6 0d ascii='.m.....O.?U8]..'
[2026-06-10 22:23:32] channel recv len=17 entropy=4.09 bs_len=17 u16le=21314 u32le=1135426 ascii='BS..H....VRA..>.O'
[2026-06-10 22:23:32] channel BS frame #2410: body_len=13 head=48 ee f9 e5 b7 56 52 41 db f8 3e a5 4f ascii='H....VRA..>.O'
[2026-06-10 22:23:32] channel recv len=19 entropy=4.04 bs_len=19 u16le=21314 u32le=1266498 ascii='BS..Gy.........]]..'
[2026-06-10 22:23:32] channel BS frame #2411: body_len=15 head=47 79 af 0f 99 1e ee da b2 de ee 5d 5d a9 b8 ascii='Gy.........]]..'
[2026-06-10 22:23:32] channel recv len=19 entropy=4.14 bs_len=19 u16le=21314 u32le=1266498 ascii='BS..Q..r...X...~S:.'
[2026-06-10 22:23:32] channel BS frame #2412: body_len=15 head=51 07 1c 72 06 a0 bd 58 d8 01 88 7e 53 3a ea ascii='Q..r...X...~S:.'
[2026-06-10 22:23:32] channel recv len=17 entropy=4.09 bs_len=17 u16le=21314 u32le=1135426 ascii='BS..\\...UaJj.0..i'
[2026-06-10 22:23:32] channel BS frame #2413: body_len=13 head=5c dd 08 1f 55 61 4a 6a e6 30 14 c4 69 ascii='\\...UaJj.0..i'
[2026-06-10 22:23:33] channel recv len=17 entropy=4.09 bs_len=17 u16le=21314 u32le=1135426 ascii='BS.........Y.@^C.'
[2026-06-10 22:23:33] channel BS frame #2414: body_len=13 head=92 95 cb ad c9 c0 0c 59 83 40 5e 43 88 ascii='.......Y.@^C.'
[2026-06-10 22:23:33] channel recv len=17 entropy=4.09 bs_len=17 u16le=21314 u32le=1135426 ascii='BS.........l)i4I.'
[2026-06-10 22:23:33] channel BS frame #2415: body_len=13 head=a3 a4 dd b6 ba ed 08 6c 29 69 34 49 ca ascii='.......l)i4I.'
[2026-06-10 22:23:33] channel recv len=17 entropy=4.09 bs_len=17 u16le=21314 u32le=1135426 ascii='BS....s...y.k..K.'
[2026-06-10 22:23:33] channel BS frame #2416: body_len=13 head=84 9b 73 0a 1c 85 79 91 6b 96 ef 4b e1 ascii='..s...y.k..K.'
[2026-06-10 22:23:33] channel recv len=17 entropy=4.09 bs_len=17 u16le=21314 u32le=1135426 ascii='BS...-z..4V.3.y..'
[2026-06-10 22:23:33] channel BS frame #2417: body_len=13 head=c8 2d 7a e9 de 34 56 d1 33 14 79 f7 a3 ascii='.-z..4V.3.y..'
[2026-06-10 22:23:33] channel recv len=15 entropy=3.77 bs_len=15 u16le=21314 u32le=1004354 ascii='BS.....5#..Q...'
[2026-06-10 22:23:33] channel BS frame #2418: body_len=11 head=a4 f3 0f 35 23 e4 03 51 df 06 8e ascii='...5#..Q...'
[2026-06-10 22:23:33] channel recv len=17 entropy=3.97 bs_len=17 u16le=21314 u32le=1135426 ascii='BS..+..Id..M*....'
[2026-06-10 22:23:33] channel BS frame #2419: body_len=13 head=2b c2 ce 49 64 9f a6 4d 2a f7 9f be f5 ascii='+..Id..M*....'
[2026-06-10 22:23:33] channel recv len=17 entropy=4.09 bs_len=17 u16le=21314 u32le=1135426 ascii='BS..X...{+.....a.'
[2026-06-10 22:23:33] channel BS frame #2420: body_len=13 head=58 cb d9 1a 7b 2b 86 a7 d3 02 f5 61 bf ascii='X...{+.....a.'
[2026-06-10 22:23:33] channel recv len=19 entropy=4.14 bs_len=19 u16le=21314 u32le=1266498 ascii='BS..(.V......K.#...'
[2026-06-10 22:23:33] channel BS frame #2421: body_len=15 head=28 96 56 cc b6 8b b9 06 d8 4b 13 23 ae 9d b1 ascii='(.V......K.#...'
[2026-06-10 22:23:33] channel recv len=17 entropy=4.09 bs_len=17 u16le=21314 u32le=1135426 ascii='BS.....}.....+u3.'
[2026-06-10 22:23:33] channel BS frame #2422: body_len=13 head=9f ab a1 7d 82 c6 14 17 b8 2b 75 33 df ascii='...}.....+u3.'
[2026-06-10 22:23:34] channel recv len=17 entropy=3.97 bs_len=17 u16le=21314 u32le=1135426 ascii='BS...i.3....rLIc.'
[2026-06-10 22:23:34] channel BS frame #2423: body_len=13 head=86 69 02 33 f4 18 02 ef 72 4c 49 63 f6 ascii='.i.3....rLIc.'
[2026-06-10 22:23:34] channel recv len=19 entropy=4.14 bs_len=19 u16le=21314 u32le=1266498 ascii='BS..K.CK.........W.'
[2026-06-10 22:23:34] channel BS frame #2424: body_len=15 head=4b dc 43 4b b8 a7 b4 8e 85 d5 e4 90 19 57 88 ascii='K.CK.........W.'
[2026-06-10 22:23:34] channel recv len=19 entropy=4.14 bs_len=19 u16le=21314 u32le=1266498 ascii='BS...V...P.n1.^....'
[2026-06-10 22:23:34] channel BS frame #2425: body_len=15 head=03 56 db 1e 2e 50 8d 6e 31 f8 5e d4 07 bf 2e ascii='.V...P.n1.^....'
[2026-06-10 22:23:34] channel recv len=19 entropy=4.25 bs_len=19 u16le=21314 u32le=1266498 ascii='BS..1.........iD..P'
[2026-06-10 22:23:34] channel BS frame #2426: body_len=15 head=31 14 87 d4 01 16 08 af c1 8c 69 44 9c 86 50 ascii='1.........iD..P'
[2026-06-10 22:23:34] channel recv len=17 entropy=4.09 bs_len=17 u16le=21314 u32le=1135426 ascii='BS....".i...&[..j'
[2026-06-10 22:23:34] channel BS frame #2427: body_len=13 head=b4 d2 22 aa 69 e6 9d a0 26 5b a9 c5 6a ascii='..".i...&[..j'
[2026-06-10 22:23:34] channel recv len=13 entropy=3.70 bs_len=13 u16le=21314 u32le=873282 ascii='BS...z.$,.x&)'
[2026-06-10 22:23:34] channel BS frame #2428: body_len=9 head=0a 7a 15 24 2c 01 78 26 29 ascii='.z.$,.x&)'
[2026-06-10 22:23:34] channel recv len=13 entropy=3.70 bs_len=13 u16le=21314 u32le=873282 ascii='BS.....@.-.w.'
[2026-06-10 22:23:34] channel BS frame #2429: body_len=9 head=a2 d0 1f 40 18 2d b1 77 83 ascii='...@.-.w.'
[2026-06-10 22:23:35] channel recv len=19 entropy=4.25 bs_len=19 u16le=21314 u32le=1266498 ascii='BS.....i...8.......'
[2026-06-10 22:23:35] channel BS frame #2430: body_len=15 head=f8 97 ff 69 fd a4 82 38 c6 d7 05 81 94 7f ee ascii='...i...8.......'
[2026-06-10 22:23:35] channel recv len=5 entropy=2.32 bs_len=5 u16le=21314 u32le=348994 ascii='BS...'
[2026-06-10 22:23:35] channel BS frame #2431: body_len=1 head=80 ascii='.'
[2026-06-10 22:23:35] channel replay observed client frame #2431; server frames sent=966
[2026-06-10 22:23:35] channel recv len=17 entropy=3.97 bs_len=17 u16le=21314 u32le=1135426 ascii="BS..c....s..D'..."
[2026-06-10 22:23:35] channel BS frame #2432: body_len=13 head=63 f4 a8 fc 84 73 9b 9d 44 27 f4 80 cd ascii="c....s..D'..."
[2026-06-10 22:23:35] channel recv len=19 entropy=4.25 bs_len=19 u16le=21314 u32le=1266498 ascii='BS....Y.....r..../<'
[2026-06-10 22:23:35] channel BS frame #2433: body_len=15 head=b9 8b 59 9b 09 ae bb d8 72 9c d2 03 8e 2f 3c ascii='..Y.....r..../<'
[2026-06-10 22:23:35] channel recv len=17 entropy=3.97 bs_len=17 u16le=21314 u32le=1135426 ascii='BS........d..*..A'
[2026-06-10 22:23:35] channel BS frame #2434: body_len=13 head=ef 1c 0f e4 ef d9 64 f7 d1 2a ac 85 41 ascii='......d..*..A'
[2026-06-10 22:23:35] channel recv len=19 entropy=4.25 bs_len=19 u16le=21314 u32le=1266498 ascii='BS...8../.......#rw'
[2026-06-10 22:23:35] channel BS frame #2435: body_len=15 head=da 38 b9 14 2f 88 89 8f d3 db aa d7 23 72 77 ascii='.8../.......#rw'
[2026-06-10 22:23:35] channel recv len=19 entropy=4.04 bs_len=19 u16le=21314 u32le=1266498 ascii='BS..K.CC..K.>..D%.:'
[2026-06-10 22:23:35] channel BS frame #2436: body_len=15 head=4b 07 43 43 dd 86 4b 9e 3e d6 d9 44 25 e5 3a ascii='K.CC..K.>..D%.:'
[2026-06-10 22:23:35] channel recv len=11 entropy=3.46 bs_len=11 u16le=21314 u32le=742210 ascii='BS..:4....k'
[2026-06-10 22:23:35] channel BS frame #2437: body_len=7 head=3a 34 02 ab f1 1d 6b ascii=':4....k'
[2026-06-10 22:23:35] channel recv len=13 entropy=3.55 bs_len=13 u16le=21314 u32le=873282 ascii='BS..HB.d\\..q.'
[2026-06-10 22:23:35] channel BS frame #2438: body_len=9 head=48 42 92 64 5c ff df 71 c7 ascii='HB.d\\..q.'
[2026-06-10 22:23:35] channel recv len=19 entropy=4.25 bs_len=19 u16le=21314 u32le=1266498 ascii='BS....x....H.PG..`.'
[2026-06-10 22:23:35] channel BS frame #2439: body_len=15 head=84 8e 78 b2 da ea a7 48 ae 50 47 8d 07 60 a2 ascii='..x....H.PG..`.'
[2026-06-10 22:23:35] channel recv len=19 entropy=4.25 bs_len=19 u16le=21314 u32le=1266498 ascii='BS...$......:..u3.]'
[2026-06-10 22:23:35] channel BS frame #2440: body_len=15 head=b3 24 a6 0e d1 cb a9 fe 3a d5 f3 75 33 0d 5d ascii='.$......:..u3.]'
[2026-06-10 22:23:35] channel recv len=19 entropy=4.25 bs_len=19 u16le=21314 u32le=1266498 ascii='BS....y.....}...2. '
[2026-06-10 22:23:35] channel BS frame #2441: body_len=15 head=c0 ed 79 a9 12 15 c4 dc 7d 01 f7 8b 32 c6 20 ascii='..y.....}...2. '
[2026-06-10 22:23:36] channel recv len=19 entropy=4.25 bs_len=19 u16le=21314 u32le=1266498 ascii='BS..[+_$.....p.o..L'
[2026-06-10 22:23:36] channel BS frame #2442: body_len=15 head=5b 2b 5f 24 82 fd ea 96 9d 70 9c 6f 0c e3 4c ascii='[+_$.....p.o..L'
[2026-06-10 22:23:36] channel recv len=17 entropy=3.85 bs_len=17 u16le=21314 u32le=1135426 ascii='BS...v..`..f...{B'
[2026-06-10 22:23:36] channel BS frame #2443: body_len=13 head=0a 76 13 d4 60 de a8 66 d9 8f 0a 7b 42 ascii='.v..`..f...{B'
[2026-06-10 22:23:36] channel recv len=19 entropy=4.25 bs_len=19 u16le=21314 u32le=1266498 ascii='BS.....+.~[..j.....'
[2026-06-10 22:23:36] channel BS frame #2444: body_len=15 head=ad 1a ae 2b 92 7e 5b ca c8 6a bf 9f d6 09 93 ascii='...+.~[..j.....'
[2026-06-10 22:23:36] channel recv len=15 entropy=3.91 bs_len=15 u16le=21314 u32le=1004354 ascii='BS...t;....!...'
[2026-06-10 22:23:36] channel BS frame #2445: body_len=11 head=16 74 3b eb d5 90 0d 21 fd cf dc ascii='.t;....!...'
[2026-06-10 22:23:36] channel recv len=13 entropy=3.55 bs_len=13 u16le=21314 u32le=873282 ascii='BS........B..'
[2026-06-10 22:23:36] channel BS frame #2446: body_len=9 head=85 a2 16 a6 0e c3 42 c8 db ascii='......B..'
[2026-06-10 22:23:36] channel recv len=15 entropy=3.77 bs_len=15 u16le=21314 u32le=1004354 ascii='BS....N..R.....'
[2026-06-10 22:23:36] channel BS frame #2447: body_len=11 head=f8 8d 4e c6 d0 52 be 06 1d a6 f8 ascii='..N..R.....'
[2026-06-10 22:23:36] channel recv len=17 entropy=4.09 bs_len=17 u16le=21314 u32le=1135426 ascii='BS..............M'
[2026-06-10 22:23:36] channel BS frame #2448: body_len=13 head=a8 1d 84 85 fe b1 dd 06 ff 18 dc 05 4d ascii='............M'
[2026-06-10 22:23:36] channel recv len=19 entropy=4.14 bs_len=19 u16le=21314 u32le=1266498 ascii='BS.............j/[.'
[2026-06-10 22:23:36] channel BS frame #2449: body_len=15 head=de 00 a3 ab b2 f3 e4 e1 80 b9 f6 6a 2f 5b 82 ascii='...........j/[.'
[2026-06-10 22:23:36] channel recv len=19 entropy=4.25 bs_len=19 u16le=21314 u32le=1266498 ascii='BS.......$..3>....m'
[2026-06-10 22:23:36] channel BS frame #2450: body_len=15 head=95 bc ea ae c7 24 89 93 33 3e b5 d9 10 99 6d ascii='.....$..3>....m'
[2026-06-10 22:23:36] channel recv len=17 entropy=4.09 bs_len=17 u16le=21314 u32le=1135426 ascii='BS..Y\\.+..=......'
[2026-06-10 22:23:36] channel BS frame #2451: body_len=13 head=59 5c ee 2b e7 8a 3d e4 e3 dd 82 b0 83 ascii='Y\\.+..=......'
[2026-06-10 22:23:36] channel recv len=19 entropy=4.04 bs_len=19 u16le=21314 u32le=1266498 ascii="BS..|.'.2A.B.....@z"
[2026-06-10 22:23:36] channel BS frame #2452: body_len=15 head=7c c7 27 b0 32 41 04 42 b0 f3 f7 02 b1 40 7a ascii="|.'.2A.B.....@z"
[2026-06-10 22:23:37] channel recv len=17 entropy=3.81 bs_len=17 u16le=21314 u32le=1135426 ascii='BS....I@..A  6. .'
[2026-06-10 22:23:37] channel BS frame #2453: body_len=13 head=c3 eb 49 40 a8 c2 41 20 20 36 d3 20 e0 ascii='..I@..A  6. .'
[2026-06-10 22:23:37] channel recv len=19 entropy=4.25 bs_len=19 u16le=21314 u32le=1266498 ascii='BS..$.N,G......i..['
[2026-06-10 22:23:37] channel BS frame #2454: body_len=15 head=24 e7 4e 2c 47 8f a9 ff 93 e5 f4 69 b1 ef 5b ascii='$.N,G......i..['
[2026-06-10 22:23:37] channel recv len=19 entropy=4.25 bs_len=19 u16le=21314 u32le=1266498 ascii='BS........:.=t...._'
[2026-06-10 22:23:37] channel BS frame #2455: body_len=15 head=eb dd dc 94 05 fd 3a 15 3d 74 fa 0e a5 be 5f ascii='......:.=t...._'
[2026-06-10 22:23:37] channel recv len=19 entropy=4.04 bs_len=19 u16le=21314 u32le=1266498 ascii='BS.... ..B3UM......'
[2026-06-10 22:23:37] channel BS frame #2456: body_len=15 head=ac 95 20 81 b1 42 33 55 4d 1e f5 bd 1e f7 83 ascii='.. ..B3UM......'
[2026-06-10 22:23:37] channel recv len=9 entropy=3.17 bs_len=9 u16le=21314 u32le=611138 ascii='BS..k.g..'
[2026-06-10 22:23:37] channel BS frame #2457: body_len=5 head=6b 11 67 8a 1c ascii='k.g..'
[2026-06-10 22:23:37] channel recv len=11 entropy=3.46 bs_len=11 u16le=21314 u32le=742210 ascii='BS........@'
[2026-06-10 22:23:37] channel BS frame #2458: body_len=7 head=82 a2 d0 90 aa d7 40 ascii='......@'
[2026-06-10 22:23:37] channel recv len=13 entropy=3.70 bs_len=13 u16le=21314 u32le=873282 ascii='BS..]O."....-'
[2026-06-10 22:23:37] channel BS frame #2459: body_len=9 head=5d 4f a7 22 02 ad b4 88 2d ascii=']O."....-'
[2026-06-10 22:23:37] channel recv len=17 entropy=4.09 bs_len=17 u16le=21314 u32le=1135426 ascii='BS...... .....<..'
[2026-06-10 22:23:37] channel BS frame #2460: body_len=13 head=05 9d 8c 88 20 f1 f5 c8 da 87 3c ae c2 ascii='.... .....<..'
[2026-06-10 22:23:37] channel recv len=13 entropy=3.70 bs_len=13 u16le=21314 u32le=873282 ascii='BS...-.lz.w.Y'
[2026-06-10 22:23:37] channel BS frame #2461: body_len=9 head=f9 2d d4 6c 7a 87 77 a9 59 ascii='.-.lz.w.Y'
[2026-06-10 22:23:37] channel recv len=13 entropy=3.70 bs_len=13 u16le=21314 u32le=873282 ascii='BS..]........'
[2026-06-10 22:23:37] channel BS frame #2462: body_len=9 head=5d 1a fe d3 bd 1c c7 df d5 ascii=']........'
[2026-06-10 22:23:37] channel recv len=19 entropy=4.04 bs_len=19 u16le=21314 u32le=1266498 ascii='BS..{.U.2o.o..?t..-'
[2026-06-10 22:23:37] channel BS frame #2463: body_len=15 head=7b a4 55 10 32 6f 13 6f 7f 15 3f 74 da b3 2d ascii='{.U.2o.o..?t..-'
[2026-06-10 22:23:37] channel recv len=19 entropy=4.25 bs_len=19 u16le=21314 u32le=1266498 ascii='BS...... WQ5q...h..'
[2026-06-10 22:23:37] channel BS frame #2464: body_len=15 head=cd 8b 0b a2 20 57 51 35 71 f0 b7 06 68 fe ff ascii='.... WQ5q...h..'
[2026-06-10 22:23:38] channel recv len=17 entropy=3.85 bs_len=17 u16le=21314 u32le=1135426 ascii='BS...e..=e.&.....'
[2026-06-10 22:23:38] channel BS frame #2465: body_len=13 head=84 65 fa d9 3d 65 99 26 a4 fa 0c 15 05 ascii='.e..=e.&.....'
[2026-06-10 22:23:38] channel recv len=19 entropy=4.04 bs_len=19 u16le=21314 u32le=1266498 ascii='BS....>. ..B~...x.U'
[2026-06-10 22:23:38] channel BS frame #2466: body_len=15 head=1c 7f 3e ae 20 00 96 42 7e cb 1e bf 78 d1 55 ascii='..>. ..B~...x.U'
[2026-06-10 22:23:38] channel recv len=19 entropy=4.14 bs_len=19 u16le=21314 u32le=1266498 ascii='BS..:%...$\\..\\V....'
[2026-06-10 22:23:38] channel BS frame #2467: body_len=15 head=3a 25 cc 88 be 24 5c dd a3 5c 56 d8 db 8f 9b ascii=':%...$\\..\\V....'
[2026-06-10 22:23:38] channel recv len=6 entropy=2.58 bs_len=6 u16le=21314 u32le=414530 ascii='BS..[i'
[2026-06-10 22:23:38] channel BS frame #2468: body_len=2 head=5b 69 ascii='[i'
[2026-06-10 22:23:38] channel recv len=5 entropy=2.32 bs_len=5 u16le=21314 u32le=348994 ascii='BS...'
[2026-06-10 22:23:38] channel BS frame #2469: body_len=1 head=fc ascii='.'
[2026-06-10 22:23:38] channel replay observed client frame #2469; server frames sent=976
[2026-06-10 22:23:38] channel recv len=13 entropy=3.70 bs_len=13 u16le=21314 u32le=873282 ascii='BS...d...u...'
[2026-06-10 22:23:38] channel BS frame #2470: body_len=9 head=cf 64 f6 0b b9 75 ce e9 fb ascii='.d...u...'
[2026-06-10 22:23:38] channel recv len=17 entropy=3.97 bs_len=17 u16le=21314 u32le=1135426 ascii='BS.....x!]w.xf .Y'
[2026-06-10 22:23:38] channel BS frame #2471: body_len=13 head=b1 cf d6 78 21 5d 77 f1 78 66 20 f0 59 ascii='...x!]w.xf .Y'
[2026-06-10 22:23:38] channel recv len=17 entropy=4.09 bs_len=17 u16le=21314 u32le=1135426 ascii='BS..n.Nt....."D.}'
[2026-06-10 22:23:38] channel BS frame #2472: body_len=13 head=6e ec 4e 74 ce d2 8f eb 93 22 44 1c 7d ascii='n.Nt....."D.}'
[2026-06-10 22:23:38] channel recv len=17 entropy=4.09 bs_len=17 u16le=21314 u32le=1135426 ascii='BS..jX......6....'
[2026-06-10 22:23:38] channel BS frame #2473: body_len=13 head=6a 58 f3 be bb 81 c1 02 36 c7 0a 1f 8b ascii='jX......6....'
[2026-06-10 22:23:38] channel recv len=17 entropy=3.85 bs_len=17 u16le=21314 u32le=1135426 ascii='BS....#a:..pB.X..'
[2026-06-10 22:23:38] channel BS frame #2474: body_len=13 head=17 e3 23 61 3a 8d e3 70 42 85 58 bd dc ascii='..#a:..pB.X..'
[2026-06-10 22:23:38] channel recv len=15 entropy=3.91 bs_len=15 u16le=21314 u32le=1004354 ascii='BS..Xy.....2...'
[2026-06-10 22:23:38] channel BS frame #2475: body_len=11 head=58 79 fc 07 9b fd 1b 32 be d3 04 ascii='Xy.....2...'
[2026-06-10 22:23:38] channel recv len=17 entropy=3.97 bs_len=17 u16le=21314 u32le=1135426 ascii='BS....b.d.....9X.'
[2026-06-10 22:23:38] channel BS frame #2476: body_len=13 head=9f c4 62 a7 64 9f a6 f3 a2 f9 39 58 a9 ascii='..b.d.....9X.'
[2026-06-10 22:23:38] channel recv len=19 entropy=4.25 bs_len=19 u16le=21314 u32le=1266498 ascii='BS..Zv.....u._X..&1'
[2026-06-10 22:23:38] channel BS frame #2477: body_len=15 head=5a 76 1d ce dc 8b 85 75 f1 5f 58 a7 a5 26 31 ascii='Zv.....u._X..&1'
[2026-06-10 22:23:38] channel recv len=19 entropy=4.14 bs_len=19 u16le=21314 u32le=1266498 ascii='BS......).:.I..S...'
[2026-06-10 22:23:38] channel BS frame #2478: body_len=15 head=f6 c5 cb de 29 e6 3a b5 49 bd d7 53 cf 1b 1d ascii='....).:.I..S...'
[2026-06-10 22:23:39] channel recv len=17 entropy=3.97 bs_len=17 u16le=21314 u32le=1135426 ascii='BS..]..QNv0.._h].'
[2026-06-10 22:23:39] channel BS frame #2479: body_len=13 head=5d b9 9b 51 4e 76 30 91 c2 5f 68 5d d0 ascii=']..QNv0.._h].'
[2026-06-10 22:23:39] channel recv len=17 entropy=4.09 bs_len=17 u16le=21314 u32le=1135426 ascii='BS..j2...:.......'
[2026-06-10 22:23:39] channel BS frame #2480: body_len=13 head=6a 32 88 cb f4 3a e0 d5 d9 1c 9b ad b7 ascii='j2...:.......'
[2026-06-10 22:23:39] channel recv len=17 entropy=3.97 bs_len=17 u16le=21314 u32le=1135426 ascii='BS..x......q...5o'
[2026-06-10 22:23:39] channel BS frame #2481: body_len=13 head=78 d6 b4 b6 96 ba 99 71 80 80 84 35 6f ascii='x......q...5o'
[2026-06-10 22:23:39] channel recv len=19 entropy=4.14 bs_len=19 u16le=21314 u32le=1266498 ascii='BS..........p~..;Qj'
[2026-06-10 22:23:39] channel BS frame #2482: body_len=15 head=94 fc d8 19 0e 1e a9 11 70 7e 11 9d 3b 51 6a ascii='........p~..;Qj'
[2026-06-10 22:23:39] channel recv len=17 entropy=4.09 bs_len=17 u16le=21314 u32le=1135426 ascii='BS...............'
[2026-06-10 22:23:39] channel BS frame #2483: body_len=13 head=a2 0c ab aa d9 e7 0e ad a9 8d e2 b8 c3 ascii='.............'
[2026-06-10 22:23:39] channel recv len=17 entropy=3.97 bs_len=17 u16le=21314 u32le=1135426 ascii='BS..*(.$...%}..&.'
[2026-06-10 22:23:39] channel BS frame #2484: body_len=13 head=2a 28 b4 24 bd e9 da 25 7d d3 11 26 8e ascii='*(.$...%}..&.'
[2026-06-10 22:23:39] channel recv len=17 entropy=4.09 bs_len=17 u16le=21314 u32le=1135426 ascii='BS...,.VNa...R...'
[2026-06-10 22:23:39] channel BS frame #2485: body_len=13 head=83 2c fa 56 4e 61 f7 c4 c3 52 ec b5 13 ascii='.,.VNa...R...'
[2026-06-10 22:23:39] channel recv len=13 entropy=3.70 bs_len=13 u16le=21314 u32le=873282 ascii="BS.....G>'h.."
[2026-06-10 22:23:39] channel BS frame #2486: body_len=9 head=c6 9a f1 47 3e 27 68 81 de ascii="...G>'h.."
[2026-06-10 22:23:39] channel recv len=13 entropy=3.70 bs_len=13 u16le=21314 u32le=873282 ascii='BS....r...9.D'
[2026-06-10 22:23:39] channel BS frame #2487: body_len=9 head=89 8d 72 b9 c5 ef 39 84 44 ascii='..r...9.D'
[2026-06-10 22:23:40] channel recv len=17 entropy=4.09 bs_len=17 u16le=21314 u32le=1135426 ascii='BS..V.O$^M{....:l'
[2026-06-10 22:23:40] channel BS frame #2488: body_len=13 head=56 df 4f 24 5e 4d 7b 0b 12 c6 82 3a 6c ascii='V.O$^M{....:l'
[2026-06-10 22:23:40] channel recv len=17 entropy=3.97 bs_len=17 u16le=21314 u32le=1135426 ascii='BS.........a.5j..'
[2026-06-10 22:23:40] channel BS frame #2489: body_len=13 head=f5 f8 01 d4 99 c4 83 61 c3 35 6a e4 01 ascii='.......a.5j..'
[2026-06-10 22:23:40] channel recv len=17 entropy=3.97 bs_len=17 u16le=21314 u32le=1135426 ascii='BS..ZQP6.B.......'
[2026-06-10 22:23:40] channel BS frame #2490: body_len=13 head=5a 51 50 36 cd 42 08 0e f3 01 e6 a6 19 ascii='ZQP6.B.......'
[2026-06-10 22:23:40] channel recv len=17 entropy=3.97 bs_len=17 u16le=21314 u32le=1135426 ascii='BS....z). ..;....'
[2026-06-10 22:23:40] channel BS frame #2491: body_len=13 head=f3 93 7a 29 e1 20 bc e7 3b a7 d4 11 dd ascii='..z). ..;....'
[2026-06-10 22:23:40] channel recv len=17 entropy=4.09 bs_len=17 u16le=21314 u32le=1135426 ascii='BS...^..w...:..u.'
[2026-06-10 22:23:40] channel BS frame #2492: body_len=13 head=ad 5e f2 9e 77 13 01 f8 3a b6 d1 75 f9 ascii='.^..w...:..u.'
[2026-06-10 22:23:40] channel recv len=17 entropy=4.09 bs_len=17 u16le=21314 u32le=1135426 ascii='BS..DUC.w.4......'
[2026-06-10 22:23:40] channel BS frame #2493: body_len=13 head=44 55 43 9e 77 15 34 bb 14 18 b8 e3 bd ascii='DUC.w.4......'
[2026-06-10 22:23:40] channel recv len=17 entropy=4.09 bs_len=17 u16le=21314 u32le=1135426 ascii='BS....R.w...]..P.'
[2026-06-10 22:23:40] channel BS frame #2494: body_len=13 head=1d 09 52 e9 77 17 18 ff 5d b0 d4 50 b9 ascii='..R.w...]..P.'
[2026-06-10 22:23:40] channel recv len=17 entropy=4.09 bs_len=17 u16le=21314 u32le=1135426 ascii='BS.....cw.....T.A'
[2026-06-10 22:23:40] channel BS frame #2495: body_len=13 head=06 15 d7 63 77 16 8e c4 d2 b3 54 c3 41 ascii='...cw.....T.A'
[2026-06-10 22:23:41] channel recv len=11 entropy=3.46 bs_len=11 u16le=21314 u32le=742210 ascii="BS..*..'..M"
[2026-06-10 22:23:41] channel BS frame #2496: body_len=7 head=2a 91 e0 27 a0 8f 4d ascii="*..'..M"
[2026-06-10 22:23:41] channel recv len=5 entropy=2.32 bs_len=5 u16le=21314 u32le=348994 ascii='BS..l'
[2026-06-10 22:23:41] channel BS frame #2497: body_len=1 head=6c ascii='l'
[2026-06-10 22:23:41] channel replay observed client frame #2497; server frames sent=980
[2026-06-10 22:23:41] channel recv len=11 entropy=3.46 bs_len=11 u16le=21314 u32le=742210 ascii='BS..:..KTW.'
[2026-06-10 22:23:41] channel BS frame #2498: body_len=7 head=3a 96 d1 4b 54 57 a4 ascii=':..KTW.'
[2026-06-10 22:23:41] channel recv len=11 entropy=3.46 bs_len=11 u16le=21314 u32le=742210 ascii='BS..|....e.'
[2026-06-10 22:23:41] channel BS frame #2499: body_len=7 head=7c 0f f5 1e 94 65 97 ascii='|....e.'
[2026-06-10 22:23:41] channel recv len=11 entropy=3.46 bs_len=11 u16le=21314 u32le=742210 ascii='BS..N......'
[2026-06-10 22:23:41] channel BS frame #2500: body_len=7 head=4e b4 eb 0c a3 91 12 ascii='N......'
[2026-06-10 22:23:41] channel recv len=11 entropy=3.46 bs_len=11 u16le=21314 u32le=742210 ascii='BS..R.}..v.'
[2026-06-10 22:23:41] channel BS frame #2501: body_len=7 head=52 bd 7d b9 a0 76 f5 ascii='R.}..v.'
[2026-06-10 22:23:43] channel recv len=9 entropy=2.95 bs_len=9 u16le=21314 u32le=611138 ascii='BS..S....'
[2026-06-10 22:23:43] channel BS frame #2502: body_len=5 head=53 96 cd bc a4 ascii='S....'
[2026-06-10 22:23:43] channel recv len=11 entropy=3.46 bs_len=11 u16le=21314 u32le=742210 ascii='BS..e......'
[2026-06-10 22:23:43] channel BS frame #2503: body_len=7 head=65 a2 d0 e8 aa 0e 12 ascii='e......'
[2026-06-10 22:23:43] channel recv len=13 entropy=3.70 bs_len=13 u16le=21314 u32le=873282 ascii='BS.....).>.|.'
[2026-06-10 22:23:43] channel BS frame #2504: body_len=9 head=a0 99 d7 29 ed 3e e0 7c db ascii='...).>.|.'
[2026-06-10 22:23:43] channel recv len=13 entropy=3.39 bs_len=13 u16le=21314 u32le=873282 ascii='BS....Q.SqH..'
[2026-06-10 22:23:43] channel BS frame #2505: body_len=9 head=a1 01 51 a3 53 71 48 fd 00 ascii='..Q.SqH..'
[2026-06-10 22:23:43] channel recv len=17 entropy=4.09 bs_len=17 u16le=21314 u32le=1135426 ascii='BS....c....K.1d..'
[2026-06-10 22:23:43] channel BS frame #2506: body_len=13 head=a9 a0 63 ff 9e e0 9f 4b ad 31 64 08 da ascii='..c....K.1d..'
[2026-06-10 22:23:43] channel recv len=19 entropy=4.14 bs_len=19 u16le=21314 u32le=1266498 ascii='BS...X[....*f....W.'
[2026-06-10 22:23:43] channel BS frame #2507: body_len=15 head=ab 58 5b f4 b8 87 ee 2a 66 15 f0 f4 99 57 db ascii='.X[....*f....W.'
[2026-06-10 22:23:43] channel recv len=17 entropy=4.09 bs_len=17 u16le=21314 u32le=1135426 ascii="BS....3..{...f'E."
[2026-06-10 22:23:43] channel BS frame #2508: body_len=13 head=b7 08 33 d6 10 7b 80 9b 16 66 27 45 0d ascii="..3..{...f'E."
[2026-06-10 22:23:44] channel recv len=17 entropy=4.09 bs_len=17 u16le=21314 u32le=1135426 ascii='BS...+.=.....^>.i'
[2026-06-10 22:23:44] channel BS frame #2509: body_len=13 head=08 2b 85 3d c1 9d af 06 a8 5e 3e 94 69 ascii='.+.=.....^>.i'
[2026-06-10 22:23:44] channel recv len=17 entropy=3.97 bs_len=17 u16le=21314 u32le=1135426 ascii='BS.......e[.....~'
[2026-06-10 22:23:44] channel BS frame #2510: body_len=13 head=0d 12 9e e4 bb 65 5b 96 e6 04 e4 fd 7e ascii='.....e[.....~'
[2026-06-10 22:23:44] channel recv len=5 entropy=2.32 bs_len=5 u16le=21314 u32le=348994 ascii='BS..E'
[2026-06-10 22:23:44] channel BS frame #2511: body_len=1 head=45 ascii='E'
[2026-06-10 22:23:44] channel replay observed client frame #2511; server frames sent=988
[2026-06-10 22:23:44] channel recv len=13 entropy=3.39 bs_len=13 u16le=21314 u32le=873282 ascii='BS..UWU.`?3WN'
[2026-06-10 22:23:44] channel BS frame #2512: body_len=9 head=55 57 55 ec 60 3f 33 57 4e ascii='UWU.`?3WN'
[2026-06-10 22:23:44] channel recv len=13 entropy=3.70 bs_len=13 u16le=21314 u32le=873282 ascii='BS..Le.x.....'
[2026-06-10 22:23:44] channel BS frame #2513: body_len=9 head=4c 65 88 78 03 01 86 19 b0 ascii='Le.x.....'
[2026-06-10 22:23:44] channel recv len=17 entropy=3.97 bs_len=17 u16le=21314 u32le=1135426 ascii='BS....ZQ.....:.o.'
[2026-06-10 22:23:44] channel BS frame #2514: body_len=13 head=c3 05 5a 51 ed f4 93 cb 11 3a d3 6f a5 ascii='..ZQ.....:.o.'
[2026-06-10 22:23:44] channel recv len=17 entropy=3.97 bs_len=17 u16le=21314 u32le=1135426 ascii='BS..t5..W..7.....'
[2026-06-10 22:23:44] channel BS frame #2515: body_len=13 head=74 35 8c ff 57 a5 9a 37 c6 93 8c 2e ca ascii='t5..W..7.....'
[2026-06-10 22:23:44] channel recv len=13 entropy=3.70 bs_len=13 u16le=21314 u32le=873282 ascii='BS..[5.......'
[2026-06-10 22:23:44] channel BS frame #2516: body_len=9 head=5b 35 8e de 8b d7 c5 eb 02 ascii='[5.......'
[2026-06-10 22:23:44] channel recv len=17 entropy=4.09 bs_len=17 u16le=21314 u32le=1135426 ascii='BS......IC.....F.'
[2026-06-10 22:23:44] channel BS frame #2517: body_len=13 head=10 8a 0d c1 49 43 de 84 ef a4 91 46 09 ascii='....IC.....F.'
[2026-06-10 22:23:44] channel recv len=15 entropy=3.91 bs_len=15 u16le=21314 u32le=1004354 ascii='BS....j.....>..'
[2026-06-10 22:23:44] channel BS frame #2518: body_len=11 head=cd c7 6a 07 d0 e4 95 a4 3e 03 8c ascii='..j.....>..'
[2026-06-10 22:23:45] channel recv len=17 entropy=3.85 bs_len=17 u16le=21314 u32le=1135426 ascii='BS....Y.X.......T'
[2026-06-10 22:23:45] channel BS frame #2519: body_len=13 head=85 09 59 8b 58 0f b6 85 bf b1 11 f2 54 ascii='..Y.X.......T'
[2026-06-10 22:23:45] channel recv len=13 entropy=3.70 bs_len=13 u16le=21314 u32le=873282 ascii='BS.......0.$.'
[2026-06-10 22:23:45] channel BS frame #2520: body_len=9 head=e1 83 82 e5 af 30 c9 24 f5 ascii='.....0.$.'
[2026-06-10 22:23:45] channel recv len=13 entropy=3.70 bs_len=13 u16le=21314 u32le=873282 ascii='BS..a....0. .'
[2026-06-10 22:23:45] channel BS frame #2521: body_len=9 head=61 d8 fa a6 af 30 c9 20 ec ascii='a....0. .'
[2026-06-10 22:23:45] channel recv len=11 entropy=3.46 bs_len=11 u16le=21314 u32le=742210 ascii='BS......._b'
[2026-06-10 22:23:45] channel BS frame #2522: body_len=7 head=a5 b5 fb 91 df 5f 62 ascii='....._b'
[2026-06-10 22:23:45] channel recv len=11 entropy=3.46 bs_len=11 u16le=21314 u32le=742210 ascii='BS..9/.\\...'
[2026-06-10 22:23:45] channel BS frame #2523: body_len=7 head=39 2f e6 5c df cb c3 ascii='9/.\\...'
[2026-06-10 22:23:46] channel recv len=11 entropy=3.46 bs_len=11 u16le=21314 u32le=742210 ascii='BS..2.m?...'
[2026-06-10 22:23:46] channel BS frame #2524: body_len=7 head=32 bb 6d 3f a3 ad c4 ascii='2.m?...'
[2026-06-10 22:23:46] channel recv len=11 entropy=3.46 bs_len=11 u16le=21314 u32le=742210 ascii='BS..L.>....'
[2026-06-10 22:23:46] channel BS frame #2525: body_len=7 head=4c b3 3e dd ab fd e8 ascii='L.>....'
[2026-06-10 22:23:46] channel recv len=11 entropy=3.46 bs_len=11 u16le=21314 u32le=742210 ascii='BS....i....'
[2026-06-10 22:23:46] channel BS frame #2526: body_len=7 head=98 e5 69 df ab d5 12 ascii='..i....'
[2026-06-10 22:23:47] channel recv len=50 entropy=4.89 bs_len=33 u16le=21314 u32le=2184002 ascii='BS!.2^..3.!!`...q....<%....<%....BS...m.F..,a.....'
[2026-06-10 22:23:47] channel BS frame #2527: body_len=29 head=32 5e db f6 33 c1 21 21 60 04 e7 16 71 b1 09 8c b2 3c 25 cc 93 8c b2 3c 25 cc 93 8c b2 ascii='2^..3.!!`...q....<%....<%....'
[2026-06-10 22:23:47] channel BS frame #2528: body_len=13 head=a7 6d 0d 46 b9 ec 2c 61 0e ee 00 00 00 ascii='.m.F..,a.....'
[2026-06-10 22:23:47] channel recv len=5 entropy=2.32 bs_len=5 u16le=21314 u32le=348994 ascii='BS...'
[2026-06-10 22:23:47] channel BS frame #2529: body_len=1 head=12 ascii='.'
[2026-06-10 22:23:47] channel replay observed client frame #2529; server frames sent=998
[2026-06-10 22:23:47] channel recv len=9 entropy=3.17 bs_len=9 u16le=21314 u32le=611138 ascii='BS../....'
[2026-06-10 22:23:47] channel BS frame #2530: body_len=5 head=2f 85 dd bc 14 ascii='/....'
[2026-06-10 22:23:47] channel recv len=17 entropy=4.09 bs_len=17 u16le=21314 u32le=1135426 ascii="BS.....'|....._>."
[2026-06-10 22:23:47] channel BS frame #2531: body_len=13 head=81 15 c9 27 7c e4 91 9e 89 d9 5f 3e 0c ascii="...'|....._>."
[2026-06-10 22:23:47] channel recv len=17 entropy=4.09 bs_len=17 u16le=21314 u32le=1135426 ascii='BS..x.7.....V..]O'
[2026-06-10 22:23:47] channel BS frame #2532: body_len=13 head=78 96 37 a4 c1 9e 15 07 56 d7 9f 5d 4f ascii='x.7.....V..]O'
[2026-06-10 22:23:47] channel recv len=19 entropy=4.04 bs_len=19 u16le=21314 u32le=1266498 ascii='BS...6..B..s..f....'
[2026-06-10 22:23:47] channel BS frame #2533: body_len=15 head=85 36 ff fd 42 c5 b4 73 fb 8c 66 16 ff a2 e9 ascii='.6..B..s..f....'
[2026-06-10 22:23:47] channel recv len=17 entropy=4.09 bs_len=17 u16le=21314 u32le=1135426 ascii='BS....T..+..._.7&'
[2026-06-10 22:23:47] channel BS frame #2534: body_len=13 head=8d c7 54 b8 01 2b a7 ad 93 5f ed 37 26 ascii='..T..+..._.7&'
[2026-06-10 22:23:47] channel recv len=19 entropy=4.25 bs_len=19 u16le=21314 u32le=1266498 ascii='BS...2...x..E..f.N.'
[2026-06-10 22:23:47] channel BS frame #2535: body_len=15 head=bd 32 dc 1f b1 78 83 ff 45 ab f6 66 c1 4e b2 ascii='.2...x..E..f.N.'
[2026-06-10 22:23:47] channel recv len=17 entropy=4.09 bs_len=17 u16le=21314 u32le=1135426 ascii='BS..l.FP.3.Jc..`.'
[2026-06-10 22:23:47] channel BS frame #2536: body_len=13 head=6c e0 46 50 90 33 97 4a 63 c5 c2 60 fd ascii='l.FP.3.Jc..`.'
[2026-06-10 22:23:48] channel recv len=13 entropy=3.70 bs_len=13 u16le=21314 u32le=873282 ascii='BS..4$<......'
[2026-06-10 22:23:48] channel BS frame #2537: body_len=9 head=34 24 3c 06 92 05 f9 b1 9b ascii='4$<......'
[2026-06-10 22:23:48] channel recv len=13 entropy=3.70 bs_len=13 u16le=21314 u32le=873282 ascii='BS..-..;...t?'
[2026-06-10 22:23:48] channel BS frame #2538: body_len=9 head=2d ce c5 3b 8a 80 2e 74 3f ascii='-..;...t?'
[2026-06-10 22:23:48] channel recv len=17 entropy=3.97 bs_len=17 u16le=21314 u32le=1135426 ascii='BS........OC..%.a'
[2026-06-10 22:23:48] channel BS frame #2539: body_len=13 head=87 c9 bf d0 f8 dc 4f 43 d0 98 25 b5 61 ascii='......OC..%.a'
[2026-06-10 22:23:48] channel recv len=17 entropy=3.97 bs_len=17 u16le=21314 u32le=1135426 ascii='BS....S.h..u&l..+'
[2026-06-10 22:23:48] channel BS frame #2540: body_len=13 head=d0 f9 53 e6 68 92 02 75 26 6c cb bf 2b ascii='..S.h..u&l..+'
[2026-06-10 22:23:48] channel recv len=17 entropy=4.09 bs_len=17 u16le=21314 u32le=1135426 ascii='BS..;.~..I.._..vO'
[2026-06-10 22:23:48] channel BS frame #2541: body_len=13 head=3b 05 7e b0 eb 49 2e af 5f ce 02 76 4f ascii=';.~..I.._..vO'
[2026-06-10 22:23:48] channel recv len=56 entropy=5.46 bs_len=39 u16le=21314 u32le=2577218 ascii='BS\'..H.&3.!+~.2.G..gD....8..........I"\'BS...n...v.0.w...'
[2026-06-10 22:23:48] channel BS frame #2542: body_len=35 head=b4 48 bb 26 33 c1 21 2b 7e ed 32 f6 47 15 87 67 44 cf 04 ea 95 38 80 ac 19 d9 1a 0f 87 1d a2 88 ascii='.H.&3.!+~.2.G..gD....8..........I"\''
[2026-06-10 22:23:48] channel BS frame #2543: body_len=13 head=f8 6e b7 17 b0 76 96 30 07 77 00 00 00 ascii='.n...v.0.w...'
[2026-06-10 22:23:48] channel recv len=17 entropy=3.97 bs_len=17 u16le=21314 u32le=1135426 ascii='BS..g.:Z.I......9'
[2026-06-10 22:23:48] channel BS frame #2544: body_len=13 head=67 db 3a 5a fc 49 8c f3 03 a5 ad db 39 ascii='g.:Z.I......9'
[2026-06-10 22:23:48] channel recv len=17 entropy=4.09 bs_len=17 u16le=21314 u32le=1135426 ascii='BS...X....t.=g..)'
[2026-06-10 22:23:48] channel BS frame #2545: body_len=13 head=eb 58 bb fa be a9 74 91 3d 67 03 fc 29 ascii='.X....t.=g..)'
[2026-06-10 22:23:48] channel recv len=17 entropy=4.09 bs_len=17 u16le=21314 u32le=1135426 ascii='BS.....G+Q...${).'
[2026-06-10 22:23:48] channel BS frame #2546: body_len=13 head=92 9a b0 47 2b 51 c3 cd d6 24 7b 29 7f ascii='...G+Q...${).'
[2026-06-10 22:23:49] channel recv len=17 entropy=4.09 bs_len=17 u16le=21314 u32le=1135426 ascii='BS.. .vtm.2)Ia9.6'
[2026-06-10 22:23:49] channel BS frame #2547: body_len=13 head=20 cd 76 74 6d d8 32 29 49 61 39 7f 36 ascii=' .vtm.2)Ia9.6'
[2026-06-10 22:23:49] channel recv len=17 entropy=4.09 bs_len=17 u16le=21314 u32le=1135426 ascii='BS...........1...'
[2026-06-10 22:23:49] channel BS frame #2548: body_len=13 head=9a 97 f0 d7 9c ba 06 1d d1 31 89 02 f1 ascii='.........1...'
[2026-06-10 22:23:49] channel recv len=17 entropy=4.09 bs_len=17 u16le=21314 u32le=1135426 ascii='BS...Ds.........E'
[2026-06-10 22:23:49] channel BS frame #2549: body_len=13 head=1f 44 73 0a f4 81 ee 9c f6 e8 d9 a4 45 ascii='.Ds.........E'
[2026-06-10 22:23:49] channel recv len=53 entropy=5.23 bs_len=36 u16le=21314 u32le=2380610 ascii="BS$.3J..3.!&....~. ...V.y!.-Uk*8...FBS...o!'...0.w..."
[2026-06-10 22:23:49] channel BS frame #2550: body_len=32 head=33 4a f0 91 33 c1 21 26 c3 91 83 88 7e 1f 20 90 12 01 56 92 79 21 95 2d 55 6b 2a 38 80 a4 1c 46 ascii='3J..3.!&....~. ...V.y!.-Uk*8...F'
[2026-06-10 22:23:49] channel BS frame #2551: body_len=13 head=a9 6f 21 27 b7 01 96 30 07 77 00 00 00 ascii=".o!'...0.w..."
[2026-06-10 22:23:49] channel recv len=17 entropy=4.09 bs_len=17 u16le=21314 u32le=1135426 ascii='BS..g.:F.(...r.$j'
[2026-06-10 22:23:49] channel BS frame #2552: body_len=13 head=67 db 3a 46 b5 28 1a 97 fd 72 81 24 6a ascii='g.:F.(...r.$j'
[2026-06-10 22:23:49] channel recv len=17 entropy=4.09 bs_len=17 u16le=21314 u32le=1135426 ascii='BS......v.....?W.'
[2026-06-10 22:23:49] channel BS frame #2553: body_len=13 head=1a 0f b2 cb 76 dc 96 8e 09 e5 3f 57 f4 ascii='....v.....?W.'
[2026-06-10 22:23:49] channel recv len=17 entropy=4.09 bs_len=17 u16le=21314 u32le=1135426 ascii='BS..A{.U...z;.%..'
[2026-06-10 22:23:49] channel BS frame #2554: body_len=13 head=41 7b 94 55 d4 e8 cb 7a 3b ad 25 d3 ba ascii='A{.U...z;.%..'
[2026-06-10 22:23:49] channel recv len=17 entropy=4.09 bs_len=17 u16le=21314 u32le=1135426 ascii='BS.........W..6)r'
[2026-06-10 22:23:49] channel BS frame #2555: body_len=13 head=b7 d4 89 a0 f9 c8 7f 57 09 f0 36 29 72 ascii='.......W..6)r'
[2026-06-10 22:23:49] channel recv len=13 entropy=3.70 bs_len=13 u16le=21314 u32le=873282 ascii='BS..[@.{....8'
[2026-06-10 22:23:49] channel BS frame #2556: body_len=9 head=5b 40 05 7b 83 18 02 8e 38 ascii='[@.{....8'
[2026-06-10 22:23:50] channel recv len=13 entropy=3.55 bs_len=13 u16le=21314 u32le=873282 ascii='BS...LO=[/.O.'
[2026-06-10 22:23:50] channel BS frame #2557: body_len=9 head=c7 4c 4f 3d 5b 2f c4 4f 1d ascii='.LO=[/.O.'
[2026-06-10 22:23:50] channel recv len=5 entropy=2.32 bs_len=5 u16le=21314 u32le=348994 ascii='BS..t'
[2026-06-10 22:23:50] channel BS frame #2558: body_len=1 head=74 ascii='t'
[2026-06-10 22:23:50] channel replay sent server frame #1000 after client frame #2558: len=9 entropy=3.17 bs_len=9 u16le=21314 u32le=611138 ascii='BS...i..p'
[2026-06-10 22:23:50] channel replay observed client frame #2558; server frames sent=1008
[2026-06-10 22:23:50] channel recv len=17 entropy=3.97 bs_len=17 u16le=21314 u32le=1135426 ascii='BS..=%.).A.F4...^'
[2026-06-10 22:23:50] channel BS frame #2559: body_len=13 head=3d 25 fd 29 d9 41 d9 46 34 b9 0f 80 5e ascii='=%.).A.F4...^'
[2026-06-10 22:23:50] channel recv len=49 entropy=4.57 bs_len=15 u16le=21314 u32le=1004354 ascii='BS....9..h..A..BS..|...Sw.h_{.J.BS..u...Sw.h_{.J.'
[2026-06-10 22:23:50] channel BS frame #2560: body_len=11 head=b1 0c 39 b7 c4 68 e8 a8 41 a6 1d ascii='..9..h..A..'
[2026-06-10 22:23:50] channel BS frame #2561: body_len=13 head=7c 94 e8 f7 53 77 f4 68 5f 7b e3 4a b1 ascii='|...Sw.h_{.J.'
[2026-06-10 22:23:50] channel BS frame #2562: body_len=13 head=75 e3 06 f7 53 77 f4 68 5f 7b e3 4a b1 ascii='u...Sw.h_{.J.'
[2026-06-10 22:23:50] channel recv len=17 entropy=4.09 bs_len=17 u16le=21314 u32le=1135426 ascii='BS..g.:.Q..#o..N.'
[2026-06-10 22:23:50] channel BS frame #2563: body_len=13 head=67 db 3a d1 51 9b b1 23 6f de fb 4e e5 ascii='g.:.Q..#o..N.'
[2026-06-10 22:23:50] channel recv len=17 entropy=3.97 bs_len=17 u16le=21314 u32le=1135426 ascii='BS...i.&.7.f.BF..'
[2026-06-10 22:23:50] channel BS frame #2564: body_len=13 head=09 69 99 26 91 37 c3 66 f4 42 46 e9 9e ascii='.i.&.7.f.BF..'
[2026-06-10 22:23:50] channel recv len=6 entropy=2.58 bs_len=6 u16le=21314 u32le=414530 ascii='BS....'
[2026-06-10 22:23:50] channel BS frame #2565: body_len=2 head=ad 91 ascii='..'
[2026-06-10 22:23:50] channel recv len=17 entropy=3.97 bs_len=17 u16le=21314 u32le=1135426 ascii='BS...h.^...D...}L'
[2026-06-10 22:23:50] channel BS frame #2566: body_len=13 head=f5 68 fa 5e 00 14 d7 44 ec ed fb 7d 4c ascii='.h.^...D...}L'
[2026-06-10 22:23:50] channel recv len=17 entropy=4.09 bs_len=17 u16le=21314 u32le=1135426 ascii='BS....5...Q.E.f.]'
[2026-06-10 22:23:50] channel BS frame #2567: body_len=13 head=a9 ff 35 a3 a0 0f 51 b4 45 8b 66 fc 5d ascii='..5...Q.E.f.]'
[2026-06-10 22:23:50] channel recv len=17 entropy=3.97 bs_len=17 u16le=21314 u32le=1135426 ascii='BS...f?.g.....S.`'
[2026-06-10 22:23:50] channel BS frame #2568: body_len=13 head=a3 66 3f b4 67 8b 14 a4 17 0c 53 0d 60 ascii='.f?.g.....S.`'
[2026-06-10 22:23:50] channel recv len=13 entropy=3.70 bs_len=13 u16le=21314 u32le=873282 ascii='BS..i.O.-.y..'
[2026-06-10 22:23:50] channel BS frame #2569: body_len=9 head=69 e8 4f 0a 2d cf 79 d4 8b ascii='i.O.-.y..'
[2026-06-10 22:23:51] channel recv len=6 entropy=2.58 bs_len=6 u16le=21314 u32le=414530 ascii='BS..6.'
[2026-06-10 22:23:51] channel BS frame #2570: body_len=2 head=36 e5 ascii='6.'
[2026-06-10 22:23:51] channel recv len=13 entropy=3.70 bs_len=13 u16le=21314 u32le=873282 ascii='BS...p.N.8w..'
[2026-06-10 22:23:51] channel BS frame #2571: body_len=9 head=d7 70 f6 4e 98 38 77 c0 c3 ascii='.p.N.8w..'
[2026-06-10 22:23:51] channel recv len=13 entropy=3.70 bs_len=13 u16le=21314 u32le=873282 ascii='BS...ft..dvy.'
[2026-06-10 22:23:51] channel BS frame #2572: body_len=9 head=1e 66 74 b2 d7 64 76 79 97 ascii='.ft..dvy.'
[2026-06-10 22:23:51] channel recv len=13 entropy=3.70 bs_len=13 u16le=21314 u32le=873282 ascii='BS..W1.....>.'
[2026-06-10 22:23:51] channel BS frame #2573: body_len=9 head=57 31 db b1 f2 d4 91 3e 9c ascii='W1.....>.'
[2026-06-10 22:23:51] channel recv len=17 entropy=4.09 bs_len=17 u16le=21314 u32le=1135426 ascii='BS...V~.......I.^'
[2026-06-10 22:23:51] channel BS frame #2574: body_len=13 head=01 56 7e 91 b8 94 e5 e9 8c e7 49 c3 5e ascii='.V~.......I.^'
[2026-06-10 22:23:51] channel recv len=6 entropy=2.58 bs_len=6 u16le=21314 u32le=414530 ascii='BS...D'
[2026-06-10 22:23:51] channel BS frame #2575: body_len=2 head=fe 44 ascii='.D'
[2026-06-10 22:23:51] channel recv len=17 entropy=3.97 bs_len=17 u16le=21314 u32le=1135426 ascii='BS..I....l.@.....'
[2026-06-10 22:23:51] channel BS frame #2576: body_len=13 head=49 1f fa f2 c2 6c 11 40 ca 95 81 b3 1b ascii='I....l.@.....'
[2026-06-10 22:23:51] channel recv len=17 entropy=4.09 bs_len=17 u16le=21314 u32le=1135426 ascii='BS..|...f........'
[2026-06-10 22:23:51] channel BS frame #2577: body_len=13 head=7c dd 93 8c 66 eb f0 b9 f9 a2 17 08 83 ascii='|...f........'
[2026-06-10 22:23:51] channel recv len=17 entropy=4.09 bs_len=17 u16le=21314 u32le=1135426 ascii='BS....|.nbc5=....'
[2026-06-10 22:23:51] channel BS frame #2578: body_len=13 head=ee e6 7c b5 6e 62 63 35 3d eb c9 a4 ad ascii='..|.nbc5=....'
[2026-06-10 22:23:51] channel recv len=17 entropy=4.09 bs_len=17 u16le=21314 u32le=1135426 ascii='BS..Kt......T3.1k'
[2026-06-10 22:23:51] channel BS frame #2579: body_len=13 head=4b 74 9e d7 85 84 92 9c 54 33 bb 31 6b ascii='Kt......T3.1k'
[2026-06-10 22:23:52] channel recv len=17 entropy=4.09 bs_len=17 u16le=21314 u32le=1135426 ascii='BS...]YE...\\..".w'
[2026-06-10 22:23:52] channel BS frame #2580: body_len=13 head=d2 5d 59 45 ae cf 87 5c ef 2e 22 c4 77 ascii='.]YE...\\..".w'
[2026-06-10 22:23:52] channel recv len=5 entropy=2.32 bs_len=5 u16le=21314 u32le=348994 ascii='BS...'
[2026-06-10 22:23:52] channel BS frame #2581: body_len=1 head=c7 ascii='.'
[2026-06-10 22:23:52] channel recv len=17 entropy=3.97 bs_len=17 u16le=21314 u32le=1135426 ascii='BS....]j.[.~.....'
[2026-06-10 22:23:52] channel BS frame #2582: body_len=13 head=c2 0d 5d 6a 9e 5b 97 7e e5 1f 0e 0d bf ascii='..]j.[.~.....'
[2026-06-10 22:23:52] channel recv len=17 entropy=4.09 bs_len=17 u16le=21314 u32le=1135426 ascii='BS..!.[...oG(.n.E'
[2026-06-10 22:23:52] channel BS frame #2583: body_len=13 head=21 ae 5b a1 cf ec 6f 47 28 1e 6e fa 45 ascii='!.[...oG(.n.E'
[2026-06-10 22:23:52] channel recv len=13 entropy=3.70 bs_len=13 u16le=21314 u32le=873282 ascii='BS....l......'
[2026-06-10 22:23:52] channel BS frame #2584: body_len=9 head=89 1b 6c bf 2e 8d fd f6 08 ascii='..l......'
[2026-06-10 22:23:52] channel recv len=30 entropy=4.91 bs_len=30 u16le=21314 u32le=1987394 ascii='BS..n.HU)o...s..+\\....4t8|A...'
[2026-06-10 22:23:52] channel BS frame #2585: body_len=26 head=6e cb 48 55 29 6f ca c6 cf 73 01 1a 2b 5c eb af ed f5 34 74 38 7c 41 f7 d3 e9 ascii='n.HU)o...s..+\\....4t8|A...'
[2026-06-10 22:23:52] channel recv len=17 entropy=4.09 bs_len=17 u16le=21314 u32le=1135426 ascii='BS...]hg......Vj.'
[2026-06-10 22:23:52] channel BS frame #2586: body_len=13 head=90 5d 68 67 ba 8d a1 96 a7 8a 56 6a c7 ascii='.]hg......Vj.'
[2026-06-10 22:23:52] channel recv len=17 entropy=4.09 bs_len=17 u16le=21314 u32le=1135426 ascii='BS............y..'
[2026-06-10 22:23:52] channel BS frame #2587: body_len=13 head=84 13 e3 fd 10 ca 96 f0 a5 18 79 08 14 ascii='..........y..'
[2026-06-10 22:23:52] channel recv len=17 entropy=4.09 bs_len=17 u16le=21314 u32le=1135426 ascii='BS....Z._..(..Pe.'
[2026-06-10 22:23:52] channel BS frame #2588: body_len=13 head=e6 b8 5a 0f 5f 94 bb 28 fd d6 50 65 a3 ascii='..Z._..(..Pe.'
[2026-06-10 22:23:52] channel recv len=13 entropy=3.55 bs_len=13 u16le=21314 u32le=873282 ascii='BS..)aq..apO>'
[2026-06-10 22:23:52] channel BS frame #2589: body_len=9 head=29 61 71 17 8b 61 70 4f 3e ascii=')aq..apO>'
[2026-06-10 22:23:53] channel recv len=13 entropy=3.70 bs_len=13 u16le=21314 u32le=873282 ascii='BS.....a..*.^'
[2026-06-10 22:23:53] channel BS frame #2590: body_len=9 head=c8 f9 84 61 9d 13 2a 9b 5e ascii='...a..*.^'
[2026-06-10 22:23:53] channel recv len=5 entropy=2.32 bs_len=5 u16le=21314 u32le=348994 ascii='BS...'
[2026-06-10 22:23:53] channel BS frame #2591: body_len=1 head=fa ascii='.'
[2026-06-10 22:23:53] channel replay observed client frame #2591; server frames sent=1018
[2026-06-10 22:23:53] channel recv len=17 entropy=4.09 bs_len=17 u16le=21314 u32le=1135426 ascii='BS..d_.......$...'
[2026-06-10 22:23:53] channel BS frame #2592: body_len=13 head=64 5f f3 d8 ad a8 10 c2 0a 24 b6 cb da ascii='d_.......$...'
[2026-06-10 22:23:53] channel recv len=17 entropy=3.97 bs_len=17 u16le=21314 u32le=1135426 ascii='BS...Pj.P-.i.....'
[2026-06-10 22:23:53] channel BS frame #2593: body_len=13 head=ea 50 6a 93 50 2d 1d 69 92 f6 82 d3 d9 ascii='.Pj.P-.i.....'
[2026-06-10 22:23:53] channel recv len=17 entropy=4.09 bs_len=17 u16le=21314 u32le=1135426 ascii='BS..........qr"/.'
[2026-06-10 22:23:53] channel BS frame #2594: body_len=13 head=8f 95 1c bc 91 d7 12 13 71 72 22 2f e2 ascii='........qr"/.'
[2026-06-10 22:23:53] channel recv len=19 entropy=4.25 bs_len=19 u16le=21314 u32le=1266498 ascii='BS.....L.iu.N.h.).e'
[2026-06-10 22:23:53] channel BS frame #2595: body_len=15 head=d1 8d a8 4c f2 69 75 af 4e ca 68 fb 29 ad 65 ascii='...L.iu.N.h.).e'
[2026-06-10 22:23:53] channel recv len=17 entropy=3.97 bs_len=17 u16le=21314 u32le=1135426 ascii='BS....... ..I....'
[2026-06-10 22:23:53] channel BS frame #2596: body_len=13 head=ad cb ea 89 b7 20 fe a6 49 bd da 89 aa ascii='..... ..I....'
[2026-06-10 22:23:53] channel recv len=17 entropy=3.97 bs_len=17 u16le=21314 u32le=1135426 ascii='BS..#....}i.@..0#'
[2026-06-10 22:23:53] channel BS frame #2597: body_len=13 head=23 94 08 0c f8 7d 69 fa 40 81 a7 30 23 ascii='#....}i.@..0#'
[2026-06-10 22:23:53] channel recv len=17 entropy=4.09 bs_len=17 u16le=21314 u32le=1135426 ascii='BS.........^..#..'
[2026-06-10 22:23:53] channel BS frame #2598: body_len=13 head=a4 af 16 95 c4 0f d6 5e 2e 84 23 c8 89 ascii='.......^..#..'
[2026-06-10 22:23:54] channel recv len=13 entropy=3.70 bs_len=13 u16le=21314 u32le=873282 ascii='BS...H.1W ..{'
[2026-06-10 22:23:54] channel BS frame #2599: body_len=9 head=a7 48 1b 31 57 20 1e e8 7b ascii='.H.1W ..{'
[2026-06-10 22:23:54] channel recv len=17 entropy=4.09 bs_len=17 u16le=21314 u32le=1135426 ascii='BS....%>9...f....'
[2026-06-10 22:23:54] channel BS frame #2600: body_len=13 head=cd bb 25 3e 39 b5 e6 16 66 82 15 8d c6 ascii='..%>9...f....'
[2026-06-10 22:23:54] channel recv len=17 entropy=3.85 bs_len=17 u16le=21314 u32le=1135426 ascii='BS.......=.S.6..4'
[2026-06-10 22:23:54] channel BS frame #2601: body_len=13 head=f6 ca de ce 00 3d ef 53 e9 36 e2 f4 34 ascii='.....=.S.6..4'
[2026-06-10 22:23:54] channel recv len=17 entropy=4.09 bs_len=17 u16le=21314 u32le=1135426 ascii='BS.....l..v.r..k.'
[2026-06-10 22:23:54] channel BS frame #2602: body_len=13 head=1e c3 a3 6c c1 c6 76 f7 72 e5 1d 6b f6 ascii='...l..v.r..k.'
[2026-06-10 22:23:54] channel recv len=17 entropy=4.09 bs_len=17 u16le=21314 u32le=1135426 ascii='BS...K.Ho.2I...qz'
[2026-06-10 22:23:54] channel BS frame #2603: body_len=13 head=c3 4b d5 48 6f f2 32 49 fb 98 f3 71 7a ascii='.K.Ho.2I...qz'
[2026-06-10 22:23:54] channel recv len=17 entropy=4.09 bs_len=17 u16le=21314 u32le=1135426 ascii='BS......h?.3N.w.%'
[2026-06-10 22:23:54] channel BS frame #2604: body_len=13 head=e5 90 d1 f3 68 3f 09 33 4e b2 77 f2 25 ascii='....h?.3N.w.%'
[2026-06-10 22:23:54] channel recv len=17 entropy=4.09 bs_len=17 u16le=21314 u32le=1135426 ascii='BS....6!L..+.wd..'
[2026-06-10 22:23:54] channel BS frame #2605: body_len=13 head=84 fc 36 21 4c e5 14 2b 1c 77 64 f6 9c ascii='..6!L..+.wd..'
[2026-06-10 22:23:54] channel recv len=13 entropy=3.55 bs_len=13 u16le=21314 u32le=873282 ascii='BS..R.....$P.'
[2026-06-10 22:23:54] channel BS frame #2606: body_len=9 head=52 10 9a b9 ba 84 24 50 10 ascii='R.....$P.'
[2026-06-10 22:23:55] channel recv len=13 entropy=3.70 bs_len=13 u16le=21314 u32le=873282 ascii='BS..I...p..O#'
[2026-06-10 22:23:55] channel BS frame #2607: body_len=9 head=49 ba fc bf 70 be b4 4f 23 ascii='I...p..O#'
[2026-06-10 22:23:55] channel recv len=13 entropy=3.70 bs_len=13 u16le=21314 u32le=873282 ascii='BS......Cj.pT'
[2026-06-10 22:23:55] channel BS frame #2608: body_len=9 head=c7 ba f3 f8 43 6a 0c 70 54 ascii='....Cj.pT'
[2026-06-10 22:23:55] channel recv len=17 entropy=4.09 bs_len=17 u16le=21314 u32le=1135426 ascii='BS.......-.:..C.7'
[2026-06-10 22:23:55] channel BS frame #2609: body_len=13 head=80 0d e9 1b 02 2d 09 3a 86 9c 43 94 37 ascii='.....-.:..C.7'
[2026-06-10 22:23:55] channel recv len=17 entropy=3.97 bs_len=17 u16le=21314 u32le=1135426 ascii='BS.....oy.....6.o'
[2026-06-10 22:23:55] channel BS frame #2610: body_len=13 head=bb 03 9f 6f 79 89 9e db d0 0e 36 a9 6f ascii='...oy.....6.o'
[2026-06-10 22:23:55] channel recv len=17 entropy=3.97 bs_len=17 u16le=21314 u32le=1135426 ascii='BS...R\\..Y...^...'
[2026-06-10 22:23:55] channel BS frame #2611: body_len=13 head=db 52 5c d4 d9 59 dd cc 90 5e df dd e1 ascii='.R\\..Y...^...'
[2026-06-10 22:23:55] channel recv len=13 entropy=3.70 bs_len=13 u16le=21314 u32le=873282 ascii='BS....JA...|{'
[2026-06-10 22:23:55] channel BS frame #2612: body_len=9 head=f9 0e 4a 41 08 1c d9 7c 7b ascii='..JA...|{'
[2026-06-10 22:23:55] channel recv len=13 entropy=3.70 bs_len=13 u16le=21314 u32le=873282 ascii='BS.....a...N.'
[2026-06-10 22:23:55] channel BS frame #2613: body_len=9 head=89 e6 a7 61 d0 2e 90 4e 94 ascii='...a...N.'
[2026-06-10 22:23:55] channel recv len=13 entropy=3.70 bs_len=13 u16le=21314 u32le=873282 ascii='BS...V...x.X.'
[2026-06-10 22:23:55] channel BS frame #2614: body_len=9 head=10 56 c8 97 f9 78 d8 58 83 ascii='.V...x.X.'
[2026-06-10 22:23:56] channel recv len=17 entropy=3.97 bs_len=17 u16le=21314 u32le=1135426 ascii='BS..w]t.....).w.v'
[2026-06-10 22:23:56] channel BS frame #2615: body_len=13 head=77 5d 74 e4 fd 03 ea e1 29 b8 77 e0 76 ascii='w]t.....).w.v'
[2026-06-10 22:23:56] channel recv len=17 entropy=4.09 bs_len=17 u16le=21314 u32le=1135426 ascii='BS.....$g....V..#'
[2026-06-10 22:23:56] channel BS frame #2616: body_len=13 head=10 c0 b4 24 67 0c cf b0 8b 56 e3 1e 23 ascii='...$g....V..#'
[2026-06-10 22:23:56] channel recv len=5 entropy=2.32 bs_len=5 u16le=21314 u32le=348994 ascii='BS...'
[2026-06-10 22:23:56] channel BS frame #2617: body_len=1 head=b6 ascii='.'
[2026-06-10 22:23:56] channel replay observed client frame #2617; server frames sent=1028
[2026-06-10 22:23:56] channel recv len=13 entropy=3.70 bs_len=13 u16le=21314 u32le=873282 ascii='BS..N.I....:.'
[2026-06-10 22:23:56] channel BS frame #2618: body_len=9 head=4e 08 49 9f 19 bb bc 3a 8d ascii='N.I....:.'
[2026-06-10 22:23:56] channel recv len=19 entropy=4.04 bs_len=19 u16le=21314 u32le=1266498 ascii='BS...[..bV).M.[n..S'
[2026-06-10 22:23:56] channel BS frame #2619: body_len=15 head=ac 5b 0d a5 62 56 29 9f 4d 16 5b 6e 97 d9 53 ascii='.[..bV).M.[n..S'
[2026-06-10 22:23:56] channel recv len=13 entropy=3.70 bs_len=13 u16le=21314 u32le=873282 ascii='BS...h.!.....'
[2026-06-10 22:23:56] channel BS frame #2620: body_len=9 head=f1 68 07 21 b6 b5 f6 0f 9a ascii='.h.!.....'
[2026-06-10 22:23:56] channel recv len=17 entropy=3.97 bs_len=17 u16le=21314 u32le=1135426 ascii='BS.....(.$..>L...'
[2026-06-10 22:23:56] channel BS frame #2621: body_len=13 head=d4 d6 a8 28 fb 24 f6 fe 3e 4c dd b0 a8 ascii='...(.$..>L...'
[2026-06-10 22:23:56] channel recv len=17 entropy=4.09 bs_len=17 u16le=21314 u32le=1135426 ascii='BS...T...=.(m!._.'
[2026-06-10 22:23:56] channel BS frame #2622: body_len=13 head=bc 54 0e c6 0c 3d 07 28 6d 21 0d 5f d3 ascii='.T...=.(m!._.'
[2026-06-10 22:23:56] channel recv len=17 entropy=3.97 bs_len=17 u16le=21314 u32le=1135426 ascii='BS...0..Xu.....u#'
[2026-06-10 22:23:56] channel BS frame #2623: body_len=13 head=e7 30 8f 08 58 75 c6 81 84 c3 b7 75 23 ascii='.0..Xu.....u#'
[2026-06-10 22:23:56] channel recv len=17 entropy=4.09 bs_len=17 u16le=21314 u32le=1135426 ascii='BS..R.;....AZ....'
[2026-06-10 22:23:56] channel BS frame #2624: body_len=13 head=52 c5 3b f1 a3 81 10 41 5a 04 1f f7 f4 ascii='R.;....AZ....'
[2026-06-10 22:23:57] channel recv len=17 entropy=3.85 bs_len=17 u16le=21314 u32le=1135426 ascii='BS....O..O...^k.k'
[2026-06-10 22:23:57] channel BS frame #2625: body_len=13 head=86 13 4f b0 e6 4f ea 10 c2 5e 6b 16 6b ascii='..O..O...^k.k'
[2026-06-10 22:23:57] channel recv len=17 entropy=4.09 bs_len=17 u16le=21314 u32le=1135426 ascii='BS..)eKv...il..y.'
[2026-06-10 22:23:57] channel BS frame #2626: body_len=13 head=29 65 4b 76 8e 86 da 69 6c d7 a2 79 7f ascii=')eKv...il..y.'
[2026-06-10 22:23:57] channel recv len=19 entropy=4.14 bs_len=19 u16le=21314 u32le=1266498 ascii='BS......D..6...T..-'
[2026-06-10 22:23:57] channel BS frame #2627: body_len=15 head=db c0 15 d2 44 e4 fa 36 c1 cd e4 54 c8 a4 2d ascii='....D..6...T..-'
[2026-06-10 22:23:57] channel recv len=17 entropy=4.09 bs_len=17 u16le=21314 u32le=1135426 ascii='BS....m-........['
[2026-06-10 22:23:57] channel BS frame #2628: body_len=13 head=a7 06 6d 2d 8d c3 fd aa a2 e7 c7 b8 5b ascii='..m-........['
[2026-06-10 22:23:57] channel recv len=17 entropy=4.09 bs_len=17 u16le=21314 u32le=1135426 ascii='BS......}3.[..i6.'
[2026-06-10 22:23:57] channel BS frame #2629: body_len=13 head=ec 8a 18 bc 7d 33 e0 5b 15 01 69 36 f8 ascii='....}3.[..i6.'
[2026-06-10 22:23:57] channel recv len=19 entropy=4.25 bs_len=19 u16le=21314 u32le=1266498 ascii='BS..8.Q.ji......~."'
[2026-06-10 22:23:57] channel BS frame #2630: body_len=15 head=38 1a 51 01 6a 69 85 1d da dd 9a e1 7e 92 22 ascii='8.Q.ji......~."'
[2026-06-10 22:23:57] channel recv len=6 entropy=2.58 bs_len=6 u16le=21314 u32le=414530 ascii='BS..6a'
[2026-06-10 22:23:57] channel BS frame #2631: body_len=2 head=36 61 ascii='6a'
[2026-06-10 22:23:57] channel recv len=17 entropy=4.09 bs_len=17 u16le=21314 u32le=1135426 ascii='BS..... .e...a...'
[2026-06-10 22:23:57] channel BS frame #2632: body_len=13 head=d0 14 f4 20 b3 65 f6 9a 2e 61 c3 97 e4 ascii='... .e...a...'
[2026-06-10 22:23:57] channel recv len=17 entropy=3.85 bs_len=17 u16le=21314 u32le=1135426 ascii='BS...c.........b.'
[2026-06-10 22:23:57] channel BS frame #2633: body_len=13 head=cd 63 cd fc 95 97 95 b2 87 02 1a 62 d2 ascii='.c.........b.'
[2026-06-10 22:23:57] channel recv len=19 entropy=4.00 bs_len=19 u16le=21314 u32le=1266498 ascii='BS..."...SSu5.t@0.c'
[2026-06-10 22:23:57] channel BS frame #2634: body_len=15 head=bb 22 a1 c2 fa 53 53 75 35 98 74 40 30 09 63 ascii='."...SSu5.t@0.c'
[2026-06-10 22:23:58] channel recv len=17 entropy=3.62 bs_len=17 u16le=21314 u32le=1135426 ascii='BS....C..Be..+Ce.'
[2026-06-10 22:23:58] channel BS frame #2635: body_len=13 head=02 10 43 09 9c 42 65 b3 93 2b 43 65 02 ascii='..C..Be..+Ce.'
[2026-06-10 22:23:58] channel recv len=19 entropy=4.04 bs_len=19 u16le=21314 u32le=1266498 ascii='BS...p/...O!.$....u'
[2026-06-10 22:23:58] channel BS frame #2636: body_len=15 head=e1 70 2f 16 da d9 4f 21 7f 24 e1 00 9c f7 75 ascii='.p/...O!.$....u'
[2026-06-10 22:23:58] channel recv len=17 entropy=4.09 bs_len=17 u16le=21314 u32le=1135426 ascii='BS.....\\..-I..V..'
[2026-06-10 22:23:58] channel BS frame #2637: body_len=13 head=a6 f1 af 5c 92 ba 2d 49 c9 dc 56 d9 9f ascii='...\\..-I..V..'
[2026-06-10 22:23:58] channel recv len=17 entropy=3.97 bs_len=17 u16le=21314 u32le=1135426 ascii='BS..#....D2*G....'
[2026-06-10 22:23:58] channel BS frame #2638: body_len=13 head=23 c0 b9 00 d2 44 32 2a 47 92 82 bb f6 ascii='#....D2*G....'
[2026-06-10 22:23:58] channel recv len=17 entropy=3.97 bs_len=17 u16le=21314 u32le=1135426 ascii='BS..`...t.%|.....'
[2026-06-10 22:23:58] channel BS frame #2639: body_len=13 head=60 c0 b9 f3 74 e0 25 7c ff 05 11 90 0f ascii='`...t.%|.....'
[2026-06-10 22:23:58] channel recv len=32 entropy=3.98 bs_len=6 u16le=21314 u32le=414530 ascii='BS....BS...W-.z.#N,BS.....Sz.#N,'
[2026-06-10 22:23:58] channel BS frame #2640: body_len=2 head=e4 da ascii='..'
[2026-06-10 22:23:58] channel BS frame #2641: body_len=9 head=dc 57 2d cb 7a f6 23 4e 2c ascii='.W-.z.#N,'
[2026-06-10 22:23:58] channel BS frame #2642: body_len=9 head=81 bc 00 53 7a f6 23 4e 2c ascii='...Sz.#N,'
[2026-06-10 22:23:58] channel recv len=17 entropy=3.97 bs_len=17 u16le=21314 u32le=1135426 ascii='BS........B..CvZ{'
[2026-06-10 22:23:58] channel BS frame #2643: body_len=13 head=91 f8 de cd 9f 07 42 ed a3 43 76 5a 7b ascii='......B..CvZ{'
[2026-06-10 22:23:58] channel recv len=17 entropy=4.09 bs_len=17 u16le=21314 u32le=1135426 ascii='BS...;...y...\\.q+'
[2026-06-10 22:23:58] channel BS frame #2644: body_len=13 head=f0 3b 12 a0 a5 79 a7 9b aa 5c a1 71 2b ascii='.;...y...\\.q+'
[2026-06-10 22:23:58] channel recv len=13 entropy=3.70 bs_len=13 u16le=21314 u32le=873282 ascii='BS......1..F0'
[2026-06-10 22:23:58] channel BS frame #2645: body_len=9 head=e4 d6 b0 0a 31 7f ce 46 30 ascii='....1..F0'
[2026-06-10 22:23:59] channel recv len=13 entropy=3.70 bs_len=13 u16le=21314 u32le=873282 ascii='BS.....x!l.D.'
[2026-06-10 22:23:59] channel BS frame #2646: body_len=9 head=a3 cc 9c 78 21 6c 7f 44 fc ascii='...x!l.D.'
[2026-06-10 22:23:59] channel recv len=17 entropy=3.85 bs_len=17 u16le=21314 u32le=1135426 ascii='BS...w@B...k.(r$.'
[2026-06-10 22:23:59] channel BS frame #2647: body_len=13 head=a4 77 40 42 11 da f8 6b 05 28 72 24 89 ascii='.w@B...k.(r$.'
[2026-06-10 22:23:59] channel recv len=5 entropy=2.32 bs_len=5 u16le=21314 u32le=348994 ascii='BS..w'
[2026-06-10 22:23:59] channel BS frame #2648: body_len=1 head=77 ascii='w'
[2026-06-10 22:23:59] channel replay observed client frame #2648; server frames sent=1038
[2026-06-10 22:23:59] channel recv len=17 entropy=4.09 bs_len=17 u16le=21314 u32le=1135426 ascii='BS..r?G.Q&.i.....'
[2026-06-10 22:23:59] channel BS frame #2649: body_len=13 head=72 3f 47 c7 51 26 cb 69 85 e0 cc 10 9e ascii='r?G.Q&.i.....'
[2026-06-10 22:23:59] channel recv len=32 entropy=4.66 bs_len=15 u16le=21314 u32le=1004354 ascii='BS....d}.h)...HBS...6.*.....)O..'
[2026-06-10 22:23:59] channel BS frame #2650: body_len=11 head=bd 01 64 7d c4 68 29 8e b5 00 48 ascii='..d}.h)...H'
[2026-06-10 22:23:59] channel BS frame #2651: body_len=13 head=ed 36 99 2a 1c 9e de fc aa 29 4f a7 b1 ascii='.6.*.....)O..'
[2026-06-10 22:23:59] channel recv len=17 entropy=4.09 bs_len=17 u16le=21314 u32le=1135426 ascii='BS..g.:..........'
[2026-06-10 22:23:59] channel BS frame #2652: body_len=13 head=67 db 3a dc 1a c1 c6 fd 92 95 09 a7 fa ascii='g.:..........'
[2026-06-10 22:23:59] channel recv len=32 entropy=4.62 bs_len=15 u16le=21314 u32le=1004354 ascii='BS.......h.DM..BS.....u.....e...'
[2026-06-10 22:23:59] channel BS frame #2653: body_len=11 head=a6 1a bd 93 c4 68 f3 44 4d 0e 91 ascii='.....h.DM..'
[2026-06-10 22:23:59] channel BS frame #2654: body_len=13 head=e1 f3 81 75 8a 0e 1a 8f a8 65 e0 84 b1 ascii='...u.....e...'
[2026-06-10 22:23:59] channel recv len=19 entropy=4.14 bs_len=19 u16le=21314 u32le=1266498 ascii='BS..g....S........5'
[2026-06-10 22:23:59] channel BS frame #2655: body_len=15 head=67 e9 bb 96 97 53 f1 1d b1 ac 8c ed 17 b9 35 ascii='g....S........5'
[2026-06-10 22:23:59] channel recv len=32 entropy=4.75 bs_len=15 u16le=21314 u32le=1004354 ascii='BS.......hl.w*.BS...Q...w.(8.%]/'
[2026-06-10 22:23:59] channel BS frame #2656: body_len=11 head=12 f1 be e4 c4 68 6c 91 77 2a 10 ascii='.....hl.w*.'
[2026-06-10 22:23:59] channel BS frame #2657: body_len=13 head=dd 51 d2 c1 16 77 8d 28 38 01 25 5d 2f ascii='.Q...w.(8.%]/'
[2026-06-10 22:23:59] channel recv len=13 entropy=3.70 bs_len=13 u16le=21314 u32le=873282 ascii='BS..g.8.G..a.'
[2026-06-10 22:23:59] channel BS frame #2658: body_len=9 head=67 db 38 80 47 b3 90 61 ae ascii='g.8.G..a.'
[2026-06-10 22:23:59] channel recv len=17 entropy=3.97 bs_len=17 u16le=21314 u32le=1135426 ascii='BS..y...H=.|..[..'
[2026-06-10 22:23:59] channel BS frame #2659: body_len=13 head=79 ab fc cc 48 3d 1e 7c e9 fc 5b 01 99 ascii='y...H=.|..[..'
[2026-06-10 22:23:59] channel recv len=17 entropy=3.97 bs_len=17 u16le=21314 u32le=1135426 ascii='BS...A.pD..z...s.'
[2026-06-10 22:23:59] channel BS frame #2660: body_len=13 head=d5 41 c5 70 44 ea 9e 7a fe 85 14 73 9e ascii='.A.pD..z...s.'
[2026-06-10 22:23:59] channel recv len=17 entropy=4.09 bs_len=17 u16le=21314 u32le=1135426 ascii='BS...d.....D3.N.r'
[2026-06-10 22:23:59] channel BS frame #2661: body_len=13 head=f8 64 e5 d0 d4 ae cd 44 33 f5 4e d6 72 ascii='.d.....D3.N.r'
[2026-06-10 22:23:59] channel recv len=32 entropy=4.60 bs_len=15 u16le=21314 u32le=1004354 ascii='BS....H..h.B...BS..../...&.co..\\'
[2026-06-10 22:23:59] channel BS frame #2662: body_len=11 head=e6 09 48 b7 c4 68 db 42 d2 f6 09 ascii='..H..h.B...'
[2026-06-10 22:23:59] channel BS frame #2663: body_len=13 head=f6 8a 2f d1 a9 0b 26 8d 63 6f 94 82 5c ascii='../...&.co..\\'
[2026-06-10 22:24:00] channel recv len=17 entropy=3.97 bs_len=17 u16le=21314 u32le=1135426 ascii='BS..g.:...p0...$?'
[2026-06-10 22:24:00] channel BS frame #2664: body_len=13 head=67 db 3a bd db 0b 70 30 a7 ed dc 24 3f ascii='g.:...p0...$?'
[2026-06-10 22:24:00] channel recv len=32 entropy=4.81 bs_len=15 u16le=21314 u32le=1004354 ascii='BS....9..h.^.$.BS...,..x4(?.a...'
[2026-06-10 22:24:00] channel BS frame #2665: body_len=11 head=05 fb 39 b0 c4 68 f7 5e aa 24 9d ascii='..9..h.^.$.'
[2026-06-10 22:24:00] channel BS frame #2666: body_len=13 head=fc 2c 13 c0 78 34 28 3f e0 61 1b df c2 ascii='.,..x4(?.a...'
[2026-06-10 22:24:00] channel recv len=17 entropy=4.09 bs_len=17 u16le=21314 u32le=1135426 ascii='BS..g.:t.L.....X5'
[2026-06-10 22:24:00] channel BS frame #2667: body_len=13 head=67 db 3a 74 cf 4c d9 c8 0e cb e9 58 35 ascii='g.:t.L.....X5'
[2026-06-10 22:24:00] channel recv len=32 entropy=4.75 bs_len=15 u16le=21314 u32le=1004354 ascii='BS.....t.h.."..BS...).K....X....'
[2026-06-10 22:24:00] channel BS frame #2668: body_len=11 head=b4 fe 84 74 c4 68 9e a3 22 91 d7 ascii='...t.h.."..'
[2026-06-10 22:24:00] channel BS frame #2669: body_len=13 head=f1 29 fa 4b 9c 0b 2e 82 58 ae fe c9 c2 ascii='.).K....X....'
[2026-06-10 22:24:00] channel recv len=17 entropy=4.09 bs_len=17 u16le=21314 u32le=1135426 ascii='BS..g.:8tE.......'
[2026-06-10 22:24:00] channel BS frame #2670: body_len=13 head=67 db 3a 38 74 45 aa b3 d3 12 c2 15 0a ascii='g.:8tE.......'
[2026-06-10 22:24:00] channel recv len=19 entropy=4.25 bs_len=19 u16le=21314 u32le=1266498 ascii='BS.......ac <..Ed.y'
[2026-06-10 22:24:00] channel BS frame #2671: body_len=15 head=c5 0a a1 f2 d2 61 63 20 3c cf 9b 45 64 ae 79 ascii='.....ac <..Ed.y'
[2026-06-10 22:24:00] channel recv len=17 entropy=3.97 bs_len=17 u16le=21314 u32le=1135426 ascii='BS..i......%.*...'
[2026-06-10 22:24:00] channel BS frame #2672: body_len=13 head=69 95 ca d3 f0 bc af 25 af 2a 86 88 ea ascii='i......%.*...'
[2026-06-10 22:24:00] channel recv len=33 entropy=4.05 bs_len=13 u16le=21314 u32le=873282 ascii='BS..[s..z.#N,BS.....Sz.#N,BS.....'
[2026-06-10 22:24:00] channel BS frame #2673: body_len=9 head=5b 73 e2 cb 7a f6 23 4e 2c ascii='[s..z.#N,'
[2026-06-10 22:24:00] channel BS frame #2674: body_len=9 head=81 bc 00 53 7a f6 23 4e 2c ascii='...Sz.#N,'
[2026-06-10 22:24:00] channel BS frame #2675: body_len=3 head=86 19 a0 ascii='...'
[2026-06-10 22:24:00] channel recv len=17 entropy=4.09 bs_len=17 u16le=21314 u32le=1135426 ascii='BS.._...9.b.P....'
[2026-06-10 22:24:00] channel BS frame #2676: body_len=13 head=5f e8 d3 91 39 d9 62 e4 50 b7 ec f4 a8 ascii='_...9.b.P....'
[2026-06-10 22:24:00] channel recv len=17 entropy=3.97 bs_len=17 u16le=21314 u32le=1135426 ascii='BS..e...9.IK$....'
[2026-06-10 22:24:00] channel BS frame #2677: body_len=13 head=65 e6 97 91 39 d5 49 4b 24 d0 87 11 9b ascii='e...9.IK$....'
[2026-06-10 22:24:00] channel recv len=17 entropy=3.97 bs_len=17 u16le=21314 u32le=1135426 ascii='BS....0...G.@1A..'
[2026-06-10 22:24:00] channel BS frame #2678: body_len=13 head=bc f6 30 93 15 b4 47 00 40 31 41 cf a5 ascii='..0...G.@1A..'
[2026-06-10 22:24:01] channel recv len=17 entropy=3.97 bs_len=17 u16le=21314 u32le=1135426 ascii='BS....h....A..h..'
[2026-06-10 22:24:01] channel BS frame #2679: body_len=13 head=f9 9e 68 8e cc d5 fc 41 02 1b 68 06 d4 ascii='..h....A..h..'
[2026-06-10 22:24:01] channel recv len=17 entropy=4.09 bs_len=17 u16le=21314 u32le=1135426 ascii='BS......C",..^.X6'
[2026-06-10 22:24:01] channel BS frame #2680: body_len=13 head=c4 15 b1 fc 43 22 2c 83 c9 5e a2 58 36 ascii='....C",..^.X6'
[2026-06-10 22:24:01] channel recv len=17 entropy=4.09 bs_len=17 u16le=21314 u32le=1135426 ascii='BS..j!2...xM..#..'
[2026-06-10 22:24:01] channel BS frame #2681: body_len=13 head=6a 21 32 12 dc c0 78 4d cc bb 23 bd 97 ascii='j!2...xM..#..'
[2026-06-10 22:24:01] channel recv len=17 entropy=4.09 bs_len=17 u16le=21314 u32le=1135426 ascii="BS...yhu...\\'...."
[2026-06-10 22:24:01] channel BS frame #2682: body_len=13 head=02 79 68 75 b8 d2 e3 5c 27 a1 fc d9 f8 ascii=".yhu...\\'...."
[2026-06-10 22:24:01] channel recv len=17 entropy=3.97 bs_len=17 u16le=21314 u32le=1135426 ascii='BS....{H...-...-.'
[2026-06-10 22:24:01] channel BS frame #2683: body_len=13 head=be 0c 7b 48 0a 14 1a 2d bd 15 aa 2d a4 ascii='..{H...-...-.'
[2026-06-10 22:24:01] channel recv len=17 entropy=4.09 bs_len=17 u16le=21314 u32le=1135426 ascii='BS.....@.|......%'
[2026-06-10 22:24:01] channel BS frame #2684: body_len=13 head=92 94 f3 40 e2 7c 09 c3 16 97 c2 18 25 ascii='...@.|......%'
[2026-06-10 22:24:01] channel recv len=17 entropy=3.85 bs_len=17 u16le=21314 u32le=1135426 ascii='BS....od3..X].po.'
[2026-06-10 22:24:01] channel BS frame #2685: body_len=13 head=9d 9d 6f 64 33 98 0a 58 5d a1 70 6f 18 ascii='..od3..X].po.'
[2026-06-10 22:24:01] channel recv len=13 entropy=3.70 bs_len=13 u16le=21314 u32le=873282 ascii='BS.....Dy..Y.'
[2026-06-10 22:24:01] channel BS frame #2686: body_len=9 head=b0 fb db 44 79 d9 e8 59 04 ascii='...Dy..Y.'
[2026-06-10 22:24:02] channel recv len=13 entropy=3.70 bs_len=13 u16le=21314 u32le=873282 ascii='BS...u^|.I.{.'
[2026-06-10 22:24:02] channel BS frame #2687: body_len=9 head=b7 75 5e 7c ae 49 bf 7b 9f ascii='.u^|.I.{.'
[2026-06-10 22:24:02] channel recv len=13 entropy=3.70 bs_len=13 u16le=21314 u32le=873282 ascii="BS..j.n'M+`.."
[2026-06-10 22:24:02] channel BS frame #2688: body_len=9 head=6a 9d 6e 27 4d 2b 60 dd 0f ascii="j.n'M+`.."
[2026-06-10 22:24:02] channel recv len=5 entropy=2.32 bs_len=5 u16le=21314 u32le=348994 ascii='BS...'
[2026-06-10 22:24:02] channel BS frame #2689: body_len=1 head=f3 ascii='.'
[2026-06-10 22:24:02] channel replay observed client frame #2689; server frames sent=1042
[2026-06-10 22:24:02] channel recv len=17 entropy=4.09 bs_len=17 u16le=21314 u32le=1135426 ascii='BS...N.OM.......>'
[2026-06-10 22:24:02] channel BS frame #2690: body_len=13 head=d4 4e d0 4f 4d 07 f0 d1 ab cc c9 a3 3e ascii='.N.OM.......>'
[2026-06-10 22:24:02] channel recv len=9 entropy=3.17 bs_len=9 u16le=21314 u32le=611138 ascii='BS..&.Jd.'
[2026-06-10 22:24:02] channel BS frame #2691: body_len=5 head=26 ab 4a 64 8e ascii='&.Jd.'
[2026-06-10 22:24:02] channel recv len=17 entropy=4.09 bs_len=17 u16le=21314 u32le=1135426 ascii='BS....:.7....X...'
[2026-06-10 22:24:02] channel BS frame #2692: body_len=13 head=8e db 3a a6 37 c3 83 b9 b0 58 da bf 9c ascii='..:.7....X...'
[2026-06-10 22:24:02] channel recv len=17 entropy=3.97 bs_len=17 u16le=21314 u32le=1135426 ascii='BS..7R..[[1QFj...'
[2026-06-10 22:24:02] channel BS frame #2693: body_len=13 head=37 52 d1 81 5b 5b 31 51 46 6a d0 f6 90 ascii='7R..[[1QFj...'
[2026-06-10 22:24:02] channel recv len=17 entropy=3.97 bs_len=17 u16le=21314 u32le=1135426 ascii='BS......`.....3&.'
[2026-06-10 22:24:02] channel BS frame #2694: body_len=13 head=d9 c8 9a ff 60 1b c3 dd bc c3 33 26 d3 ascii='....`.....3&.'
[2026-06-10 22:24:02] channel recv len=17 entropy=4.09 bs_len=17 u16le=21314 u32le=1135426 ascii='BS.........DC...o'
[2026-06-10 22:24:02] channel BS frame #2695: body_len=13 head=fc bb de d6 0c d2 13 44 43 e0 12 dc 6f ascii='.......DC...o'
[2026-06-10 22:24:02] channel recv len=17 entropy=4.09 bs_len=17 u16le=21314 u32le=1135426 ascii='BS....jVh.d...}..'
[2026-06-10 22:24:02] channel BS frame #2696: body_len=13 head=9f e4 6a 56 68 db 64 1e c1 9c 7d 12 c0 ascii='..jVh.d...}..'
[2026-06-10 22:24:03] channel recv len=17 entropy=4.09 bs_len=17 u16le=21314 u32le=1135426 ascii='BS..._.]C.....;..'
[2026-06-10 22:24:03] channel BS frame #2697: body_len=13 head=b2 5f 8a 5d 43 97 d2 b0 95 f5 3b a1 aa ascii='._.]C.....;..'
[2026-06-10 22:24:03] channel recv len=9 entropy=3.17 bs_len=9 u16le=21314 u32le=611138 ascii='BS..6...y'
[2026-06-10 22:24:03] channel BS frame #2698: body_len=5 head=36 f3 c8 a3 79 ascii='6...y'
[2026-06-10 22:24:03] channel recv len=17 entropy=3.97 bs_len=17 u16le=21314 u32le=1135426 ascii='BS..).M.C....V...'
[2026-06-10 22:24:03] channel BS frame #2699: body_len=13 head=29 dc 4d c4 43 97 d2 ed dc 56 c9 c3 ea ascii=').M.C....V...'
[2026-06-10 22:24:03] channel recv len=9 entropy=3.17 bs_len=9 u16le=21314 u32le=611138 ascii='BS......y'
[2026-06-10 22:24:03] channel BS frame #2700: body_len=5 head=c7 8b b2 8e 79 ascii='....y'
[2026-06-10 22:24:03] channel recv len=17 entropy=4.09 bs_len=17 u16le=21314 u32le=1135426 ascii='BS..).M.h.d..[...'
[2026-06-10 22:24:03] channel BS frame #2701: body_len=13 head=29 dc 4d c8 68 db 64 06 88 5b ea a9 d5 ascii=').M.h.d..[...'
[2026-06-10 22:24:03] channel recv len=17 entropy=4.09 bs_len=17 u16le=21314 u32le=1135426 ascii='BS......q....Q..a'
[2026-06-10 22:24:03] channel BS frame #2702: body_len=13 head=2e 0e c6 96 71 1f 09 a6 c2 51 9f d1 61 ascii='....q....Q..a'
[2026-06-10 22:24:03] channel recv len=17 entropy=3.97 bs_len=17 u16le=21314 u32le=1135426 ascii="BS..$....s..'-Q.."
[2026-06-10 22:24:03] channel BS frame #2703: body_len=13 head=24 a1 f1 8b a8 73 0f a8 27 2d 51 8f 90 ascii="$....s..'-Q.."
[2026-06-10 22:24:03] channel recv len=19 entropy=4.25 bs_len=19 u16le=21314 u32le=1266498 ascii='BS..1..Als.P......J'
[2026-06-10 22:24:03] channel BS frame #2704: body_len=15 head=31 de e5 41 6c 73 83 50 82 8a 80 d2 86 aa 4a ascii='1..Als.P......J'
[2026-06-10 22:24:03] channel recv len=17 entropy=4.09 bs_len=17 u16le=21314 u32le=1135426 ascii="BS......'.e..?..."
[2026-06-10 22:24:03] channel BS frame #2705: body_len=13 head=d0 bd cc f9 27 87 65 a3 90 3f d7 ef e7 ascii="....'.e..?..."
[2026-06-10 22:24:03] channel recv len=17 entropy=3.97 bs_len=17 u16le=21314 u32le=1135426 ascii='BS..).......m...R'
[2026-06-10 22:24:03] channel BS frame #2706: body_len=13 head=29 bd c3 f6 b6 9a da 15 6d ba da 09 52 ascii=').......m...R'
[2026-06-10 22:24:04] channel recv len=13 entropy=3.70 bs_len=13 u16le=21314 u32le=873282 ascii='BS........4.t'
[2026-06-10 22:24:04] channel BS frame #2707: body_len=9 head=dd 09 e0 da d7 94 34 11 74 ascii='......4.t'
[2026-06-10 22:24:04] channel recv len=11 entropy=3.46 bs_len=11 u16le=21314 u32le=742210 ascii='BS....t".~.'
[2026-06-10 22:24:04] channel BS frame #2708: body_len=7 head=17 91 74 22 db 7e 9c ascii='..t".~.'
[2026-06-10 22:24:04] channel recv len=11 entropy=3.46 bs_len=11 u16le=21314 u32le=742210 ascii='BS......>..'
[2026-06-10 22:24:04] channel BS frame #2709: body_len=7 head=de bb ae bc 3e db c1 ascii='....>..'
[2026-06-10 22:24:04] channel recv len=11 entropy=3.46 bs_len=11 u16le=21314 u32le=742210 ascii='BS....a....'
[2026-06-10 22:24:04] channel BS frame #2710: body_len=7 head=ae e3 61 1d a9 f1 a2 ascii='..a....'
[2026-06-10 22:24:04] channel recv len=11 entropy=3.46 bs_len=11 u16le=21314 u32le=742210 ascii='BS..t.Q.p..'
[2026-06-10 22:24:04] channel BS frame #2711: body_len=7 head=74 d6 51 fb 70 9d a4 ascii='t.Q.p..'
[2026-06-10 22:24:04] channel recv len=11 entropy=3.46 bs_len=11 u16le=21314 u32le=742210 ascii='BS....Q...&'
[2026-06-10 22:24:04] channel BS frame #2712: body_len=7 head=17 d6 51 cf c5 95 26 ascii='..Q...&'
[2026-06-10 22:24:04] channel recv len=11 entropy=3.46 bs_len=11 u16le=21314 u32le=742210 ascii='BS.....{..}'
[2026-06-10 22:24:04] channel BS frame #2713: body_len=7 head=1e ed e2 7b cf fa 7d ascii='...{..}'
[2026-06-10 22:24:04] channel recv len=11 entropy=3.46 bs_len=11 u16le=21314 u32le=742210 ascii='BS..4.Q..{C'
[2026-06-10 22:24:04] channel BS frame #2714: body_len=7 head=34 d6 51 d7 93 7b 43 ascii='4.Q..{C'
[2026-06-10 22:24:05] channel recv len=11 entropy=3.46 bs_len=11 u16le=21314 u32le=742210 ascii='BS....[....'
[2026-06-10 22:24:05] channel BS frame #2715: body_len=7 head=d9 8b 5b e9 a7 a0 b1 ascii='..[....'
[2026-06-10 22:24:05] channel recv len=11 entropy=3.46 bs_len=11 u16le=21314 u32le=742210 ascii='BS...^Z...q'
[2026-06-10 22:24:05] channel BS frame #2716: body_len=7 head=c6 5e 5a eb 8e 92 71 ascii='.^Z...q'
[2026-06-10 22:24:05] channel recv len=5 entropy=2.32 bs_len=5 u16le=21314 u32le=348994 ascii='BS..f'
[2026-06-10 22:24:05] channel BS frame #2717: body_len=1 head=66 ascii='f'
[2026-06-10 22:24:05] channel replay observed client frame #2717; server frames sent=1050
[2026-06-10 22:24:06] channel recv len=11 entropy=3.46 bs_len=11 u16le=21314 u32le=742210 ascii='BS...K...=m'
[2026-06-10 22:24:06] channel BS frame #2718: body_len=7 head=08 4b 90 91 9e 3d 6d ascii='.K...=m'
[2026-06-10 22:24:07] channel recv len=11 entropy=3.46 bs_len=11 u16le=21314 u32le=742210 ascii='BS.......".'
[2026-06-10 22:24:07] channel BS frame #2719: body_len=7 head=2e bc 8e ae c2 22 11 ascii='.....".'
[2026-06-10 22:24:07] channel recv len=11 entropy=3.46 bs_len=11 u16le=21314 u32le=742210 ascii='BS...f...*.'
[2026-06-10 22:24:07] channel BS frame #2720: body_len=7 head=eb 66 94 f2 18 2a 9f ascii='.f...*.'
[2026-06-10 22:24:07] channel recv len=11 entropy=3.28 bs_len=11 u16le=21314 u32le=742210 ascii='BS..8B...4.'
[2026-06-10 22:24:07] channel BS frame #2721: body_len=7 head=38 42 88 cb 14 34 f5 ascii='8B...4.'
[2026-06-10 22:24:07] channel recv len=9 entropy=3.17 bs_len=9 u16le=21314 u32le=611138 ascii='BS.....e.'
[2026-06-10 22:24:07] channel BS frame #2722: body_len=5 head=e6 a7 c8 65 19 ascii='...e.'
[2026-06-10 22:24:08] channel recv len=11 entropy=3.46 bs_len=11 u16le=21314 u32le=742210 ascii='BS....>.,de'
[2026-06-10 22:24:08] channel BS frame #2723: body_len=7 head=17 db 3e d4 2c 64 65 ascii='..>.,de'
[2026-06-10 22:24:08] channel recv len=5 entropy=2.32 bs_len=5 u16le=21314 u32le=348994 ascii='BS..L'
[2026-06-10 22:24:08] channel BS frame #2724: body_len=1 head=4c ascii='L'
[2026-06-10 22:24:08] channel replay observed client frame #2724; server frames sent=1060
[2026-06-10 22:24:08] channel recv len=11 entropy=3.28 bs_len=11 u16le=21314 u32le=742210 ascii='BS...{...oI'
[2026-06-10 22:24:08] channel BS frame #2725: body_len=7 head=1d 7b 0b fb d1 6f 49 ascii='.{...oI'
[2026-06-10 22:24:08] channel recv len=11 entropy=3.46 bs_len=11 u16le=21314 u32le=742210 ascii='BS....]LQdq'
[2026-06-10 22:24:08] channel BS frame #2726: body_len=7 head=b3 ba 5d 4c 51 64 71 ascii='..]LQdq'
[2026-06-10 22:24:08] channel recv len=11 entropy=3.46 bs_len=11 u16le=21314 u32le=742210 ascii='BS....g..-.'
[2026-06-10 22:24:08] channel BS frame #2727: body_len=7 head=8f 06 67 cd 09 2d d7 ascii='..g..-.'
[2026-06-10 22:24:09] channel recv len=9 entropy=3.17 bs_len=9 u16le=21314 u32le=611138 ascii='BS.......'
[2026-06-10 22:24:09] channel BS frame #2728: body_len=5 head=86 ab e0 b5 17 ascii='.....'
[2026-06-10 22:24:09] channel recv len=11 entropy=3.46 bs_len=11 u16le=21314 u32le=742210 ascii='BS....>..!.'
[2026-06-10 22:24:09] channel BS frame #2729: body_len=7 head=f9 db 3e d8 09 21 fc ascii='..>..!.'
[2026-06-10 22:24:10] channel recv len=11 entropy=3.28 bs_len=11 u16le=21314 u32le=742210 ascii='BS..*Bb]...'
[2026-06-10 22:24:10] channel BS frame #2730: body_len=7 head=2a 42 62 5d 93 10 9d ascii='*Bb]...'
[2026-06-10 22:24:10] channel recv len=11 entropy=3.46 bs_len=11 u16le=21314 u32le=742210 ascii='BS..f.9...i'
[2026-06-10 22:24:10] channel BS frame #2731: body_len=7 head=66 c6 39 c9 b3 0d 69 ascii='f.9...i'
[2026-06-10 22:24:11] channel recv len=13 entropy=3.70 bs_len=13 u16le=21314 u32le=873282 ascii='BS...$r...]..'
[2026-06-10 22:24:11] channel BS frame #2732: body_len=9 head=97 24 72 e5 c2 c7 5d a5 c3 ascii='.$r...]..'
[2026-06-10 22:24:11] channel recv len=17 entropy=4.09 bs_len=17 u16le=21314 u32le=1135426 ascii='BS...y.+.........'
[2026-06-10 22:24:11] channel BS frame #2733: body_len=13 head=96 79 bd 2b e0 02 b6 0d e5 16 be 09 f3 ascii='.y.+.........'
[2026-06-10 22:24:11] channel recv len=5 entropy=2.32 bs_len=5 u16le=21314 u32le=348994 ascii='BS...'
[2026-06-10 22:24:11] channel BS frame #2734: body_len=1 head=07 ascii='.'
[2026-06-10 22:24:11] channel replay observed client frame #2734; server frames sent=1070
[2026-06-10 22:24:11] channel recv len=17 entropy=3.97 bs_len=17 u16le=21314 u32le=1135426 ascii='BS......j...5..i"'
[2026-06-10 22:24:11] channel BS frame #2735: body_len=13 head=a0 91 ac f6 6a f4 ac eb 35 a4 e4 69 22 ascii='....j...5..i"'
[2026-06-10 22:24:11] channel recv len=17 entropy=4.09 bs_len=17 u16le=21314 u32le=1135426 ascii='BS..\\]...G...b...'
[2026-06-10 22:24:11] channel BS frame #2736: body_len=13 head=5c 5d e0 ed e6 47 cd c3 f4 62 97 9d 8e ascii='\\]...G...b...'
[2026-06-10 22:24:11] channel recv len=17 entropy=4.09 bs_len=17 u16le=21314 u32le=1135426 ascii='BS...YdT....o".~.'
[2026-06-10 22:24:11] channel BS frame #2737: body_len=13 head=b2 59 64 54 b1 8b f0 95 6f 22 07 7e cb ascii='.YdT....o".~.'
[2026-06-10 22:24:11] channel recv len=17 entropy=4.09 bs_len=17 u16le=21314 u32le=1135426 ascii='BS...v.z..@..o...'
[2026-06-10 22:24:11] channel BS frame #2738: body_len=13 head=c0 76 c1 7a cf da 40 09 2e 6f e1 93 10 ascii='.v.z..@..o...'
[2026-06-10 22:24:11] channel recv len=17 entropy=4.09 bs_len=17 u16le=21314 u32le=1135426 ascii='BS..s...X.$j.....'
[2026-06-10 22:24:11] channel BS frame #2739: body_len=13 head=73 e2 85 ad 58 b6 24 6a 1e a0 8a 1b 89 ascii='s...X.$j.....'
[2026-06-10 22:24:11] channel recv len=19 entropy=4.25 bs_len=19 u16le=21314 u32le=1266498 ascii='BS...=]-k,w...|3.A#'
[2026-06-10 22:24:11] channel BS frame #2740: body_len=15 head=d5 3d 5d 2d 6b 2c 77 ff 1a f9 7c 33 d7 41 23 ascii='.=]-k,w...|3.A#'
[2026-06-10 22:24:12] channel recv len=13 entropy=3.55 bs_len=13 u16le=21314 u32le=873282 ascii='BS..+.?y+....'
[2026-06-10 22:24:12] channel BS frame #2741: body_len=9 head=2b f2 3f 79 2b b3 a9 e2 ce ascii='+.?y+....'
[2026-06-10 22:24:12] channel recv len=15 entropy=3.91 bs_len=15 u16le=21314 u32le=1004354 ascii='BS....Z..R..r.m'
[2026-06-10 22:24:12] channel BS frame #2742: body_len=11 head=bd 80 5a 84 1f 52 e6 88 72 9c 6d ascii='..Z..R..r.m'
[2026-06-10 22:24:12] channel recv len=17 entropy=4.09 bs_len=17 u16le=21314 u32le=1135426 ascii='BS..(...x5...O...'
[2026-06-10 22:24:12] channel BS frame #2743: body_len=13 head=28 cd ab 85 78 35 9c ea fb 4f b8 1d a5 ascii='(...x5...O...'
[2026-06-10 22:24:12] channel recv len=19 entropy=4.25 bs_len=19 u16le=21314 u32le=1266498 ascii='BS......<...|pA....'
[2026-06-10 22:24:12] channel BS frame #2744: body_len=15 head=0b dc 11 e9 3c 88 f8 9f 7c 70 41 1e b1 9c f3 ascii='....<...|pA....'
[2026-06-10 22:24:12] channel recv len=19 entropy=4.14 bs_len=19 u16le=21314 u32le=1266498 ascii='BS....M...k!q.".@.G'
[2026-06-10 22:24:12] channel BS frame #2745: body_len=15 head=93 ac 4d 95 f5 9a 6b 21 71 bc 22 d7 40 ac 47 ascii='..M...k!q.".@.G'
[2026-06-10 22:24:12] channel recv len=17 entropy=4.09 bs_len=17 u16le=21314 u32le=1135426 ascii='BS.....I.yH?4....'
[2026-06-10 22:24:12] channel BS frame #2746: body_len=13 head=e8 05 a0 49 1d 79 48 3f 34 b6 92 9f 07 ascii='...I.yH?4....'
[2026-06-10 22:24:12] channel recv len=15 entropy=3.77 bs_len=15 u16le=21314 u32le=1004354 ascii='BS..Qi..G.....I'
[2026-06-10 22:24:12] channel BS frame #2747: body_len=11 head=51 69 02 10 47 c1 f4 e5 c1 fe 49 ascii='Qi..G.....I'
[2026-06-10 22:24:12] channel recv len=13 entropy=3.55 bs_len=13 u16le=21314 u32le=873282 ascii='BS.....`.A.?.'
[2026-06-10 22:24:12] channel BS frame #2748: body_len=9 head=c1 c6 18 60 0d 41 ca 3f f4 ascii='...`.A.?.'
[2026-06-10 22:24:12] channel recv len=17 entropy=4.09 bs_len=17 u16le=21314 u32le=1135426 ascii='BS...wd..Z.-..{..'
[2026-06-10 22:24:12] channel BS frame #2749: body_len=13 head=bd 77 64 9f 03 5a ce 2d 9d a0 7b 01 d8 ascii='.wd..Z.-..{..'
[2026-06-10 22:24:12] channel recv len=19 entropy=4.00 bs_len=19 u16le=21314 u32le=1266498 ascii="BS...L..Jd5.K'.s.ss"
[2026-06-10 22:24:12] channel BS frame #2750: body_len=15 head=e1 4c 9d b8 4a 64 35 fb 4b 27 cc 73 c5 73 73 ascii=".L..Jd5.K'.s.ss"
[2026-06-10 22:24:12] channel recv len=19 entropy=4.14 bs_len=19 u16le=21314 u32le=1266498 ascii='BS..e.TK..k...yT.F@'
[2026-06-10 22:24:12] channel BS frame #2751: body_len=15 head=65 eb 54 4b b7 ea 6b c7 f4 86 79 54 1f 46 40 ascii='e.TK..k...yT.F@'
[2026-06-10 22:24:13] channel recv len=17 entropy=3.97 bs_len=17 u16le=21314 u32le=1135426 ascii='BS..{..Bd.r....#.'
[2026-06-10 22:24:13] channel BS frame #2752: body_len=13 head=7b 98 a0 42 64 0d 72 ae da e5 ab 23 f4 ascii='{..Bd.r....#.'
[2026-06-10 22:24:13] channel recv len=13 entropy=3.70 bs_len=13 u16le=21314 u32le=873282 ascii='BS....?.D.C./'
[2026-06-10 22:24:13] channel BS frame #2753: body_len=9 head=c1 da 3f 93 44 a6 43 fb 2f ascii='..?.D.C./'
[2026-06-10 22:24:13] channel recv len=15 entropy=3.77 bs_len=15 u16le=21314 u32le=1004354 ascii='BS....3m.i..C./'
[2026-06-10 22:24:13] channel BS frame #2754: body_len=11 head=8d 8d 33 6d ca 69 bb 15 43 8c 2f ascii='..3m.i..C./'
[2026-06-10 22:24:13] channel recv len=15 entropy=3.91 bs_len=15 u16le=21314 u32le=1004354 ascii='BS....W].QZ.)..'
[2026-06-10 22:24:13] channel BS frame #2755: body_len=11 head=8d 9d 57 5d b5 51 5a da 29 e1 f6 ascii='..W].QZ.)..'
[2026-06-10 22:24:13] channel recv len=17 entropy=4.09 bs_len=17 u16le=21314 u32le=1135426 ascii='BS....![.\\...r.lp'
[2026-06-10 22:24:13] channel BS frame #2756: body_len=13 head=e1 a8 21 5b aa 5c c7 9a dd 72 81 6c 70 ascii='..![.\\...r.lp'
[2026-06-10 22:24:13] channel recv len=11 entropy=3.46 bs_len=11 u16le=21314 u32le=742210 ascii='BS..yij.O.|'
[2026-06-10 22:24:13] channel BS frame #2757: body_len=7 head=79 69 6a a1 4f ca 7c ascii='yij.O.|'
[2026-06-10 22:24:13] channel recv len=11 entropy=3.46 bs_len=11 u16le=21314 u32le=742210 ascii='BS....p..>.'
[2026-06-10 22:24:13] channel BS frame #2758: body_len=7 head=90 b3 70 95 fa 3e c8 ascii='..p..>.'
[2026-06-10 22:24:14] channel recv len=5 entropy=2.32 bs_len=5 u16le=21314 u32le=348994 ascii='BS...'
[2026-06-10 22:24:14] channel BS frame #2759: body_len=1 head=c4 ascii='.'
[2026-06-10 22:24:14] channel replay observed client frame #2759; server frames sent=1080
[2026-06-10 22:24:14] channel recv len=11 entropy=3.46 bs_len=11 u16le=21314 u32le=742210 ascii='BS..G.!~p._'
[2026-06-10 22:24:14] channel BS frame #2760: body_len=7 head=47 e4 21 7e 70 a0 5f ascii='G.!~p._'
[2026-06-10 22:24:14] channel recv len=11 entropy=3.46 bs_len=11 u16le=21314 u32le=742210 ascii='BS..=...].s'
[2026-06-10 22:24:14] channel BS frame #2761: body_len=7 head=3d b5 d6 f6 5d f7 73 ascii='=...].s'
[2026-06-10 22:24:16] channel recv len=9 entropy=3.17 bs_len=9 u16le=21314 u32le=611138 ascii='BS......W'
[2026-06-10 22:24:16] channel BS frame #2762: body_len=5 head=0d b9 94 c0 57 ascii='....W'
[2026-06-10 22:24:16] channel replay observed client frame #2762; server frames sent=1086
[2026-06-10 22:24:16] channel recv len=15 entropy=2.42 bs_len=5 u16le=21314 u32le=348994 ascii='BS...BS...BS...'
[2026-06-10 22:24:16] channel BS frame #2763: body_len=1 head=05 ascii='.'
[2026-06-10 22:24:16] channel BS frame #2764: body_len=1 head=8b ascii='.'
[2026-06-10 22:24:16] channel BS frame #2765: body_len=1 head=e9 ascii='.'
[2026-06-10 22:25:29] client->game 88 bytes
[2026-06-10 22:25:29] game recv len=88 entropy=6.11 bs_len=88 u16le=21314 u16be=16979 u32le=5788482 u32be=1112758272 ascii='BSX.3.a.G..9..;h.M>...C........U.5..v..6.....|`.z.n..*.a.&/.....k.....C...d~.......'
[2026-06-10 22:25:29] game client plain #19: type=0x1e body_len=84 head=1e 4f 00 00 00 01 2f 08 ff 00 00 04 a2 c3 47 ce field32=79 payload_len=79 field32b=4278726401 strings=['(S}?']
[2026-06-10 22:25:29] game replay observed 1 complete client BS frame(s); total=19
[2026-06-10 22:26:00] Stopping owned local services
[2026-06-10 22:26:00] Local service process exited: code=1
[2026-06-10 22:26:06] No owned local services are running
[2026-06-10 22:28:04] Release root: D:\Development\FinalCombat-files\FinalCombat
[2026-06-10 22:28:04] Python: python
[2026-06-10 22:28:06] Starting local auth, proxy, game, and channel services
[2026-06-10 22:28:06] loaded asset profile: D:\Development\FinalCombat-files\FinalCombat\protocol_assets\profiles\singleplayer_direct.json
[2026-06-10 22:28:06] starting auth: python D:\Development\FinalCombat-files\FinalCombat\server_auth\auth_server.py
[2026-06-10 22:28:06] starting game: python D:\Development\FinalCombat-files\FinalCombat\server_game\game_server.py --asset-root D:\Development\FinalCombat-files\FinalCombat\protocol_assets --asset-session singleplayer_15000 --replay-cfb-auto-key --replay-cfb-process-name FinalCombat.exe --replay-patch-host 127.0.0.1
[2026-06-10 22:28:06] starting proxy: python D:\Development\FinalCombat-files\FinalCombat\server_proxy\proxy_server.py
[2026-06-10 22:28:06] starting channel: python D:\Development\FinalCombat-files\FinalCombat\server_game\channel_server.py --host 127.0.0.1 --port 9024 --asset-root D:\Development\FinalCombat-files\FinalCombat\protocol_assets --asset-session singleplayer_9024 --replay-mode direct --direct-auto-start-delay 0.1
[2026-06-10 22:28:06] client launch args:
[2026-06-10 22:28:06] -info 100000001 -login <redacted> -proxysvrip 127.0.0.1 -proxysvrport 15000 -servername FinalCombat -serverid 1
[2026-06-10 22:28:06] auth health: http://127.0.0.1:18090/health
[2026-06-10 22:28:06] channel listener: 127.0.0.1:9024
[2026-06-10 22:28:06] protocol assets: D:\Development\FinalCombat-files\FinalCombat\protocol_assets
[2026-06-10 22:28:06] game asset session: singleplayer_15000
[2026-06-10 22:28:06] channel asset session: singleplayer_9024
[2026-06-10 22:28:06] press Ctrl+C to stop all stubs
[2026-06-10 22:28:06] proxy stub listening on ('127.0.0.1', 15000); target 127.0.0.1:9000
[2026-06-10 22:28:06] auth stub listening on ('127.0.0.1', 18090)
[2026-06-10 22:28:06] game asset loaded multi-variant RPC template(s): email_list, get_compete_buy_time, get_module_status, online_award, personal_simple, team_info
[2026-06-10 22:28:06] loaded replay capture: 41 client frame(s), 40 server frame(s), 31 response group(s); CFB plaintext asset session(s) ['singleplayer_15000'] (primary 40 server frame(s), templates available 40, rpc fallback 15 method(s), variants 26, signature variants 0, binary fallback 1 group(s), key=auto)
[2026-06-10 22:28:06] game stub listening on ('127.0.0.1', 9000)
[2026-06-10 22:28:06] loaded channel replay: 36 client frame(s), 240 server frame(s), 29 response group(s); CRC plaintext asset session 'singleplayer_9024'
[2026-06-10 22:28:06] channel stub listening on ('127.0.0.1', 9024)
[2026-06-10 22:28:08] Prepared local game config files
[2026-06-10 22:28:08] Launching game: D:\Development\FinalCombat-files\FinalCombat\game\FinalCombat.exe -info 100000001 -login <redacted> -proxysvrip 127.0.0.1 -proxysvrport 15000 -servername FinalCombat -serverid 1
[2026-06-10 22:28:20] proxy accepted ('127.0.0.1', 2611); connecting to 127.0.0.1:9000
[2026-06-10 22:28:20] game accepted ('127.0.0.1', 2612)
[2026-06-10 22:28:20] game replay sent server frame #1 after client frame #0: len=12 entropy=3.58 bs_len=12 u16le=21314 u16be=16979 u32le=807746 u32be=1112738816 ascii='BS..H1..K(.F'
[2026-06-10 22:28:20] game->client first 12 bytes: 42 53 0c 00 48 31 0d a0 4b 28 8b 46
[2026-06-10 22:28:20] proxy client initial login decrypted: opcode=0x1b000001 version='1.0.6.8166' account='100000001' challenge=9b 0c 2f 88 f5 97 f6 0e challenge_block=3e 1b 15 5d 60 ec b5 7e send_state=0x5d151b3e recv_state=0x7eb5ec60
[2026-06-10 22:28:20] client->game first 99 bytes: 42 53 63 00 55 df 67 5e 91 d7 8c 5f d1 14 ff 51 4e bf 92 c4 ad 71 fa 7e 75 cf 09 a4 b8 dc 48 0a 9c 72 24 53 53 53 52 c5 53 c8 88 67 47 36 ed e4 d3 f7 a6 9a e0 0b 2b 69 e2 e9 ca 43 e5 2f 78 6b 87 94 34 2b f9 22 53 53 53 53 53 53 53 53 53 53 53 53 53 53 53 53 53 53 53 53 53 f8 0f b1 66 0b ...(+3 bytes)
[2026-06-10 22:28:20] game recv len=99 entropy=5.29 bs_len=99 u16le=21314 u16be=16979 u32le=6509378 u32be=1112761088 ascii='BSc.U.g^..._...QN....q.~u.....H..r$SSSR.S..gG6........+i...C./xk..4+."SSSSSSSSSS...'
[2026-06-10 22:28:20] game client initial login decrypted: opcode=0x1b000001 version='1.0.6.8166' account='100000001' ticket='<ticket>' challenge=9b 0c 2f 88 f5 97 f6 0e challenge_block=3e 1b 15 5d 60 ec b5 7e send_state=0x5d151b3e recv_state=0x7eb5ec60 state=0x42574954->0xe7ec9df6
[2026-06-10 22:28:22] game CFB auto-key matched pid=27324 subobject=520970440 response=9b 0c 2f 88 f5 97 f6 0e key=00 ca de 7b 5f ce 96 a8
[2026-06-10 22:28:22] game replay sent server frame #2 after client frame #1: len=226 entropy=7.04 bs_len=226 u16le=21314 u16be=16979 u32le=14832450 u32be=1112793600 ascii="BS..0....?.=M$9.a.. '.G.Y......<&...Q..Z.+....o8fv9..c....j.E.w<m..7.p.........y..."
[2026-06-10 22:28:22] game->client 226 bytes
[2026-06-10 22:28:22] game replay observed 1 complete client BS frame(s); total=1
[2026-06-10 22:28:22] client->game 5 bytes
[2026-06-10 22:28:22] game recv len=5 entropy=2.32 bs_len=5 u16le=21314 u16be=16979 u32le=348994 u32be=1112737024 ascii='BS..1'
[2026-06-10 22:28:22] game client frame #2 decrypted prefix: state=0xe7ec9df6->0x05e7bb8e plain=c7 ascii='.'
[2026-06-10 22:28:22] game client plain #2: type=0x01 body_len=1 head=01
[2026-06-10 22:28:22] game->client 23 bytes
[2026-06-10 22:28:22] game replay sent server frame #3 after client frame #2: len=23 entropy=4.52 bs_len=23 u16le=21314 u16be=16979 u32le=1528642 u32be=1112741632 ascii='BS..1....:.>O.h.").w.Z.'
[2026-06-10 22:28:22] game replay sent server frame #4 after client frame #2: len=4562 entropy=7.96 bs_len=4562 u16le=21314 u16be=16979 u32le=298996546 u32be=1112789521 ascii='BS..%....&.>J$P..b.v.....[......I.?....`}....8.0..`...M(...6......?.R^.....H.q"....'
[2026-06-10 22:28:22] game replay sent server frame #5 after client frame #2: len=383 entropy=7.42 bs_len=383 u16le=21314 u16be=16979 u32le=25121602 u32be=1112768257 ascii='BS..+....;.>,^..*.A.X...l...2% &.0yh....d.Q..n.....K......x.ea.1.. _y/.....v..._...'
[2026-06-10 22:28:22] game replay sent server frame #6 after client frame #2: len=123 entropy=6.40 bs_len=123 u16le=21314 u16be=16979 u32le=8082242 u32be=1112767232 ascii="BS{.,....;.>......n..Z...E..B,..'-..f$'....H7\\........ZBe.%....B.\\..V......D......."
[2026-06-10 22:28:22] game replay observed 1 complete client BS frame(s); total=2
[2026-06-10 22:28:22] game->client 5068 bytes
[2026-06-10 22:28:23] client->game 65 bytes
[2026-06-10 22:28:23] game recv len=65 entropy=5.75 bs_len=65 u16le=21314 u16be=16979 u32le=4281154 u32be=1112752384 ascii='BSA.0....0.>~..Q.R.....Q+iY.......>..2%........eE.N..T......fc=?.'
[2026-06-10 22:28:23] game client frame #3 decrypted prefix: state=0x05e7bb8e->0xff11b4f3 plain=be 9d 47 fe 9b 15 dc a2 9e 2b 6a 61 0a d6 95 c9 b5 b9 d3 dd c7 bc d4 5c bf a3 25 a8 7a 50 14 d6 ascii='..G......+ja...........\\..%.zP..'
[2026-06-10 22:28:23] game client RPC #3: 'email_list' request_id=00 01 00 00 00
[2026-06-10 22:28:23] game replay sent server frame #7 after client frame #3: len=51 entropy=5.52 bs_len=51 u16le=21314 u16be=16979 u32le=3363650 u32be=1112748800 ascii="BS3.0......>.Ib..'.$.\\l.......z...L. .y.._...d8T.Lx"
[2026-06-10 22:28:23] game replay observed 1 complete client BS frame(s); total=3
[2026-06-10 22:28:23] game->client 51 bytes
[2026-06-10 22:28:23] client->game 68 bytes
[2026-06-10 22:28:23] game recv len=68 entropy=5.75 bs_len=68 u16le=21314 u16be=16979 u32le=4477762 u32be=1112753152 ascii='BSD.0....3.>.I._...d-..W...:~...j.5..jnXy....;.....+.....-....{.!...'
[2026-06-10 22:28:23] game client frame #4 decrypted prefix: state=0xff11b4f3->0x67cf3a56 plain=c3 10 21 22 87 85 05 cf e4 00 62 47 71 18 a7 5d 19 92 8c d0 af 57 52 c9 13 ee 09 33 f2 65 d8 82 ascii='..!"......bGq..].....WR....3.e..'
[2026-06-10 22:28:23] game client RPC #4: 'team_info' request_id=00 02 00 00 00
[2026-06-10 22:28:23] game replay sent server frame #8 after client frame #4: len=50 entropy=5.56 bs_len=50 u16le=21314 u16be=16979 u32le=3298114 u32be=1112748544 ascii='BS2.0......>,.....vRB...P...*d!h...co..]C.....[...'
[2026-06-10 22:28:23] game replay observed 1 complete client BS frame(s); total=4
[2026-06-10 22:28:23] game->client 50 bytes
[2026-06-10 22:28:23] client->game 96 bytes
[2026-06-10 22:28:23] client->game 76 bytes
[2026-06-10 22:28:23] game recv len=96 entropy=6.16 bs_len=17 u16le=21314 u16be=16979 u32le=1135426 u32be=1112740096 block16=yes ascii="BS............ ..BSO......;.6..../^.......P..iC,.E....[WvF....'~#s5..qt..d....e...."
[2026-06-10 22:28:23] game client plain #5: type=0x1e body_len=13 head=1e 08 00 00 00 99 99 39 42 00 00 00 00 field32=8 payload_len=8 field32b=1111071129
[2026-06-10 22:28:23] game client plain #6: type=0x1e body_len=75 head=1e 46 00 00 00 01 88 08 ff 00 00 04 ff 8c f0 3c field32=70 payload_len=70 field32b=4278749185
[2026-06-10 22:28:23] game binary fallback sent template group from client frame #25 as server frame #9: len=29 entropy=4.79 bs_len=29 u16le=21314 u16be=16979 u32le=1921858 u32be=1112743168 ascii='BS..3....;.>.M.....)2..ll.KI.'
[2026-06-10 22:28:23] game replay observed 2 complete client BS frame(s); total=6
[2026-06-10 22:28:23] game->client 29 bytes
[2026-06-10 22:28:23] game recv len=76 entropy=5.87 bs_len=76 u16le=21314 u16be=16979 u32le=5002050 u32be=1112755200 ascii='BSL.0....+.>T........X....%.-..*.............{....p..^.k..m.%....wn.....p\\..'
[2026-06-10 22:28:23] channel accepted ('127.0.0.1', 2613)
[2026-06-10 22:28:23] channel recv len=13 entropy=3.55 bs_len=13 u16le=21314 u32le=873282 ascii='BS..TL.....O.'
[2026-06-10 22:28:23] channel BS frame #1: body_len=9 head=54 4c d8 b5 d0 d0 05 4f 0a ascii='TL.....O.'
[2026-06-10 22:28:23] channel client plain frame #1: len=13 entropy=2.81 bs_len=13 u16le=21314 u32le=873282 ascii='BS...........'
[2026-06-10 22:28:23] channel replay sent server frame #1 after client frame #1: len=30 entropy=4.68 bs_len=30 u16le=21314 u32le=1987394 ascii='BS..B......0.z.|...C.w......O-'
[2026-06-10 22:28:23] channel replay sent server frame #2 after client frame #1: len=101 entropy=5.72 bs_len=101 u16le=21314 u32le=6640450 ascii='BSe...G@..Q....O]F..=.5.lE.....w.aR>UL.......)(.C................d..\\..J...k.0.w...'
[2026-06-10 22:28:23] channel replay sent server frame #3 after client frame #1: len=30 entropy=4.84 bs_len=30 u16le=21314 u32le=1987394 ascii='BS.........!.c}......5.....Dx.'
[2026-06-10 22:28:23] channel replay sent server frame #4 after client frame #1: len=288 entropy=5.94 bs_len=288 u16le=21314 u32le=18895682 ascii='BS ..W.....5a..(...5.....Dx..."......f....O]F..=.5.lE.....w.aR>UL.......)(.C.......'
[2026-06-10 22:28:23] channel replay observed client frame #1; server frames sent=4
[2026-06-10 22:28:23] game client RPC #7: 'get_module_status' request_id=00 03 00 00 00
[2026-06-10 22:28:23] game replay sent server frame #10 after client frame #7: len=222 entropy=7.05 bs_len=222 u16le=21314 u16be=16979 u32le=14570306 u32be=1112792576 ascii='BS..0......>.&>a.M.5.~!.Y..Nt.........;......,....u%x)..=.$........+.G0.&..~.......'
[2026-06-10 22:28:23] game->client 222 bytes
[2026-06-10 22:28:23] game replay observed 1 complete client BS frame(s); total=7
[2026-06-10 22:28:23] client->game 91 bytes
[2026-06-10 22:28:23] game recv len=91 entropy=6.15 bs_len=91 u16le=21314 u16be=16979 u32le=5985090 u32be=1112759040 ascii="BS[.0....5.>....Kj.........5m...t-%..ta...s.Z..f)!h..'H.....vUbS$...Y..,/*C.B..,..."
[2026-06-10 22:28:23] channel recv len=5 entropy=2.32 bs_len=5 u16le=21314 u32le=348994 ascii='BS..$'
[2026-06-10 22:28:23] channel BS frame #2: body_len=1 head=24 ascii='$'
[2026-06-10 22:28:23] channel client plain frame #2: len=5 entropy=1.92 bs_len=5 u16le=21314 u32le=348994 ascii='BS...'
[2026-06-10 22:28:23] channel replay sent server frame #5 after client frame #2: len=70 entropy=5.63 bs_len=70 u16le=21314 u32le=4608834 ascii='BSF..._U.v.0.....(...5.....Dx...6....m7.y....y.([%e......0.w.K.?......'
[2026-06-10 22:28:23] channel direct auto-start waiting 0.1s after room-ready
[2026-06-10 22:28:23] game client RPC #8: 'personal_simple' request_id=00 04 00 00 00
[2026-06-10 22:28:23] game->client 458 bytes
[2026-06-10 22:28:23] game replay sent server frame #11 after client frame #8: len=458 entropy=7.53 bs_len=458 u16le=21314 u16be=16979 u32le=30036802 u32be=1112787457 ascii='BS..0......>.....H ..Y..:......M.!.:*.....C..x..r@%H}....De.}.r..wu/...T.....S.....'
[2026-06-10 22:28:23] game replay observed 1 complete client BS frame(s); total=8
[2026-06-10 22:28:23] client->game 51 bytes
[2026-06-10 22:28:23] game recv len=51 entropy=5.36 bs_len=51 u16le=21314 u16be=16979 u32le=3363650 u32be=1112748800 ascii='BS3.0....3.>...s..+J.#zg..e.0...v.g......{>-...C#.n'
[2026-06-10 22:28:23] game client RPC #9: 'rank_list' request_id=00 05 00 00 00
[2026-06-10 22:28:23] 22:28:23 ('127.0.0.1', 2614) GET /assets/lobby_activity_2026.jpg -> 200 {"ok":true,"username":"100000001","password":"","display_name":"100000001","auth_ticket":"<ticket>","login":true,"todo":"unclassified endpoint /assets/lobby_activity_2026.jpg"}
[2026-06-10 22:28:23] game->client 1317 bytes
[2026-06-10 22:28:23] game replay sent server frame #12 after client frame #9: len=1317 entropy=7.86 bs_len=1317 u16le=21314 u16be=16979 u32le=86332226 u32be=1112745221 ascii='BS%.0....".>.....WP....5..w..8`.9F-^.yN.s`..........=..W..W.....#g%......0..1H.{...'
[2026-06-10 22:28:23] game replay observed 1 complete client BS frame(s); total=9
[2026-06-10 22:28:23] client->game 93 bytes
[2026-06-10 22:28:23] game recv len=93 entropy=6.18 bs_len=93 u16le=21314 u16be=16979 u32le=6116162 u32be=1112759552 ascii='BS].0....6.>...ST!..A.Pz..pav. ..i..uu.=D...7..8x.S...........=.:..^E.T....ik.T....'
[2026-06-10 22:28:23] game client RPC #10: 'friends_list' request_id=00 06 00 00 00
[2026-06-10 22:28:23] game->client 45 bytes
[2026-06-10 22:28:23] game replay sent server frame #13 after client frame #10: len=45 entropy=5.31 bs_len=45 u16le=21314 u16be=16979 u32le=2970434 u32be=1112747264 ascii='BS-.0......>..Q?.....U.j.x.V-..{...2o....3..l'
[2026-06-10 22:28:23] game replay observed 1 complete client BS frame(s); total=10
[2026-06-10 22:28:23] client->game 98 bytes
[2026-06-10 22:28:23] game recv len=98 entropy=6.15 bs_len=98 u16le=21314 u16be=16979 u32le=6443842 u32be=1112760832 ascii='BSb.0....+.>..~.A.._5........_.....T......Y5T7w..Y....=>..s.BX..o........).V.].....'
[2026-06-10 22:28:23] game client RPC #11: 'friend_group_list' request_id=00 07 00 00 00
[2026-06-10 22:28:23] game replay sent server frame #14 after client frame #11: len=41 entropy=5.21 bs_len=41 u16le=21314 u16be=16979 u32le=2708290 u32be=1112746240 ascii='BS).0....&.>..\\.<.<..Ke...7.U4...4..Ja:q.'
[2026-06-10 22:28:23] game replay observed 1 complete client BS frame(s); total=11
[2026-06-10 22:28:23] game->client 41 bytes
[2026-06-10 22:28:23] client->game 72 bytes
[2026-06-10 22:28:23] game recv len=72 entropy=5.85 bs_len=72 u16le=21314 u16be=16979 u32le=4739906 u32be=1112754176 ascii='BSH.0....7.>"v.7...].n".\\j...8wd......l}.....f...F.r....y.sI"..!).. .lA.'
[2026-06-10 22:28:23] game client RPC #12: 'expire_bubble' request_id=00 08 00 00 00
[2026-06-10 22:28:23] game replay sent server frame #15 after client frame #12: len=24 entropy=4.58 bs_len=24 u16le=21314 u16be=16979 u32le=1594178 u32be=1112741888 ascii='BS..0....1.>4Xb8...t..^.'
[2026-06-10 22:28:23] game replay observed 1 complete client BS frame(s); total=12
[2026-06-10 22:28:23] game->client 24 bytes
[2026-06-10 22:28:23] client->game 73 bytes
[2026-06-10 22:28:23] game recv len=73 entropy=6.00 bs_len=73 u16le=21314 u16be=16979 u32le=4805442 u32be=1112754432 ascii='BSI.0....4.>....r8T..^mH..3.)wg1@.h......#....a.q....*.....*)......M.e...'
[2026-06-10 22:28:23] channel direct auto-start sent server frame #6: len=9 entropy=3.17 bs_len=9 u16le=21314 u32le=611138 ascii='BS../.z..'
[2026-06-10 22:28:23] channel direct auto-start sent server frame #7: len=8 entropy=3.00 bs_len=8 u16le=21314 u32le=545602 ascii='BS......'
[2026-06-10 22:28:23] channel direct auto-start sent server frame #8: len=9 entropy=3.17 bs_len=9 u16le=21314 u32le=611138 ascii="BS...'.1J"
[2026-06-10 22:28:23] channel direct auto-start sent server frame #9: len=125 entropy=5.78 bs_len=125 u16le=21314 u32le=8213314 ascii='BS}...:a.......)(.p.....\\Q....O]F..=.5.lE.....w.aR>UL.......)(.C...................'
[2026-06-10 22:28:23] channel direct auto-start sent server frame #10: len=1469 entropy=7.12 bs_len=1469 u16le=21314 u32le=96293698 ascii='BS.......U.5.....Dx...6...K.?.....}...5.c....jq.0.p..d..qt9........J}`..=wL..$.F...'
[2026-06-10 22:28:23] channel direct auto-start sent server frame #11: len=5 entropy=2.32 bs_len=5 u16le=21314 u32le=348994 ascii='BS..g'
[2026-06-10 22:28:23] channel direct auto-start sent server frame #12: len=34 entropy=5.03 bs_len=34 u16le=21314 u32le=2249538 ascii='BS".P.:.Fw..0.{+L.Z...p...t.Z.N...'
[2026-06-10 22:28:23] channel direct auto-start sent server frame #13: len=10 entropy=3.32 bs_len=10 u16le=21314 u32le=676674 ascii='BS..j.....'
[2026-06-10 22:28:23] channel direct auto-start sent server frame #14: len=10 entropy=3.32 bs_len=10 u16le=21314 u32le=676674 ascii='BS.. (.u..'
[2026-06-10 22:28:23] channel direct auto-start sent server frame #15: len=10 entropy=3.32 bs_len=10 u16le=21314 u32le=676674 ascii='BS..|..u..'
[2026-06-10 22:28:23] channel direct auto-start sent server frame #16: len=10 entropy=3.32 bs_len=10 u16le=21314 u32le=676674 ascii='BS...M_u..'
[2026-06-10 22:28:23] channel replay observed client frame #2; server frames sent=16
[2026-06-10 22:28:23] game client RPC #13: 'character_list' request_id=00 09 00 00 00
[2026-06-10 22:28:23] game->client 1629 bytes
[2026-06-10 22:28:23] game replay sent server frame #16 after client frame #13: len=1629 entropy=7.88 bs_len=1629 u16le=21314 u16be=16979 u32le=106779458 u32be=1112759558 ascii='BS].0....j.>..._...#.....M.I4.%.).....l......7\\S.....6X.......]G.S.......S..x......'
[2026-06-10 22:28:23] game replay observed 1 complete client BS frame(s); total=13
[2026-06-10 22:28:26] channel recv len=5 entropy=2.32 bs_len=5 u16le=21314 u32le=348994 ascii='BS...'
[2026-06-10 22:28:26] channel BS frame #3: body_len=1 head=9e ascii='.'
[2026-06-10 22:28:26] channel client plain frame #3: len=5 entropy=2.32 bs_len=5 u16le=21314 u32le=348994 ascii='BS...'
[2026-06-10 22:28:26] channel replay gated group after client frame #3 type=0x12 len=1
[2026-06-10 22:28:28] client->game 80 bytes
[2026-06-10 22:28:28] game recv len=80 entropy=6.15 bs_len=80 u16le=21314 u16be=16979 u32le=5264194 u32be=1112756224 block16=yes ascii='BSP......;.6.d.3......P...a).J;[.....pu.....9.AIb.....it...m..Ef%....1.D.V..T..0'
[2026-06-10 22:28:28] game client plain #14: type=0x1e body_len=76 head=1e 47 00 00 00 01 0e 08 ff 00 00 04 64 9c c2 d7 field32=71 payload_len=71 field32b=4278717953
[2026-06-10 22:28:28] game->client 14641 bytes
[2026-06-10 22:28:28] game replay sent server frame #17 after client frame #14: len=14641 entropy=7.99 bs_len=14641 u16le=21314 u16be=16979 u32le=959533890 u32be=1112748345 ascii='BS190......>...|...!....GO1.62..`X#5.......b....{.Z..M.......u...C..U+H...va.`0n...'
[2026-06-10 22:28:28] game replay observed 1 complete client BS frame(s); total=14
[2026-06-10 22:28:29] channel recv len=9 entropy=3.17 bs_len=9 u16le=21314 u32le=611138 ascii='BS...q...'
[2026-06-10 22:28:29] channel BS frame #4: body_len=5 head=ad 71 ae b7 c0 ascii='.q...'
[2026-06-10 22:28:29] channel client plain frame #4: len=9 entropy=2.28 bs_len=9 u16le=21314 u32le=611138 ascii='BS..f....'
[2026-06-10 22:28:29] channel replay sent server frame #17 after client frame #4: len=51 entropy=3.55 bs_len=51 u16le=21314 u32le=3363650 ascii='BS3..........m7.y....y.............................'
[2026-06-10 22:28:29] channel replay sent server frame #18 after client frame #4: len=13 entropy=3.70 bs_len=13 u16le=21314 u32le=873282 ascii='BS...&..D3...'
[2026-06-10 22:28:29] channel replay sent server frame #19 after client frame #4: len=9 entropy=2.95 bs_len=9 u16le=21314 u32le=611138 ascii='BS.......'
[2026-06-10 22:28:29] channel replay sent server frame #20 after client frame #4: len=19 entropy=2.75 bs_len=19 u16le=21314 u32le=1266498 ascii='BS.......R.........'
[2026-06-10 22:28:29] channel replay sent server frame #21 after client frame #4: len=60 entropy=3.39 bs_len=60 u16le=21314 u32le=3953474 ascii='BS<.......~w......=D..v.....................rb./-.........w.'
[2026-06-10 22:28:29] channel replay sent server frame #22 after client frame #4: len=1535 entropy=7.42 bs_len=1535 u16le=21314 u32le=100619074 ascii='BS...`W.(R].J......w..`.FF.......Ce.....D./.".%..m...d..qq...o}.....;..n....$.F....'
[2026-06-10 22:28:29] channel replay sent server frame #23 after client frame #4: len=68 entropy=3.40 bs_len=68 u16le=21314 u32le=4477762 ascii='BSD......R.......0.w......=D..v.....................rb./-.........w.'
[2026-06-10 22:28:29] channel replay observed client frame #4; server frames sent=23
[2026-06-10 22:28:29] channel recv len=54 entropy=4.58 bs_len=5 u16le=21314 u32le=348994 ascii="BS...BS....BS...S-.z.#N,BS.....Sz.#N,BS...'.....wl.#u."
[2026-06-10 22:28:29] channel BS frame #5: body_len=1 head=e1 ascii='.'
[2026-06-10 22:28:29] channel client plain frame #5: len=5 entropy=2.32 bs_len=5 u16le=21314 u32le=348994 ascii='BS...'
[2026-06-10 22:28:29] channel replay gated group after client frame #5 type=0x7f len=1
[2026-06-10 22:28:29] channel BS frame #6: body_len=2 head=de ea ascii='..'
[2026-06-10 22:28:29] channel client plain frame #6: len=6 entropy=2.25 bs_len=6 u16le=21314 u32le=414530 ascii='BS..s.'
[2026-06-10 22:28:29] channel replay gated group after client frame #6 type=0x73 len=2
[2026-06-10 22:28:29] channel BS frame #7: body_len=9 head=ed 53 2d cb 7a f6 23 4e 2c ascii='.S-.z.#N,'
[2026-06-10 22:28:29] channel client plain frame #7: len=13 entropy=2.29 bs_len=13 u16le=21314 u32le=873282 ascii='BS..w...B...B'
[2026-06-10 22:28:29] channel BS frame #8: body_len=9 head=81 bc 00 53 7a f6 23 4e 2c ascii='...Sz.#N,'
[2026-06-10 22:28:29] channel client plain frame #8: len=13 entropy=2.29 bs_len=13 u16le=21314 u32le=873282 ascii='BS..w...B...B'
[2026-06-10 22:28:29] channel BS frame #9: body_len=13 head=91 27 9b 9b 1d f0 b1 77 6c 0a 23 75 dd ascii=".'.....wl.#u."
[2026-06-10 22:28:29] channel client plain frame #9: len=17 entropy=3.62 bs_len=17 u16le=21314 u32le=1135426 ascii='BS..g......~...y.'
[2026-06-10 22:28:29] channel replay sent server frame #24 after client frame #9: len=34 entropy=4.97 bs_len=34 u16le=21314 u32le=2249538 ascii='BS".=P}sA...0.{+L.Z...p...t.Z.N...'
[2026-06-10 22:28:29] channel replay sent server frame #25 after client frame #9: len=29 entropy=4.65 bs_len=29 u16le=21314 u32le=1921858 ascii='BS...9G.|..E...Q.@..e.H.....u'
[2026-06-10 22:28:29] channel replay sent server frame #26 after client frame #9: len=29 entropy=4.79 bs_len=29 u16le=21314 u32le=1921858 ascii='BS......{I-.K..&R#|.........u'
[2026-06-10 22:28:29] channel replay sent server frame #27 after client frame #9: len=29 entropy=4.86 bs_len=29 u16le=21314 u32le=1921858 ascii='BS....D.r.&ME$!.............u'
[2026-06-10 22:28:29] channel replay sent server frame #28 after client frame #9: len=29 entropy=4.79 bs_len=29 u16le=21314 u32le=1921858 ascii='BS......u...5=|.%r..&.Y.....u'
[2026-06-10 22:28:29] channel replay sent server frame #29 after client frame #9: len=29 entropy=4.79 bs_len=29 u16le=21314 u32le=1921858 ascii='BS....q=..]HF..d..V..eq.v...u'
[2026-06-10 22:28:29] channel replay sent server frame #30 after client frame #9: len=29 entropy=4.49 bs_len=29 u16le=21314 u32le=1921858 ascii='BS.......5\'X...|%.5uX."C....u'
[2026-06-10 22:28:29] channel replay observed client frame #9; server frames sent=42
[2026-06-10 22:28:29] channel recv len=13 entropy=3.70 bs_len=13 u16le=21314 u32le=873282 ascii='BS..bJ.....q.'
[2026-06-10 22:28:29] channel BS frame #10: body_len=9 head=62 4a e0 e6 1e f3 cc 71 bb ascii='bJ.....q.'
[2026-06-10 22:28:29] channel client plain frame #10: len=13 entropy=3.55 bs_len=13 u16le=21314 u32le=873282 ascii='BS..g"...x.~.'
[2026-06-10 22:28:29] channel recv len=15 entropy=3.91 bs_len=15 u16le=21314 u32le=1004354 ascii='BS....k..s...=.'
[2026-06-10 22:28:29] channel BS frame #11: body_len=11 head=a0 d9 6b b5 0c 73 17 a9 e0 3d 0d ascii='..k..s...=.'
[2026-06-10 22:28:29] channel client plain frame #11: len=15 entropy=3.46 bs_len=15 u16le=21314 u32le=1004354 ascii='BS..g......t.~.'
[2026-06-10 22:28:29] channel replay observed client frame #11; server frames sent=46
[2026-06-10 22:28:29] channel recv len=11 entropy=3.46 bs_len=11 u16le=21314 u32le=742210 ascii='BS....2.iW.'
[2026-06-10 22:28:29] channel BS frame #12: body_len=7 head=a9 f8 32 ec 69 57 e4 ascii='..2.iW.'
[2026-06-10 22:28:29] channel client plain frame #12: len=11 entropy=3.46 bs_len=11 u16le=21314 u32le=742210 ascii='BS..g .....'
[2026-06-10 22:28:29] channel recv len=5 entropy=1.92 bs_len=5 u16le=21314 u32le=348994 ascii='BS...'
[2026-06-10 22:28:29] channel BS frame #13: body_len=1 head=05 ascii='.'
[2026-06-10 22:28:29] channel client plain frame #13: len=5 entropy=2.32 bs_len=5 u16le=21314 u32le=348994 ascii='BS...'
[2026-06-10 22:28:29] channel replay sent server frame #50 after client frame #13: len=10 entropy=3.32 bs_len=10 u16le=21314 u32le=676674 ascii='BS..|..u..'
[2026-06-10 22:28:29] channel replay observed client frame #13; server frames sent=50
[2026-06-10 22:28:29] channel recv len=11 entropy=3.46 bs_len=11 u16le=21314 u32le=742210 ascii='BS.........'
[2026-06-10 22:28:29] channel BS frame #14: body_len=7 head=9a ea e0 cc dd d6 b9 ascii='.......'
[2026-06-10 22:28:29] channel client plain frame #14: len=11 entropy=3.46 bs_len=11 u16le=21314 u32le=742210 ascii='BS..g .....'
[2026-06-10 22:28:29] channel replay gated group after client frame #14 type=0x67 len=7
[2026-06-10 22:28:29] channel recv len=11 entropy=3.46 bs_len=11 u16le=21314 u32le=742210 ascii='BS.."d.5.0.'
[2026-06-10 22:28:29] channel BS frame #15: body_len=7 head=22 64 01 35 9e 30 fb ascii='"d.5.0.'
[2026-06-10 22:28:29] channel client plain frame #15: len=11 entropy=3.46 bs_len=11 u16le=21314 u32le=742210 ascii='BS..g ...=.'
[2026-06-10 22:28:29] channel replay gated group after client frame #15 type=0x67 len=7
[2026-06-10 22:28:30] channel recv len=11 entropy=3.28 bs_len=11 u16le=21314 u32le=742210 ascii='BS...4.J...'
[2026-06-10 22:28:30] channel BS frame #16: body_len=7 head=0a 34 b0 4a 8c 0b fc ascii='.4.J...'
[2026-06-10 22:28:30] channel client plain frame #16: len=11 entropy=3.46 bs_len=11 u16le=21314 u32le=742210 ascii='BS..g .F.I.'
[2026-06-10 22:28:30] channel replay gated group after client frame #16 type=0x67 len=7
[2026-06-10 22:28:30] channel recv len=11 entropy=3.46 bs_len=11 u16le=21314 u32le=742210 ascii='BS.....`...'
[2026-06-10 22:28:30] channel BS frame #17: body_len=7 head=03 98 81 60 ee 1c 89 ascii='...`...'
[2026-06-10 22:28:30] channel client plain frame #17: len=11 entropy=3.46 bs_len=11 u16le=21314 u32le=742210 ascii='BS..g ...<.'
[2026-06-10 22:28:30] channel replay gated group after client frame #17 type=0x67 len=7
[2026-06-10 22:28:30] channel recv len=11 entropy=3.46 bs_len=11 u16le=21314 u32le=742210 ascii='BS..t..4...'
[2026-06-10 22:28:30] channel BS frame #18: body_len=7 head=74 d8 a8 34 e1 80 c2 ascii='t..4...'
[2026-06-10 22:28:30] channel client plain frame #18: len=11 entropy=3.46 bs_len=11 u16le=21314 u32le=742210 ascii='BS..g ...2d'
[2026-06-10 22:28:30] channel replay gated group after client frame #18 type=0x67 len=7
[2026-06-10 22:28:30] channel recv len=11 entropy=3.46 bs_len=11 u16le=21314 u32le=742210 ascii='BS....)...:'
[2026-06-10 22:28:30] channel BS frame #19: body_len=7 head=9c f4 29 bf 7f 10 3a ascii='..)...:'
[2026-06-10 22:28:30] channel client plain frame #19: len=11 entropy=3.46 bs_len=11 u16le=21314 u32le=742210 ascii='BS..g ./..d'
[2026-06-10 22:28:30] channel replay gated group after client frame #19 type=0x67 len=7
[2026-06-10 22:28:30] channel recv len=11 entropy=3.28 bs_len=11 u16le=21314 u32le=742210 ascii='BS...A....*'
[2026-06-10 22:28:30] channel BS frame #20: body_len=7 head=1c 41 1c c4 cb af 2a ascii='.A....*'
[2026-06-10 22:28:30] channel client plain frame #20: len=11 entropy=3.46 bs_len=11 u16le=21314 u32le=742210 ascii='BS..g .T..d'
[2026-06-10 22:28:30] channel replay gated group after client frame #20 type=0x67 len=7
[2026-06-10 22:28:30] channel recv len=11 entropy=3.28 bs_len=11 u16le=21314 u32le=742210 ascii='BS..^..^...'
[2026-06-10 22:28:30] channel BS frame #21: body_len=7 head=5e 92 9f 5e 91 08 9e ascii='^..^...'
[2026-06-10 22:28:30] channel client plain frame #21: len=11 entropy=3.46 bs_len=11 u16le=21314 u32le=742210 ascii='BS..g ....c'
[2026-06-10 22:28:30] channel replay gated group after client frame #21 type=0x67 len=7
[2026-06-10 22:28:30] channel recv len=11 entropy=3.46 bs_len=11 u16le=21314 u32le=742210 ascii='BS..Ce.o...'
[2026-06-10 22:28:30] channel BS frame #22: body_len=7 head=43 65 03 6f ee ff 84 ascii='Ce.o...'
[2026-06-10 22:28:30] channel client plain frame #22: len=11 entropy=3.46 bs_len=11 u16le=21314 u32le=742210 ascii='BS..g .a...'
[2026-06-10 22:28:30] channel replay gated group after client frame #22 type=0x67 len=7
[2026-06-10 22:28:30] channel recv len=11 entropy=3.46 bs_len=11 u16le=21314 u32le=742210 ascii='BS..}.9..H.'
[2026-06-10 22:28:30] channel BS frame #23: body_len=7 head=7d cd 39 83 ef 48 fc ascii='}.9..H.'
[2026-06-10 22:28:30] channel client plain frame #23: len=11 entropy=3.46 bs_len=11 u16le=21314 u32le=742210 ascii='BS..g .a...'
[2026-06-10 22:28:30] channel replay gated group after client frame #23 type=0x67 len=7
[2026-06-10 22:28:31] channel recv len=11 entropy=3.46 bs_len=11 u16le=21314 u32le=742210 ascii='BS..;f...^.'
[2026-06-10 22:28:31] channel BS frame #24: body_len=7 head=3b 66 a1 e9 a8 5e bd ascii=';f...^.'
[2026-06-10 22:28:31] channel client plain frame #24: len=11 entropy=3.46 bs_len=11 u16le=21314 u32le=742210 ascii='BS..g ...<.'
[2026-06-10 22:28:31] channel replay gated group after client frame #24 type=0x67 len=7
[2026-06-10 22:28:31] channel recv len=11 entropy=3.46 bs_len=11 u16le=21314 u32le=742210 ascii='BS..8..4...'
[2026-06-10 22:28:31] channel BS frame #25: body_len=7 head=38 af a8 34 e2 f7 a4 ascii='8..4...'
[2026-06-10 22:28:31] channel client plain frame #25: len=11 entropy=3.46 bs_len=11 u16le=21314 u32le=742210 ascii='BS..g ....^'
[2026-06-10 22:28:31] channel replay gated group after client frame #25 type=0x67 len=7
[2026-06-10 22:28:31] channel recv len=11 entropy=3.46 bs_len=11 u16le=21314 u32le=742210 ascii='BS...a..?.N'
[2026-06-10 22:28:31] channel BS frame #26: body_len=7 head=99 61 c0 a8 3f c9 4e ascii='.a..?.N'
[2026-06-10 22:28:31] channel client plain frame #26: len=11 entropy=3.46 bs_len=11 u16le=21314 u32le=742210 ascii='BS..g ....b'
[2026-06-10 22:28:31] channel replay gated group after client frame #26 type=0x67 len=7
[2026-06-10 22:28:31] channel recv len=11 entropy=3.28 bs_len=11 u16le=21314 u32le=742210 ascii='BS..S...[..'
[2026-06-10 22:28:31] channel BS frame #27: body_len=7 head=53 d9 fc a0 5b e0 18 ascii='S...[..'
[2026-06-10 22:28:31] channel client plain frame #27: len=11 entropy=3.28 bs_len=11 u16le=21314 u32le=742210 ascii='BS..g .....'
[2026-06-10 22:28:31] channel replay gated group after client frame #27 type=0x67 len=7
[2026-06-10 22:28:31] channel recv len=11 entropy=3.46 bs_len=11 u16le=21314 u32le=742210 ascii='BS...F.]n.h'
[2026-06-10 22:28:31] channel BS frame #28: body_len=7 head=02 46 89 5d 6e 11 68 ascii='.F.]n.h'
[2026-06-10 22:28:31] channel client plain frame #28: len=11 entropy=3.46 bs_len=11 u16le=21314 u32le=742210 ascii='BS..g .....'
[2026-06-10 22:28:31] channel replay gated group after client frame #28 type=0x67 len=7
[2026-06-10 22:28:31] channel recv len=11 entropy=3.46 bs_len=11 u16le=21314 u32le=742210 ascii='BS.....8W..'
[2026-06-10 22:28:31] channel BS frame #29: body_len=7 head=0e d7 97 38 57 b3 a4 ascii='...8W..'
[2026-06-10 22:28:31] channel client plain frame #29: len=11 entropy=3.46 bs_len=11 u16le=21314 u32le=742210 ascii='BS..g .l...'
[2026-06-10 22:28:31] channel replay gated group after client frame #29 type=0x67 len=7
[2026-06-10 22:28:32] channel recv len=11 entropy=3.46 bs_len=11 u16le=21314 u32le=742210 ascii='BS....~-`.K'
[2026-06-10 22:28:32] channel BS frame #30: body_len=7 head=fe f0 7e 2d 60 f3 4b ascii='..~-`.K'
[2026-06-10 22:28:32] channel client plain frame #30: len=11 entropy=3.46 bs_len=11 u16le=21314 u32le=742210 ascii='BS..g ...{d'
[2026-06-10 22:28:32] channel replay gated group after client frame #30 type=0x67 len=7
[2026-06-10 22:28:32] channel recv len=5 entropy=2.32 bs_len=5 u16le=21314 u32le=348994 ascii='BS..m'
[2026-06-10 22:28:32] channel BS frame #31: body_len=1 head=6d ascii='m'
[2026-06-10 22:28:32] channel replay observed client frame #31; server frames sent=58
[2026-06-10 22:28:32] channel recv len=11 entropy=3.46 bs_len=11 u16le=21314 u32le=742210 ascii='BS.......uR'
[2026-06-10 22:28:32] channel BS frame #32: body_len=7 head=ee b2 cd 15 a1 75 52 ascii='.....uR'
[2026-06-10 22:28:32] channel replay gated group after client frame #32 type=0x67 len=7
[2026-06-10 22:28:33] channel recv len=11 entropy=3.46 bs_len=11 u16le=21314 u32le=742210 ascii='BS....DZ..;'
[2026-06-10 22:28:33] channel BS frame #33: body_len=7 head=df d7 44 5a cb 9c 3b ascii='..DZ..;'
[2026-06-10 22:28:33] channel replay gated group after client frame #33 type=0x67 len=7
[2026-06-10 22:28:33] channel recv len=11 entropy=3.46 bs_len=11 u16le=21314 u32le=742210 ascii='BS....D-V.m'
[2026-06-10 22:28:33] channel BS frame #34: body_len=7 head=9c d7 44 2d 56 b6 6d ascii='..D-V.m'
[2026-06-10 22:28:33] channel recv len=11 entropy=3.46 bs_len=11 u16le=21314 u32le=742210 ascii='BS...\\....%'
[2026-06-10 22:28:33] channel BS frame #35: body_len=7 head=f3 5c 04 ce e5 97 25 ascii='.\\....%'
[2026-06-10 22:28:34] channel recv len=9 entropy=3.17 bs_len=9 u16le=21314 u32le=611138 ascii='BS..&6".['
[2026-06-10 22:28:34] channel BS frame #36: body_len=5 head=26 36 22 96 5b ascii='&6".['
[2026-06-10 22:28:34] channel replay gated group after client frame #36 type=0x67 len=5
[2026-06-10 22:28:34] channel recv len=9 entropy=3.17 bs_len=9 u16le=21314 u32le=611138 ascii='BS....O..'
[2026-06-10 22:28:34] channel BS frame #37: body_len=5 head=87 8f 4f 13 c6 ascii='..O..'
[2026-06-10 22:28:34] channel recv len=9 entropy=2.95 bs_len=9 u16le=21314 u32le=611138 ascii='BS.....`S'
[2026-06-10 22:28:34] channel BS frame #38: body_len=5 head=98 93 e9 60 53 ascii='...`S'
[2026-06-10 22:28:34] channel recv len=9 entropy=2.95 bs_len=9 u16le=21314 u32le=611138 ascii='BS.....B.'
[2026-06-10 22:28:34] channel BS frame #39: body_len=5 head=0a 8c f5 42 cf ascii='...B.'
[2026-06-10 22:28:34] channel recv len=9 entropy=3.17 bs_len=9 u16le=21314 u32le=611138 ascii='BS.....m['
[2026-06-10 22:28:34] channel BS frame #40: body_len=5 head=01 8c 1c 6d 5b ascii='...m['
[2026-06-10 22:28:34] channel recv len=9 entropy=3.17 bs_len=9 u16le=21314 u32le=611138 ascii='BS....cr.'
[2026-06-10 22:28:34] channel BS frame #41: body_len=5 head=87 8d 63 72 c8 ascii='..cr.'
[2026-06-10 22:28:34] channel recv len=9 entropy=3.17 bs_len=9 u16le=21314 u32le=611138 ascii='BS..v.M..'
[2026-06-10 22:28:34] channel BS frame #42: body_len=5 head=76 9a 4d d8 8f ascii='v.M..'
[2026-06-10 22:28:34] channel recv len=9 entropy=3.17 bs_len=9 u16le=21314 u32le=611138 ascii='BS..s..#.'
[2026-06-10 22:28:34] channel BS frame #43: body_len=5 head=73 8e d9 23 c1 ascii='s..#.'
[2026-06-10 22:28:34] channel recv len=9 entropy=3.17 bs_len=9 u16le=21314 u32le=611138 ascii='BS.....<R'
[2026-06-10 22:28:34] channel BS frame #44: body_len=5 head=ef 8f a6 3c 52 ascii='...<R'
[2026-06-10 22:28:34] channel recv len=9 entropy=3.17 bs_len=9 u16le=21314 u32le=611138 ascii='BS....z..'
[2026-06-10 22:28:34] channel BS frame #45: body_len=5 head=1e 89 7a b6 a5 ascii='..z..'
[2026-06-10 22:28:34] channel recv len=9 entropy=3.17 bs_len=9 u16le=21314 u32le=611138 ascii='BS..q..<R'
[2026-06-10 22:28:34] channel BS frame #46: body_len=5 head=71 8f a6 3c 52 ascii='q..<R'
[2026-06-10 22:28:34] channel recv len=9 entropy=3.17 bs_len=9 u16le=21314 u32le=611138 ascii='BS....d_p'
[2026-06-10 22:28:34] channel BS frame #47: body_len=5 head=1e 83 64 5f 70 ascii='..d_p'
[2026-06-10 22:28:34] channel recv len=9 entropy=3.17 bs_len=9 u16le=21314 u32le=611138 ascii='BS......0'
[2026-06-10 22:28:34] channel BS frame #48: body_len=5 head=91 95 dc c5 30 ascii='....0'
[2026-06-10 22:28:34] channel recv len=9 entropy=3.17 bs_len=9 u16le=21314 u32le=611138 ascii='BS.....#.'
[2026-06-10 22:28:34] channel BS frame #49: body_len=5 head=e3 8e d9 23 c1 ascii='...#.'
[2026-06-10 22:28:35] channel recv len=9 entropy=3.17 bs_len=9 u16le=21314 u32le=611138 ascii='BS.....`.'
[2026-06-10 22:28:35] channel BS frame #50: body_len=5 head=ef a2 d3 60 8d ascii='...`.'
[2026-06-10 22:28:35] channel client plain frame #50: len=9 entropy=2.64 bs_len=9 u16le=21314 u32le=611138 ascii='BS..g ...'
[2026-06-10 22:28:35] channel recv len=9 entropy=3.17 bs_len=9 u16le=21314 u32le=611138 ascii='BS..[..#.'
[2026-06-10 22:28:35] channel BS frame #51: body_len=5 head=5b 8e d9 23 c1 ascii='[..#.'
[2026-06-10 22:28:35] channel recv len=5 entropy=2.32 bs_len=5 u16le=21314 u32le=348994 ascii='BS...'
[2026-06-10 22:28:35] channel BS frame #52: body_len=1 head=9a ascii='.'
[2026-06-10 22:28:35] channel replay observed client frame #52; server frames sent=68
[2026-06-10 22:28:35] channel recv len=9 entropy=3.17 bs_len=9 u16le=21314 u32le=611138 ascii='BS..Vs.60'
[2026-06-10 22:28:35] channel BS frame #53: body_len=5 head=56 73 8b 36 30 ascii='Vs.60'
[2026-06-10 22:28:35] channel recv len=9 entropy=3.17 bs_len=9 u16le=21314 u32le=611138 ascii='BS....cr.'
[2026-06-10 22:28:35] channel BS frame #54: body_len=5 head=e3 8d 63 72 c8 ascii='..cr.'
[2026-06-10 22:28:35] channel recv len=9 entropy=3.17 bs_len=9 u16le=21314 u32le=611138 ascii='BS..v..<R'
[2026-06-10 22:28:35] channel BS frame #55: body_len=5 head=76 8f a6 3c 52 ascii='v..<R'
[2026-06-10 22:28:35] channel recv len=9 entropy=3.17 bs_len=9 u16le=21314 u32le=611138 ascii='BS....cr.'
[2026-06-10 22:28:35] channel BS frame #56: body_len=5 head=1e 8d 63 72 c8 ascii='..cr.'
[2026-06-10 22:28:36] channel recv len=9 entropy=3.17 bs_len=9 u16le=21314 u32le=611138 ascii='BS..v.a..'
[2026-06-10 22:28:36] channel BS frame #57: body_len=5 head=76 98 61 b9 81 ascii='v.a..'
[2026-06-10 22:28:36] channel recv len=9 entropy=3.17 bs_len=9 u16le=21314 u32le=611138 ascii='BS.....#.'
[2026-06-10 22:28:36] channel BS frame #58: body_len=5 head=9d 8e d9 23 c1 ascii='...#.'
[2026-06-10 22:28:36] channel recv len=9 entropy=3.17 bs_len=9 u16le=21314 u32le=611138 ascii='BS.......'
[2026-06-10 22:28:36] channel BS frame #59: body_len=5 head=ef 9b db e8 88 ascii='.....'
[2026-06-10 22:28:36] channel recv len=9 entropy=3.17 bs_len=9 u16le=21314 u32le=611138 ascii='BS....cr.'
[2026-06-10 22:28:36] channel BS frame #60: body_len=5 head=04 8d 63 72 c8 ascii='..cr.'
[2026-06-10 22:28:36] channel recv len=9 entropy=3.17 bs_len=9 u16le=21314 u32le=611138 ascii='BS..v...0'
[2026-06-10 22:28:36] channel BS frame #61: body_len=5 head=76 95 dc c5 30 ascii='v...0'
[2026-06-10 22:28:36] channel recv len=9 entropy=3.17 bs_len=9 u16le=21314 u32le=611138 ascii='BS....cr.'
[2026-06-10 22:28:36] channel BS frame #62: body_len=5 head=e3 8d 63 72 c8 ascii='..cr.'
[2026-06-10 22:28:36] channel recv len=9 entropy=2.95 bs_len=9 u16le=21314 u32le=611138 ascii='BS..v..`S'
[2026-06-10 22:28:36] channel BS frame #63: body_len=5 head=76 93 e9 60 53 ascii='v..`S'
[2026-06-10 22:28:36] channel recv len=9 entropy=3.17 bs_len=9 u16le=21314 u32le=611138 ascii='BS....cr.'
[2026-06-10 22:28:36] channel BS frame #64: body_len=5 head=0a 8d 63 72 c8 ascii='..cr.'
[2026-06-10 22:28:36] channel recv len=9 entropy=3.17 bs_len=9 u16le=21314 u32le=611138 ascii='BS..v..]\\'
[2026-06-10 22:28:36] channel BS frame #65: body_len=5 head=76 8d 8a 5d 5c ascii='v..]\\'
[2026-06-10 22:28:36] channel recv len=9 entropy=3.17 bs_len=9 u16le=21314 u32le=611138 ascii='BS.....#.'
[2026-06-10 22:28:36] channel BS frame #66: body_len=5 head=f0 8e d9 23 c1 ascii='...#.'
[2026-06-10 22:28:36] channel recv len=9 entropy=3.17 bs_len=9 u16le=21314 u32le=611138 ascii='BS.....<R'
[2026-06-10 22:28:36] channel BS frame #67: body_len=5 head=ef 8f a6 3c 52 ascii='...<R'
[2026-06-10 22:28:36] channel recv len=9 entropy=3.17 bs_len=9 u16le=21314 u32le=611138 ascii='BS.....#.'
[2026-06-10 22:28:36] channel BS frame #68: body_len=5 head=1e 8e d9 23 c1 ascii='...#.'
[2026-06-10 22:28:36] channel recv len=9 entropy=3.17 bs_len=9 u16le=21314 u32le=611138 ascii='BS.....<R'
[2026-06-10 22:28:36] channel BS frame #69: body_len=5 head=ef 8f a6 3c 52 ascii='...<R'
[2026-06-10 22:28:36] channel recv len=9 entropy=3.17 bs_len=9 u16le=21314 u32le=611138 ascii='BS.......'
[2026-06-10 22:28:36] channel BS frame #70: body_len=5 head=1e 8a c0 e7 ac ascii='.....'
[2026-06-10 22:28:37] channel recv len=9 entropy=3.17 bs_len=9 u16le=21314 u32le=611138 ascii='BS.....<R'
[2026-06-10 22:28:37] channel BS frame #71: body_len=5 head=e8 8f a6 3c 52 ascii='...<R'
[2026-06-10 22:28:37] channel recv len=9 entropy=3.17 bs_len=9 u16le=21314 u32le=611138 ascii='BS.....#.'
[2026-06-10 22:28:37] channel BS frame #72: body_len=5 head=1e 8e d9 23 c1 ascii='...#.'
[2026-06-10 22:28:37] channel recv len=9 entropy=3.17 bs_len=9 u16le=21314 u32le=611138 ascii='BS.....,.'
[2026-06-10 22:28:37] channel BS frame #73: body_len=5 head=ef 9f c2 2c e5 ascii='...,.'
[2026-06-10 22:28:37] channel recv len=9 entropy=3.17 bs_len=9 u16le=21314 u32le=611138 ascii='BS.....#.'
[2026-06-10 22:28:37] channel BS frame #74: body_len=5 head=03 8e d9 23 c1 ascii='...#.'
[2026-06-10 22:28:37] channel recv len=9 entropy=3.17 bs_len=9 u16le=21314 u32le=611138 ascii='BS....J.7'
[2026-06-10 22:28:37] channel BS frame #75: body_len=5 head=ef 94 4a f5 37 ascii='..J.7'
[2026-06-10 22:28:37] channel recv len=9 entropy=3.17 bs_len=9 u16le=21314 u32le=611138 ascii='BS....Q..'
[2026-06-10 22:28:37] channel BS frame #76: body_len=5 head=94 85 51 fa 13 ascii='..Q..'
[2026-06-10 22:28:37] channel recv len=9 entropy=3.17 bs_len=9 u16le=21314 u32le=611138 ascii='BS..x..<R'
[2026-06-10 22:28:37] channel BS frame #77: body_len=5 head=78 8f a6 3c 52 ascii='x..<R'
[2026-06-10 22:28:37] channel recv len=9 entropy=3.17 bs_len=9 u16le=21314 u32le=611138 ascii='BS....cr.'
[2026-06-10 22:28:37] channel BS frame #78: body_len=5 head=1e 8d 63 72 c8 ascii='..cr.'
[2026-06-10 22:28:38] channel recv len=9 entropy=3.17 bs_len=9 u16le=21314 u32le=611138 ascii='BS..v...]'
[2026-06-10 22:28:38] channel BS frame #79: body_len=5 head=76 91 c5 01 5d ascii='v...]'
[2026-06-10 22:28:38] channel recv len=9 entropy=3.17 bs_len=9 u16le=21314 u32le=611138 ascii='BS....O..'
[2026-06-10 22:28:38] channel BS frame #80: body_len=5 head=e4 8f 4f 13 c6 ascii='..O..'
[2026-06-10 22:28:38] channel recv len=9 entropy=3.17 bs_len=9 u16le=21314 u32le=611138 ascii='BS.....<R'
[2026-06-10 22:28:38] channel BS frame #81: body_len=5 head=98 8f a6 3c 52 ascii='...<R'
[2026-06-10 22:28:38] channel recv len=9 entropy=3.17 bs_len=9 u16le=21314 u32le=611138 ascii='BS.....#.'
[2026-06-10 22:28:38] channel BS frame #82: body_len=5 head=1e 8e d9 23 c1 ascii='...#.'
[2026-06-10 22:28:38] client->game 82 bytes
[2026-06-10 22:28:38] game recv len=82 entropy=6.14 bs_len=82 u16le=21314 u16be=16979 u32le=5395266 u32be=1112756736 ascii='BSR......;J6`...b.#gO2......p.../>wsn....../..Xq......+r.Aj.M..}..Bh.j...;.m.......'
[2026-06-10 22:28:38] game client plain #15: type=0x1e body_len=78 head=1e 49 00 00 00 01 da 08 ff 00 00 04 9a bd ae f9 field32=73 payload_len=73 field32b=4278770177 strings=['rf>x']
[2026-06-10 22:28:38] game replay observed 1 complete client BS frame(s); total=15
[2026-06-10 22:28:38] channel recv len=9 entropy=3.17 bs_len=9 u16le=21314 u32le=611138 ascii='BS......?'
[2026-06-10 22:28:38] channel BS frame #83: body_len=5 head=ef 8b bf f8 3f ascii='....?'
[2026-06-10 22:28:38] channel recv len=9 entropy=3.17 bs_len=9 u16le=21314 u32le=611138 ascii='BS.....#.'
[2026-06-10 22:28:38] channel BS frame #84: body_len=5 head=19 8e d9 23 c1 ascii='...#.'
[2026-06-10 22:28:38] channel recv len=5 entropy=2.32 bs_len=5 u16le=21314 u32le=348994 ascii='BS...'
[2026-06-10 22:28:38] channel BS frame #85: body_len=1 head=9a ascii='.'
[2026-06-10 22:28:38] channel replay observed client frame #85; server frames sent=78
[2026-06-10 22:28:38] channel recv len=9 entropy=3.17 bs_len=9 u16le=21314 u32le=611138 ascii='BS..Vw..]'
[2026-06-10 22:28:38] channel BS frame #86: body_len=5 head=56 77 92 f2 5d ascii='Vw..]'
[2026-06-10 22:28:38] channel recv len=9 entropy=3.17 bs_len=9 u16le=21314 u32le=611138 ascii='BS....cr.'
[2026-06-10 22:28:38] channel BS frame #87: body_len=5 head=e4 8d 63 72 c8 ascii='..cr.'
[2026-06-10 22:28:39] channel recv len=9 entropy=3.17 bs_len=9 u16le=21314 u32le=611138 ascii='BS..v...?'
[2026-06-10 22:28:39] channel BS frame #88: body_len=5 head=76 8b bf f8 3f ascii='v...?'
[2026-06-10 22:28:39] channel recv len=9 entropy=3.17 bs_len=9 u16le=21314 u32le=611138 ascii='BS....O..'
[2026-06-10 22:28:39] channel BS frame #89: body_len=5 head=19 8f 4f 13 c6 ascii='..O..'
[2026-06-10 22:28:39] channel recv len=9 entropy=3.17 bs_len=9 u16le=21314 u32le=611138 ascii='BS.....<R'
[2026-06-10 22:28:39] channel BS frame #90: body_len=5 head=98 8f a6 3c 52 ascii='...<R'
[2026-06-10 22:28:39] channel recv len=9 entropy=3.17 bs_len=9 u16le=21314 u32le=611138 ascii='BS......y'
[2026-06-10 22:28:39] channel BS frame #91: body_len=5 head=1e 80 de 0e 79 ascii='....y'
[2026-06-10 22:28:40] channel recv len=9 entropy=3.17 bs_len=9 u16le=21314 u32le=611138 ascii='BS....).8'
[2026-06-10 22:28:40] channel BS frame #92: body_len=5 head=08 8a 29 c8 38 ascii='..).8'
[2026-06-10 22:28:40] channel recv len=9 entropy=3.17 bs_len=9 u16le=21314 u32le=611138 ascii='BS..n..#.'
[2026-06-10 22:28:40] channel BS frame #93: body_len=5 head=6e 8e d9 23 c1 ascii='n..#.'
[2026-06-10 22:28:40] channel recv len=9 entropy=3.17 bs_len=9 u16le=21314 u32le=611138 ascii='BS.......'
[2026-06-10 22:28:40] channel BS frame #94: body_len=5 head=ef 86 02 84 8e ascii='.....'
[2026-06-10 22:28:40] channel recv len=9 entropy=3.17 bs_len=9 u16le=21314 u32le=611138 ascii='BS..g.cr.'
[2026-06-10 22:28:40] channel BS frame #95: body_len=5 head=67 8d 63 72 c8 ascii='g.cr.'
[2026-06-10 22:28:40] channel recv len=9 entropy=3.17 bs_len=9 u16le=21314 u32le=611138 ascii='BS..v..<R'
[2026-06-10 22:28:40] channel BS frame #96: body_len=5 head=76 8f a6 3c 52 ascii='v..<R'
[2026-06-10 22:28:40] channel recv len=9 entropy=3.17 bs_len=9 u16le=21314 u32le=611138 ascii='BS....}..'
[2026-06-10 22:28:40] channel BS frame #97: body_len=5 head=1e 87 7d 9b 1d ascii='..}..'
[2026-06-10 22:28:40] channel recv len=9 entropy=3.17 bs_len=9 u16le=21314 u32le=611138 ascii='BS.....<R'
[2026-06-10 22:28:40] channel BS frame #98: body_len=5 head=96 8f a6 3c 52 ascii='...<R'
[2026-06-10 22:28:40] channel recv len=9 entropy=3.17 bs_len=9 u16le=21314 u32le=611138 ascii='BS....cr.'
[2026-06-10 22:28:40] channel BS frame #99: body_len=5 head=1e 8d 63 72 c8 ascii='..cr.'
[2026-06-10 22:28:41] channel recv len=9 entropy=3.17 bs_len=9 u16le=21314 u32le=611138 ascii='BS..v....'
[2026-06-10 22:28:41] channel BS frame #100: body_len=5 head=76 86 02 84 8e ascii='v....'
[2026-06-10 22:28:41] channel client plain frame #100: len=9 entropy=2.64 bs_len=9 u16le=21314 u32le=611138 ascii='BS..g....'
[2026-06-10 22:28:41] channel recv len=9 entropy=3.17 bs_len=9 u16le=21314 u32le=611138 ascii='BS..g.O..'
[2026-06-10 22:28:41] channel BS frame #101: body_len=5 head=67 8f 4f 13 c6 ascii='g.O..'
[2026-06-10 22:28:41] channel recv len=9 entropy=3.17 bs_len=9 u16le=21314 u32le=611138 ascii='BS.....<R'
[2026-06-10 22:28:41] channel BS frame #102: body_len=5 head=98 8f a6 3c 52 ascii='...<R'
[2026-06-10 22:28:41] channel recv len=9 entropy=3.17 bs_len=9 u16le=21314 u32le=611138 ascii='BS.......'
[2026-06-10 22:28:41] channel BS frame #103: body_len=5 head=1e 8a c0 e7 ac ascii='.....'
[2026-06-10 22:28:41] channel recv len=9 entropy=3.17 bs_len=9 u16le=21314 u32le=611138 ascii='BS.....<R'
[2026-06-10 22:28:41] channel BS frame #104: body_len=5 head=e8 8f a6 3c 52 ascii='...<R'
[2026-06-10 22:28:41] channel recv len=9 entropy=3.17 bs_len=9 u16le=21314 u32le=611138 ascii='BS....V..'
[2026-06-10 22:28:41] channel BS frame #105: body_len=5 head=1e 8b 56 d7 ab ascii='..V..'
[2026-06-10 22:28:41] channel recv len=9 entropy=3.17 bs_len=9 u16le=21314 u32le=611138 ascii='BS.....<R'
[2026-06-10 22:28:41] channel BS frame #106: body_len=5 head=9f 8f a6 3c 52 ascii='...<R'
[2026-06-10 22:28:41] channel recv len=9 entropy=3.17 bs_len=9 u16le=21314 u32le=611138 ascii='BS....z..'
[2026-06-10 22:28:41] channel BS frame #107: body_len=5 head=1e 89 7a b6 a5 ascii='..z..'
[2026-06-10 22:28:41] channel recv len=5 entropy=2.32 bs_len=5 u16le=21314 u32le=348994 ascii='BS...'
[2026-06-10 22:28:41] channel BS frame #108: body_len=1 head=04 ascii='.'
[2026-06-10 22:28:41] channel replay observed client frame #108; server frames sent=88
[2026-06-10 22:28:41] channel recv len=9 entropy=3.17 bs_len=9 u16le=21314 u32le=611138 ascii='BS..Vc.&.'
[2026-06-10 22:28:41] channel BS frame #109: body_len=5 head=56 63 ef 26 87 ascii='Vc.&.'
[2026-06-10 22:28:41] channel recv len=9 entropy=3.17 bs_len=9 u16le=21314 u32le=611138 ascii='BS....cr.'
[2026-06-10 22:28:41] channel BS frame #110: body_len=5 head=fe 8d 63 72 c8 ascii='..cr.'
[2026-06-10 22:28:41] channel recv len=9 entropy=3.17 bs_len=9 u16le=21314 u32le=611138 ascii='BS..v..<R'
[2026-06-10 22:28:41] channel BS frame #111: body_len=5 head=76 8f a6 3c 52 ascii='v..<R'
[2026-06-10 22:28:41] channel recv len=9 entropy=3.17 bs_len=9 u16le=21314 u32le=611138 ascii='BS.....#.'
[2026-06-10 22:28:41] channel BS frame #112: body_len=5 head=1e 8e d9 23 c1 ascii='...#.'
[2026-06-10 22:28:41] channel recv len=9 entropy=3.17 bs_len=9 u16le=21314 u32le=611138 ascii='BS.....<R'
[2026-06-10 22:28:41] channel BS frame #113: body_len=5 head=ef 8f a6 3c 52 ascii='...<R'
[2026-06-10 22:28:41] channel recv len=9 entropy=3.17 bs_len=9 u16le=21314 u32le=611138 ascii='BS.....#.'
[2026-06-10 22:28:41] channel BS frame #114: body_len=5 head=1e 8e d9 23 c1 ascii='...#.'
[2026-06-10 22:28:42] channel recv len=9 entropy=3.17 bs_len=9 u16le=21314 u32le=611138 ascii='BS.....<R'
[2026-06-10 22:28:42] channel BS frame #115: body_len=5 head=ef 8f a6 3c 52 ascii='...<R'
[2026-06-10 22:28:42] channel recv len=9 entropy=3.17 bs_len=9 u16le=21314 u32le=611138 ascii='BS.....#.'
[2026-06-10 22:28:42] channel BS frame #116: body_len=5 head=1e 8e d9 23 c1 ascii='...#.'
[2026-06-10 22:28:42] channel recv len=9 entropy=3.17 bs_len=9 u16le=21314 u32le=611138 ascii='BS.....<R'
[2026-06-10 22:28:42] channel BS frame #117: body_len=5 head=ef 8f a6 3c 52 ascii='...<R'
[2026-06-10 22:28:42] channel recv len=9 entropy=3.17 bs_len=9 u16le=21314 u32le=611138 ascii='BS....cr.'
[2026-06-10 22:28:42] channel BS frame #118: body_len=5 head=1e 8d 63 72 c8 ascii='..cr.'
[2026-06-10 22:28:42] channel recv len=9 entropy=3.17 bs_len=9 u16le=21314 u32le=611138 ascii='BS..v..<R'
[2026-06-10 22:28:42] channel BS frame #119: body_len=5 head=76 8f a6 3c 52 ascii='v..<R'
[2026-06-10 22:28:42] channel recv len=9 entropy=3.17 bs_len=9 u16le=21314 u32le=611138 ascii='BS....cr.'
[2026-06-10 22:28:42] channel BS frame #120: body_len=5 head=1e 8d 63 72 c8 ascii='..cr.'
[2026-06-10 22:28:42] channel recv len=9 entropy=2.95 bs_len=9 u16le=21314 u32le=611138 ascii='BS..v.S1Z'
[2026-06-10 22:28:42] channel BS frame #121: body_len=5 head=76 90 53 31 5a ascii='v.S1Z'
[2026-06-10 22:28:42] channel recv len=9 entropy=3.17 bs_len=9 u16le=21314 u32le=611138 ascii='BS.....#.'
[2026-06-10 22:28:42] channel BS frame #122: body_len=5 head=93 8e d9 23 c1 ascii='...#.'
[2026-06-10 22:28:42] channel recv len=9 entropy=3.17 bs_len=9 u16le=21314 u32le=611138 ascii='BS.....<R'
[2026-06-10 22:28:42] channel BS frame #123: body_len=5 head=ef 8f a6 3c 52 ascii='...<R'
[2026-06-10 22:28:42] channel recv len=9 entropy=3.17 bs_len=9 u16le=21314 u32le=611138 ascii='BS.....#.'
[2026-06-10 22:28:42] channel BS frame #124: body_len=5 head=1e 8e d9 23 c1 ascii='...#.'
[2026-06-10 22:28:42] channel recv len=9 entropy=3.17 bs_len=9 u16le=21314 u32le=611138 ascii='BS.......'
[2026-06-10 22:28:42] channel BS frame #125: body_len=5 head=ef 9b db e8 88 ascii='.....'
[2026-06-10 22:28:42] channel recv len=9 entropy=3.17 bs_len=9 u16le=21314 u32le=611138 ascii='BS.....#.'
[2026-06-10 22:28:42] channel BS frame #126: body_len=5 head=04 8e d9 23 c1 ascii='...#.'
[2026-06-10 22:28:42] channel recv len=9 entropy=3.17 bs_len=9 u16le=21314 u32le=611138 ascii='BS.....<R'
[2026-06-10 22:28:42] channel BS frame #127: body_len=5 head=ef 8f a6 3c 52 ascii='...<R'
[2026-06-10 22:28:42] channel recv len=9 entropy=3.17 bs_len=9 u16le=21314 u32le=611138 ascii='BS.....#.'
[2026-06-10 22:28:42] channel BS frame #128: body_len=5 head=1e 8e d9 23 c1 ascii='...#.'
[2026-06-10 22:28:42] channel recv len=9 entropy=3.17 bs_len=9 u16le=21314 u32le=611138 ascii='BS.....<R'
[2026-06-10 22:28:42] channel BS frame #129: body_len=5 head=ef 8f a6 3c 52 ascii='...<R'
[2026-06-10 22:28:42] channel recv len=9 entropy=3.17 bs_len=9 u16le=21314 u32le=611138 ascii='BS....cr.'
[2026-06-10 22:28:42] channel BS frame #130: body_len=5 head=1e 8d 63 72 c8 ascii='..cr.'
[2026-06-10 22:28:42] channel recv len=9 entropy=3.17 bs_len=9 u16le=21314 u32le=611138 ascii='BS..v..<R'
[2026-06-10 22:28:42] channel BS frame #131: body_len=5 head=76 8f a6 3c 52 ascii='v..<R'
[2026-06-10 22:28:42] channel recv len=9 entropy=3.17 bs_len=9 u16le=21314 u32le=611138 ascii='BS.....#.'
[2026-06-10 22:28:42] channel BS frame #132: body_len=5 head=1e 8e d9 23 c1 ascii='...#.'
[2026-06-10 22:28:42] channel recv len=9 entropy=2.95 bs_len=9 u16le=21314 u32le=611138 ascii='BS.....`S'
[2026-06-10 22:28:42] channel BS frame #133: body_len=5 head=ef 93 e9 60 53 ascii='...`S'
[2026-06-10 22:28:42] channel recv len=9 entropy=3.17 bs_len=9 u16le=21314 u32le=611138 ascii='BS.....#.'
[2026-06-10 22:28:42] channel BS frame #134: body_len=5 head=0a 8e d9 23 c1 ascii='...#.'
[2026-06-10 22:28:42] channel recv len=9 entropy=3.17 bs_len=9 u16le=21314 u32le=611138 ascii='BS.....<R'
[2026-06-10 22:28:42] channel BS frame #135: body_len=5 head=ef 8f a6 3c 52 ascii='...<R'
[2026-06-10 22:28:42] channel recv len=9 entropy=3.17 bs_len=9 u16le=21314 u32le=611138 ascii='BS....O..'
[2026-06-10 22:28:42] channel BS frame #136: body_len=5 head=1e 8f 4f 13 c6 ascii='..O..'
[2026-06-10 22:28:42] channel recv len=9 entropy=3.17 bs_len=9 u16le=21314 u32le=611138 ascii='BS.....<R'
[2026-06-10 22:28:42] channel BS frame #137: body_len=5 head=98 8f a6 3c 52 ascii='...<R'
[2026-06-10 22:28:42] channel recv len=9 entropy=3.17 bs_len=9 u16le=21314 u32le=611138 ascii='BS....cr.'
[2026-06-10 22:28:42] channel BS frame #138: body_len=5 head=1e 8d 63 72 c8 ascii='..cr.'
[2026-06-10 22:28:42] channel recv len=9 entropy=3.17 bs_len=9 u16le=21314 u32le=611138 ascii='BS..v..m['
[2026-06-10 22:28:42] channel BS frame #139: body_len=5 head=76 8c 1c 6d 5b ascii='v..m['
[2026-06-10 22:28:42] channel recv len=9 entropy=3.17 bs_len=9 u16le=21314 u32le=611138 ascii='BS....z..'
[2026-06-10 22:28:42] channel BS frame #140: body_len=5 head=87 89 7a b6 a5 ascii='..z..'
[2026-06-10 22:28:42] channel recv len=9 entropy=3.17 bs_len=9 u16le=21314 u32le=611138 ascii='BS..q..<R'
[2026-06-10 22:28:42] channel BS frame #141: body_len=5 head=71 8f a6 3c 52 ascii='q..<R'
[2026-06-10 22:28:42] channel recv len=9 entropy=3.17 bs_len=9 u16le=21314 u32le=611138 ascii='BS.....#.'
[2026-06-10 22:28:42] channel BS frame #142: body_len=5 head=1e 8e d9 23 c1 ascii='...#.'
[2026-06-10 22:28:43] channel recv len=9 entropy=3.17 bs_len=9 u16le=21314 u32le=611138 ascii='BS.......'
[2026-06-10 22:28:43] channel BS frame #143: body_len=5 head=ef 87 94 b4 89 ascii='.....'
[2026-06-10 22:28:43] channel recv len=9 entropy=3.17 bs_len=9 u16le=21314 u32le=611138 ascii='BS.....#.'
[2026-06-10 22:28:43] channel BS frame #144: body_len=5 head=10 8e d9 23 c1 ascii='...#.'
[2026-06-10 22:28:43] channel recv len=9 entropy=2.95 bs_len=9 u16le=21314 u32le=611138 ascii='BS.....`S'
[2026-06-10 22:28:43] channel BS frame #145: body_len=5 head=ef 93 e9 60 53 ascii='...`S'
[2026-06-10 22:28:43] channel recv len=9 entropy=3.17 bs_len=9 u16le=21314 u32le=611138 ascii='BS.....#.'
[2026-06-10 22:28:43] channel BS frame #146: body_len=5 head=0a 8e d9 23 c1 ascii='...#.'
[2026-06-10 22:28:43] channel recv len=9 entropy=3.17 bs_len=9 u16le=21314 u32le=611138 ascii='BS.....<R'
[2026-06-10 22:28:43] channel BS frame #147: body_len=5 head=ef 8f a6 3c 52 ascii='...<R'
[2026-06-10 22:28:43] channel recv len=9 entropy=3.17 bs_len=9 u16le=21314 u32le=611138 ascii='BS.....Rx'
[2026-06-10 22:28:43] channel BS frame #148: body_len=5 head=1e 9c 91 52 78 ascii='...Rx'
[2026-06-10 22:28:43] channel recv len=9 entropy=3.17 bs_len=9 u16le=21314 u32le=611138 ascii='BS.....<R'
[2026-06-10 22:28:43] channel BS frame #149: body_len=5 head=1c 8f a6 3c 52 ascii='...<R'
[2026-06-10 22:28:43] channel recv len=9 entropy=3.17 bs_len=9 u16le=21314 u32le=611138 ascii='BS.......'
[2026-06-10 22:28:43] channel BS frame #150: body_len=5 head=1e 84 c7 ca 14 ascii='.....'
[2026-06-10 22:28:43] channel recv len=9 entropy=3.17 bs_len=9 u16le=21314 u32le=611138 ascii='BS.....<R'
[2026-06-10 22:28:43] channel BS frame #151: body_len=5 head=0f 8f a6 3c 52 ascii='...<R'
[2026-06-10 22:28:43] channel recv len=9 entropy=3.17 bs_len=9 u16le=21314 u32le=611138 ascii='BS.....#.'
[2026-06-10 22:28:43] channel BS frame #152: body_len=5 head=1e 8e d9 23 c1 ascii='...#.'
[2026-06-10 22:28:43] channel recv len=9 entropy=3.17 bs_len=9 u16le=21314 u32le=611138 ascii='BS.....<R'
[2026-06-10 22:28:43] channel BS frame #153: body_len=5 head=ef 8f a6 3c 52 ascii='...<R'
[2026-06-10 22:28:43] channel recv len=9 entropy=3.17 bs_len=9 u16le=21314 u32le=611138 ascii='BS....z..'
[2026-06-10 22:28:43] channel BS frame #154: body_len=5 head=1e 89 7a b6 a5 ascii='..z..'
[2026-06-10 22:28:43] channel recv len=9 entropy=3.17 bs_len=9 u16le=21314 u32le=611138 ascii='BS..q..<R'
[2026-06-10 22:28:43] channel BS frame #155: body_len=5 head=71 8f a6 3c 52 ascii='q..<R'
[2026-06-10 22:28:43] channel recv len=9 entropy=3.17 bs_len=9 u16le=21314 u32le=611138 ascii='BS.......'
[2026-06-10 22:28:43] channel BS frame #156: body_len=5 head=1e 8a c0 e7 ac ascii='.....'
[2026-06-10 22:28:43] channel recv len=9 entropy=3.17 bs_len=9 u16le=21314 u32le=611138 ascii='BS.....<R'
[2026-06-10 22:28:43] channel BS frame #157: body_len=5 head=e8 8f a6 3c 52 ascii='...<R'
[2026-06-10 22:28:43] channel recv len=9 entropy=3.17 bs_len=9 u16le=21314 u32le=611138 ascii='BS....d_p'
[2026-06-10 22:28:43] channel BS frame #158: body_len=5 head=1e 83 64 5f 70 ascii='..d_p'
[2026-06-10 22:28:43] channel recv len=9 entropy=3.17 bs_len=9 u16le=21314 u32le=611138 ascii='BS.....<R'
[2026-06-10 22:28:43] channel BS frame #159: body_len=5 head=91 8f a6 3c 52 ascii='...<R'
[2026-06-10 22:28:43] channel recv len=9 entropy=3.17 bs_len=9 u16le=21314 u32le=611138 ascii='BS.....#.'
[2026-06-10 22:28:43] channel BS frame #160: body_len=5 head=1e 8e d9 23 c1 ascii='...#.'
[2026-06-10 22:28:43] channel recv len=9 entropy=3.17 bs_len=9 u16le=21314 u32le=611138 ascii='BS.....<R'
[2026-06-10 22:28:43] channel BS frame #161: body_len=5 head=ef 8f a6 3c 52 ascii='...<R'
[2026-06-10 22:28:43] channel recv len=9 entropy=3.17 bs_len=9 u16le=21314 u32le=611138 ascii='BS.....#.'
[2026-06-10 22:28:43] channel BS frame #162: body_len=5 head=1e 8e d9 23 c1 ascii='...#.'
[2026-06-10 22:28:44] channel recv len=9 entropy=3.17 bs_len=9 u16le=21314 u32le=611138 ascii='BS.....<R'
[2026-06-10 22:28:44] channel BS frame #163: body_len=5 head=ef 8f a6 3c 52 ascii='...<R'
[2026-06-10 22:28:44] channel recv len=9 entropy=3.17 bs_len=9 u16le=21314 u32le=611138 ascii='BS.......'
[2026-06-10 22:28:44] channel BS frame #164: body_len=5 head=1e 86 eb ab 1a ascii='.....'
[2026-06-10 22:28:44] channel recv len=9 entropy=3.17 bs_len=9 u16le=21314 u32le=611138 ascii='BS.....<R'
[2026-06-10 22:28:44] channel BS frame #165: body_len=5 head=e1 8f a6 3c 52 ascii='...<R'
[2026-06-10 22:28:44] channel recv len=9 entropy=3.17 bs_len=9 u16le=21314 u32le=611138 ascii='BS.......'
[2026-06-10 22:28:44] channel BS frame #166: body_len=5 head=1e 86 eb ab 1a ascii='.....'
[2026-06-10 22:28:44] channel recv len=9 entropy=3.17 bs_len=9 u16le=21314 u32le=611138 ascii='BS.....<R'
[2026-06-10 22:28:44] channel BS frame #167: body_len=5 head=e1 8f a6 3c 52 ascii='...<R'
[2026-06-10 22:28:44] channel recv len=9 entropy=3.17 bs_len=9 u16le=21314 u32le=611138 ascii='BS.....ow'
[2026-06-10 22:28:44] channel BS frame #168: body_len=5 head=1e 82 f2 6f 77 ascii='...ow'
[2026-06-10 22:28:44] channel recv len=9 entropy=3.17 bs_len=9 u16le=21314 u32le=611138 ascii='BS......?'
[2026-06-10 22:28:44] channel BS frame #169: body_len=5 head=e6 8b bf f8 3f ascii='....?'
[2026-06-10 22:28:44] channel recv len=9 entropy=3.17 bs_len=9 u16le=21314 u32le=611138 ascii='BS.....#.'
[2026-06-10 22:28:44] channel BS frame #170: body_len=5 head=19 8e d9 23 c1 ascii='...#.'
[2026-06-10 22:28:44] channel recv len=9 entropy=3.17 bs_len=9 u16le=21314 u32le=611138 ascii='BS.....<R'
[2026-06-10 22:28:44] channel BS frame #171: body_len=5 head=ef 8f a6 3c 52 ascii='...<R'
[2026-06-10 22:28:44] channel recv len=9 entropy=3.17 bs_len=9 u16le=21314 u32le=611138 ascii='BS.....#.'
[2026-06-10 22:28:44] channel BS frame #172: body_len=5 head=1e 8e d9 23 c1 ascii='...#.'
[2026-06-10 22:28:44] channel recv len=9 entropy=3.17 bs_len=9 u16le=21314 u32le=611138 ascii='BS.....<R'
[2026-06-10 22:28:44] channel BS frame #173: body_len=5 head=ef 8f a6 3c 52 ascii='...<R'
[2026-06-10 22:28:44] channel recv len=9 entropy=3.17 bs_len=9 u16le=21314 u32le=611138 ascii='BS.....#.'
[2026-06-10 22:28:44] channel BS frame #174: body_len=5 head=1e 8e d9 23 c1 ascii='...#.'
[2026-06-10 22:28:44] channel recv len=9 entropy=3.17 bs_len=9 u16le=21314 u32le=611138 ascii='BS.....<R'
[2026-06-10 22:28:44] channel BS frame #175: body_len=5 head=ef 8f a6 3c 52 ascii='...<R'
[2026-06-10 22:28:44] channel recv len=9 entropy=3.17 bs_len=9 u16le=21314 u32le=611138 ascii='BS....O..'
[2026-06-10 22:28:44] channel BS frame #176: body_len=5 head=1e 8f 4f 13 c6 ascii='..O..'
[2026-06-10 22:28:44] channel recv len=9 entropy=3.17 bs_len=9 u16le=21314 u32le=611138 ascii='BS.......'
[2026-06-10 22:28:44] channel BS frame #177: body_len=5 head=98 9b db e8 88 ascii='.....'
[2026-06-10 22:28:44] channel recv len=9 entropy=3.17 bs_len=9 u16le=21314 u32le=611138 ascii='BS....cr.'
[2026-06-10 22:28:44] channel BS frame #178: body_len=5 head=04 8d 63 72 c8 ascii='..cr.'
[2026-06-10 22:28:44] channel recv len=9 entropy=3.17 bs_len=9 u16le=21314 u32le=611138 ascii='BS..v..<R'
[2026-06-10 22:28:44] channel BS frame #179: body_len=5 head=76 8f a6 3c 52 ascii='v..<R'
[2026-06-10 22:28:44] channel recv len=9 entropy=3.17 bs_len=9 u16le=21314 u32le=611138 ascii='BS.....#.'
[2026-06-10 22:28:44] channel BS frame #180: body_len=5 head=1e 8e d9 23 c1 ascii='...#.'
[2026-06-10 22:28:44] channel recv len=5 entropy=2.32 bs_len=5 u16le=21314 u32le=348994 ascii='BS...'
[2026-06-10 22:28:44] channel BS frame #181: body_len=1 head=9a ascii='.'
[2026-06-10 22:28:44] channel replay observed client frame #181; server frames sent=98
[2026-06-10 22:28:45] channel recv len=9 entropy=3.17 bs_len=9 u16le=21314 u32le=611138 ascii='BS..Vg...'
[2026-06-10 22:28:45] channel BS frame #182: body_len=5 head=56 67 f6 e2 ea ascii='Vg...'
[2026-06-10 22:28:45] channel recv len=9 entropy=3.17 bs_len=9 u16le=21314 u32le=611138 ascii='BS....cr.'
[2026-06-10 22:28:45] channel BS frame #183: body_len=5 head=f9 8d 63 72 c8 ascii='..cr.'
[2026-06-10 22:28:45] channel recv len=9 entropy=3.17 bs_len=9 u16le=21314 u32le=611138 ascii='BS..v..<R'
[2026-06-10 22:28:45] channel BS frame #184: body_len=5 head=76 8f a6 3c 52 ascii='v..<R'
[2026-06-10 22:28:45] channel recv len=9 entropy=3.17 bs_len=9 u16le=21314 u32le=611138 ascii='BS....cr.'
[2026-06-10 22:28:45] channel BS frame #185: body_len=5 head=1e 8d 63 72 c8 ascii='..cr.'
[2026-06-10 22:28:45] channel recv len=9 entropy=3.17 bs_len=9 u16le=21314 u32le=611138 ascii='BS..v..<R'
[2026-06-10 22:28:45] channel BS frame #186: body_len=5 head=76 8f a6 3c 52 ascii='v..<R'
[2026-06-10 22:28:45] channel recv len=9 entropy=3.17 bs_len=9 u16le=21314 u32le=611138 ascii='BS....cr.'
[2026-06-10 22:28:45] channel BS frame #187: body_len=5 head=1e 8d 63 72 c8 ascii='..cr.'
[2026-06-10 22:28:45] channel recv len=9 entropy=3.17 bs_len=9 u16le=21314 u32le=611138 ascii='BS..v..<R'
[2026-06-10 22:28:45] channel BS frame #188: body_len=5 head=76 8f a6 3c 52 ascii='v..<R'
[2026-06-10 22:28:45] channel recv len=9 entropy=3.17 bs_len=9 u16le=21314 u32le=611138 ascii='BS......y'
[2026-06-10 22:28:45] channel BS frame #189: body_len=5 head=1e 80 de 0e 79 ascii='....y'
[2026-06-10 22:28:45] channel recv len=9 entropy=3.17 bs_len=9 u16le=21314 u32le=611138 ascii='BS.....<R'
[2026-06-10 22:28:45] channel BS frame #190: body_len=5 head=08 8f a6 3c 52 ascii='...<R'
[2026-06-10 22:28:45] channel recv len=9 entropy=3.17 bs_len=9 u16le=21314 u32le=611138 ascii='BS....cr.'
[2026-06-10 22:28:45] channel BS frame #191: body_len=5 head=1e 8d 63 72 c8 ascii='..cr.'
[2026-06-10 22:28:45] channel recv len=9 entropy=3.17 bs_len=9 u16le=21314 u32le=611138 ascii='BS..v..<R'
[2026-06-10 22:28:45] channel BS frame #192: body_len=5 head=76 8f a6 3c 52 ascii='v..<R'
[2026-06-10 22:28:45] channel recv len=9 entropy=3.17 bs_len=9 u16le=21314 u32le=611138 ascii='BS....cr.'
[2026-06-10 22:28:45] channel BS frame #193: body_len=5 head=1e 8d 63 72 c8 ascii='..cr.'
[2026-06-10 22:28:45] channel recv len=9 entropy=3.17 bs_len=9 u16le=21314 u32le=611138 ascii='BS..v..<R'
[2026-06-10 22:28:45] channel BS frame #194: body_len=5 head=76 8f a6 3c 52 ascii='v..<R'
[2026-06-10 22:28:45] channel recv len=9 entropy=3.17 bs_len=9 u16le=21314 u32le=611138 ascii='BS.....#.'
[2026-06-10 22:28:45] channel BS frame #195: body_len=5 head=1e 8e d9 23 c1 ascii='...#.'
[2026-06-10 22:28:45] channel recv len=9 entropy=3.17 bs_len=9 u16le=21314 u32le=611138 ascii='BS.......'
[2026-06-10 22:28:45] channel BS frame #196: body_len=5 head=ef 9b db e8 88 ascii='.....'
[2026-06-10 22:28:45] channel recv len=32 entropy=3.91 bs_len=6 u16le=21314 u32le=414530 ascii='BS....BS....*.z.#N,BS.....Sz.#N,'
[2026-06-10 22:28:45] channel BS frame #197: body_len=2 head=10 f0 ascii='..'
[2026-06-10 22:28:45] channel BS frame #198: body_len=9 head=c1 a3 2a bc 7a f6 23 4e 2c ascii='..*.z.#N,'
[2026-06-10 22:28:45] channel BS frame #199: body_len=9 head=81 bc 00 53 7a f6 23 4e 2c ascii='...Sz.#N,'
[2026-06-10 22:28:45] channel recv len=13 entropy=3.55 bs_len=13 u16le=21314 u32le=873282 ascii='BS....?......'
[2026-06-10 22:28:45] channel BS frame #200: body_len=9 head=91 da 3f 97 a0 c4 cd a7 da ascii='..?......'
[2026-06-10 22:28:45] channel recv len=11 entropy=3.46 bs_len=11 u16le=21314 u32le=742210 ascii='BS..1/...\\-'
[2026-06-10 22:28:45] channel BS frame #201: body_len=7 head=31 2f b5 b2 97 5c 2d ascii='1/...\\-'
[2026-06-10 22:28:45] channel recv len=11 entropy=3.46 bs_len=11 u16le=21314 u32le=742210 ascii='BS..hJ.P.x.'
[2026-06-10 22:28:45] channel BS frame #202: body_len=7 head=68 4a ff 50 bd 78 b0 ascii='hJ.P.x.'
[2026-06-10 22:28:45] channel recv len=11 entropy=3.46 bs_len=11 u16le=21314 u32le=742210 ascii='BS...8.1}.)'
[2026-06-10 22:28:45] channel BS frame #203: body_len=7 head=b9 38 a5 31 7d aa 29 ascii='.8.1}.)'
[2026-06-10 22:28:46] channel recv len=11 entropy=3.46 bs_len=11 u16le=21314 u32le=742210 ascii='BS....M.$..'
[2026-06-10 22:28:46] channel BS frame #204: body_len=7 head=e2 b2 4d c6 24 e3 1d ascii='..M.$..'
[2026-06-10 22:28:46] channel recv len=11 entropy=3.46 bs_len=11 u16le=21314 u32le=742210 ascii="BS.....'..X"
[2026-06-10 22:28:46] channel BS frame #205: body_len=7 head=eb 0e 18 27 e4 d9 58 ascii="...'..X"
[2026-06-10 22:28:46] channel recv len=11 entropy=3.28 bs_len=11 u16le=21314 u32le=742210 ascii='BS...Z... .'
[2026-06-10 22:28:46] channel BS frame #206: body_len=7 head=d2 5a 18 f7 f7 20 11 ascii='.Z... .'
[2026-06-10 22:28:46] channel recv len=11 entropy=3.46 bs_len=11 u16le=21314 u32le=742210 ascii='BS.....i*..'
[2026-06-10 22:28:46] channel BS frame #207: body_len=7 head=0d 8a b2 69 2a 99 9a ascii='...i*..'
[2026-06-10 22:28:47] channel recv len=11 entropy=3.46 bs_len=11 u16le=21314 u32le=742210 ascii='BS....&....'
[2026-06-10 22:28:47] channel BS frame #208: body_len=7 head=b6 1a 26 aa 9a a0 bf ascii='..&....'
[2026-06-10 22:28:47] channel recv len=11 entropy=3.46 bs_len=11 u16le=21314 u32le=742210 ascii='BS...-.7x6.'
[2026-06-10 22:28:47] channel BS frame #209: body_len=7 head=ed 2d e5 37 78 36 1a ascii='.-.7x6.'
[2026-06-10 22:28:47] channel recv len=13 entropy=3.70 bs_len=13 u16le=21314 u32le=873282 ascii='BS..^f...Npl.'
[2026-06-10 22:28:47] channel BS frame #210: body_len=9 head=5e 66 86 b0 a0 4e 70 6c 92 ascii='^f...Npl.'
[2026-06-10 22:28:47] channel recv len=17 entropy=4.09 bs_len=17 u16le=21314 u32le=1135426 ascii='BS....!../..YwcGu'
[2026-06-10 22:28:47] channel BS frame #211: body_len=13 head=8b 96 21 f7 e7 2f 0e a8 59 77 63 47 75 ascii='..!../..YwcGu'
[2026-06-10 22:28:47] channel recv len=17 entropy=3.97 bs_len=17 u16le=21314 u32le=1135426 ascii='BS...hL..N...K><.'
[2026-06-10 22:28:47] channel BS frame #212: body_len=13 head=9b 68 4c 1b cb 4e 00 06 c9 4b 3e 3c c1 ascii='.hL..N...K><.'
[2026-06-10 22:28:47] channel recv len=32 entropy=3.98 bs_len=6 u16le=21314 u32le=414530 ascii='BS...5BS..!G-.z.#N,BS.....Sz.#N,'
[2026-06-10 22:28:47] channel BS frame #213: body_len=2 head=a1 35 ascii='.5'
[2026-06-10 22:28:47] channel BS frame #214: body_len=9 head=21 47 2d cb 7a f6 23 4e 2c ascii='!G-.z.#N,'
[2026-06-10 22:28:47] channel BS frame #215: body_len=9 head=81 bc 00 53 7a f6 23 4e 2c ascii='...Sz.#N,'
[2026-06-10 22:28:47] channel recv len=13 entropy=3.70 bs_len=13 u16le=21314 u32le=873282 ascii='BS.....}.....'
[2026-06-10 22:28:47] channel BS frame #216: body_len=9 head=91 f8 dc 7d 9f e5 8d 07 80 ascii='...}.....'
[2026-06-10 22:28:47] channel recv len=13 entropy=3.55 bs_len=13 u16le=21314 u32le=873282 ascii='BS.........L.'
[2026-06-10 22:28:47] channel BS frame #217: body_len=9 head=bb a0 ab a0 b3 84 83 4c e7 ascii='.......L.'
[2026-06-10 22:28:47] channel recv len=5 entropy=2.32 bs_len=5 u16le=21314 u32le=348994 ascii='BS...'
[2026-06-10 22:28:47] channel BS frame #218: body_len=1 head=99 ascii='.'
[2026-06-10 22:28:47] channel replay sent server frame #100 after client frame #218: len=9 entropy=3.17 bs_len=9 u16le=21314 u32le=611138 ascii='BS..v....'
[2026-06-10 22:28:47] channel replay observed client frame #218; server frames sent=108
[2026-06-10 22:28:47] channel recv len=13 entropy=3.70 bs_len=13 u16le=21314 u32le=873282 ascii='BS......".<.J'
[2026-06-10 22:28:47] channel BS frame #219: body_len=9 head=e8 9f c6 1b 22 99 3c a3 4a ascii='....".<.J'
[2026-06-10 22:28:47] channel recv len=17 entropy=3.97 bs_len=17 u16le=21314 u32le=1135426 ascii='BS.........q,Q..8'
[2026-06-10 22:28:47] channel BS frame #220: body_len=13 head=80 a6 cf 82 d5 a7 d5 71 2c 51 98 d1 38 ascii='.......q,Q..8'
[2026-06-10 22:28:48] channel recv len=17 entropy=3.85 bs_len=17 u16le=21314 u32le=1135426 ascii='BS...W.5q.....j..'
[2026-06-10 22:28:48] channel BS frame #221: body_len=13 head=d1 57 fb 35 71 1f 09 eb ee 09 6a 00 f1 ascii='.W.5q.....j..'
[2026-06-10 22:28:48] channel recv len=17 entropy=3.97 bs_len=17 u16le=21314 u32le=1135426 ascii='BS.......^i.+dSV.'
[2026-06-10 22:28:48] channel BS frame #222: body_len=13 head=ff 8b 9c d6 95 5e 69 96 2b 64 53 56 92 ascii='.....^i.+dSV.'
[2026-06-10 22:28:48] channel recv len=19 entropy=4.25 bs_len=19 u16le=21314 u32le=1266498 ascii='BS..&u.......f.[...'
[2026-06-10 22:28:48] channel BS frame #223: body_len=15 head=26 75 b1 f1 9e ba c2 a0 e0 66 fd 5b ce c0 fe ascii='&u.......f.[...'
[2026-06-10 22:28:48] channel recv len=13 entropy=3.55 bs_len=13 u16le=21314 u32le=873282 ascii='BS..4+.%.....'
[2026-06-10 22:28:48] channel BS frame #224: body_len=9 head=34 2b 96 25 f5 0c e4 0d aa ascii='4+.%.....'
[2026-06-10 22:28:48] client->game 90 bytes
[2026-06-10 22:28:48] game recv len=90 entropy=6.26 bs_len=90 u16le=21314 u16be=16979 u32le=5919554 u32be=1112758784 ascii="BSZ......;Z6.[.........'..l.]..>..HX..[..d......p..+...Z..q.. a0h\\..:F.J5.in...N..."
[2026-06-10 22:28:48] game client plain #16: type=0x1e body_len=86 head=1e 51 00 00 00 01 ca 08 ff 00 00 04 40 5d 8a a8 field32=81 payload_len=81 field32b=4278766081
[2026-06-10 22:28:48] game replay observed 1 complete client BS frame(s); total=16
[2026-06-10 22:28:48] channel recv len=17 entropy=4.09 bs_len=17 u16le=21314 u32le=1135426 ascii='BS..!..........&.'
[2026-06-10 22:28:48] channel BS frame #225: body_len=13 head=21 9d a9 16 8a f7 90 1a cb ad 14 26 bd ascii='!..........&.'
[2026-06-10 22:28:48] channel recv len=17 entropy=3.97 bs_len=17 u16le=21314 u32le=1135426 ascii='BS....\\....W..mX.'
[2026-06-10 22:28:48] channel BS frame #226: body_len=13 head=d5 eb 5c 8d eb 92 dd 57 1d b5 6d 58 06 ascii='..\\....W..mX.'
[2026-06-10 22:28:48] channel recv len=19 entropy=4.25 bs_len=19 u16le=21314 u32le=1266498 ascii='BS......a.4......."'
[2026-06-10 22:28:48] channel BS frame #227: body_len=15 head=c7 ce 97 dc 61 8a 34 af e5 2e fd 96 f2 bd 22 ascii='....a.4......."'
[2026-06-10 22:28:48] channel recv len=19 entropy=4.25 bs_len=19 u16le=21314 u32le=1266498 ascii='BS....I.M.$.80.:..~'
[2026-06-10 22:28:48] channel BS frame #228: body_len=15 head=f0 02 49 de 4d e1 24 91 38 30 f1 3a ff e6 7e ascii='..I.M.$.80.:..~'
[2026-06-10 22:28:48] channel recv len=17 entropy=3.97 bs_len=17 u16le=21314 u32le=1135426 ascii='BS....G...@....@.'
[2026-06-10 22:28:48] channel BS frame #229: body_len=13 head=07 1b 47 fe 01 1f 40 a1 86 e4 fa 40 b7 ascii='..G...@....@.'
[2026-06-10 22:28:48] channel recv len=17 entropy=3.97 bs_len=17 u16le=21314 u32le=1135426 ascii='BS..0C...}..f....'
[2026-06-10 22:28:48] channel BS frame #230: body_len=13 head=30 43 e9 ee 1c 7d f8 ee 66 8b e1 03 18 ascii='0C...}..f....'
[2026-06-10 22:28:48] channel recv len=19 entropy=4.25 bs_len=19 u16le=21314 u32le=1266498 ascii='BS....7-...>.&<w...'
[2026-06-10 22:28:48] channel BS frame #231: body_len=15 head=93 8c 37 2d da 81 86 3e 85 26 3c 77 03 ee 9b ascii='..7-...>.&<w...'
[2026-06-10 22:28:49] channel recv len=17 entropy=4.09 bs_len=17 u16le=21314 u32le=1135426 ascii='BS..u.%.X....@...'
[2026-06-10 22:28:49] channel BS frame #232: body_len=13 head=75 df 25 8a 58 e6 c5 bd fd 40 da 85 b6 ascii='u.%.X....@...'
[2026-06-10 22:28:49] channel recv len=17 entropy=4.09 bs_len=17 u16le=21314 u32le=1135426 ascii='BS..H.-0......F..'
[2026-06-10 22:28:49] channel BS frame #233: body_len=13 head=48 b2 2d 30 c9 1b f9 fe df 12 46 19 9d ascii='H.-0......F..'
[2026-06-10 22:28:49] channel recv len=13 entropy=3.55 bs_len=13 u16le=21314 u32le=873282 ascii='BS..5.0..[1.5'
[2026-06-10 22:28:49] channel BS frame #234: body_len=9 head=35 8f 30 eb f7 5b 31 17 35 ascii='5.0..[1.5'
[2026-06-10 22:28:49] channel recv len=13 entropy=3.70 bs_len=13 u16le=21314 u32le=873282 ascii='BS...zn..M.5V'
[2026-06-10 22:28:49] channel BS frame #235: body_len=9 head=8f 7a 6e 9c ab 4d e9 35 56 ascii='.zn..M.5V'
[2026-06-10 22:28:49] channel recv len=17 entropy=4.09 bs_len=17 u16le=21314 u32le=1135426 ascii='BS......=..#.5[!f'
[2026-06-10 22:28:49] channel BS frame #236: body_len=13 head=a0 ae 97 1a 3d 9e a2 23 e1 35 5b 21 66 ascii='....=..#.5[!f'
[2026-06-10 22:28:49] channel recv len=19 entropy=4.25 bs_len=19 u16le=21314 u32le=1266498 ascii='BS.........n...5[..'
[2026-06-10 22:28:49] channel BS frame #237: body_len=15 head=e8 eb ad 93 97 d0 d9 6e f3 c4 e1 35 5b 19 f9 ascii='.......n...5[..'
[2026-06-10 22:28:49] channel recv len=17 entropy=4.09 bs_len=17 u16le=21314 u32le=1135426 ascii='BS....."e....4A.}'
[2026-06-10 22:28:49] channel BS frame #238: body_len=13 head=c6 fa f1 22 65 ff 10 9e fd 34 41 1d 7d ascii='..."e....4A.}'
[2026-06-10 22:28:49] channel recv len=17 entropy=3.97 bs_len=17 u16le=21314 u32le=1135426 ascii='BS...Z..a..}O..b.'
[2026-06-10 22:28:49] channel BS frame #239: body_len=13 head=a2 5a c7 0e 61 92 00 7d 4f ac db 62 15 ascii='.Z..a..}O..b.'
[2026-06-10 22:28:49] channel recv len=17 entropy=3.97 bs_len=17 u16le=21314 u32le=1135426 ascii='BS....dx,Yh....#.'
[2026-06-10 22:28:49] channel BS frame #240: body_len=13 head=a2 18 64 78 2c 59 68 b0 b2 a2 db 23 fe ascii='..dx,Yh....#.'
[2026-06-10 22:28:50] channel recv len=17 entropy=3.73 bs_len=17 u16le=21314 u32le=1135426 ascii='BS...C..|.|..1.R.'
[2026-06-10 22:28:50] channel BS frame #241: body_len=13 head=95 43 ae 96 7c b7 7c 19 19 31 0d 52 ae ascii='.C..|.|..1.R.'
[2026-06-10 22:28:50] channel recv len=17 entropy=3.97 bs_len=17 u16le=21314 u32le=1135426 ascii='BS....lI....L....'
[2026-06-10 22:28:50] channel BS frame #242: body_len=13 head=c5 d0 6c 49 05 1c fe b0 4c 85 df df db ascii='..lI....L....'
[2026-06-10 22:28:50] channel recv len=17 entropy=4.09 bs_len=17 u16le=21314 u32le=1135426 ascii='BS.....=eW......!'
[2026-06-10 22:28:50] channel BS frame #243: body_len=13 head=ad af 2e 3d 65 57 c2 b8 bc 7f c0 18 21 ascii='...=eW......!'
[2026-06-10 22:28:50] channel recv len=17 entropy=4.09 bs_len=17 u16le=21314 u32le=1135426 ascii='BS....erf..?.W. `'
[2026-06-10 22:28:50] channel BS frame #244: body_len=13 head=aa 08 65 72 66 12 e5 3f fb 57 ed 20 60 ascii='..erf..?.W. `'
[2026-06-10 22:28:50] channel recv len=17 entropy=4.09 bs_len=17 u16le=21314 u32le=1135426 ascii='BS../.a..s..b..6m'
[2026-06-10 22:28:50] channel BS frame #245: body_len=13 head=2f 80 61 b3 04 73 89 15 62 fe d0 36 6d ascii='/.a..s..b..6m'
[2026-06-10 22:28:50] channel recv len=17 entropy=3.73 bs_len=17 u16le=21314 u32le=1135426 ascii='BS..........U..U}'
[2026-06-10 22:28:50] channel BS frame #246: body_len=13 head=d8 c8 ad 0a 13 b4 c3 b1 55 0a b4 55 7d ascii='........U..U}'
[2026-06-10 22:28:50] channel recv len=5 entropy=1.92 bs_len=5 u16le=21314 u32le=348994 ascii='BS...'
[2026-06-10 22:28:50] channel BS frame #247: body_len=1 head=05 ascii='.'
[2026-06-10 22:28:50] channel replay observed client frame #247; server frames sent=112
[2026-06-10 22:28:50] channel recv len=17 entropy=4.09 bs_len=17 u16le=21314 u32le=1135426 ascii='BS.....U1.?#qV..='
[2026-06-10 22:28:50] channel BS frame #248: body_len=13 head=af 1f 0d 55 31 2e 3f 23 71 56 a5 01 3d ascii='...U1.?#qV..='
[2026-06-10 22:28:50] channel recv len=17 entropy=4.09 bs_len=17 u16le=21314 u32le=1135426 ascii='BS..........C. ..'
[2026-06-10 22:28:50] channel BS frame #249: body_len=13 head=81 82 a6 e6 86 c3 cf fb 43 d3 20 1e b5 ascii='........C. ..'
[2026-06-10 22:28:51] channel recv len=17 entropy=4.09 bs_len=17 u16le=21314 u32le=1135426 ascii='BS......l~..... .'
[2026-06-10 22:28:51] channel BS frame #250: body_len=13 head=e4 f4 b2 bc 6c 7e fe ca be 91 b7 20 08 ascii='....l~..... .'
[2026-06-10 22:28:51] channel client plain frame #250: len=17 entropy=3.85 bs_len=17 u16le=21314 u32le=1135426 ascii='BS..g .....g.z.y.'
[2026-06-10 22:28:51] channel recv len=17 entropy=4.09 bs_len=17 u16le=21314 u32le=1135426 ascii='BS.....z.t.......'
[2026-06-10 22:28:51] channel BS frame #251: body_len=13 head=eb 2e ad 7a e8 74 a2 dd e0 1e ed a5 e7 ascii='...z.t.......'
[2026-06-10 22:28:51] channel recv len=15 entropy=3.91 bs_len=15 u16le=21314 u32le=1004354 ascii='BS.. d.P......9'
[2026-06-10 22:28:51] channel BS frame #252: body_len=11 head=20 64 c8 50 0b c3 93 9f df d9 39 ascii=' d.P......9'
[2026-06-10 22:28:51] channel recv len=13 entropy=3.70 bs_len=13 u16le=21314 u32le=873282 ascii='BS...)@..O...'
[2026-06-10 22:28:51] channel BS frame #253: body_len=9 head=94 29 40 c6 a4 4f 13 09 d6 ascii='.)@..O...'
[2026-06-10 22:28:51] channel recv len=13 entropy=3.70 bs_len=13 u16le=21314 u32le=873282 ascii='BS..9..)M.0.['
[2026-06-10 22:28:51] channel BS frame #254: body_len=9 head=39 91 a8 29 4d b1 30 b7 5b ascii='9..)M.0.['
[2026-06-10 22:28:51] channel recv len=13 entropy=3.70 bs_len=13 u16le=21314 u32le=873282 ascii='BS..Fx.W..z..'
[2026-06-10 22:28:51] channel BS frame #255: body_len=9 head=46 78 83 57 e9 08 7a 11 b5 ascii='Fx.W..z..'
[2026-06-10 22:28:51] channel recv len=13 entropy=3.70 bs_len=13 u16le=21314 u32le=873282 ascii='BS.....ow....'
[2026-06-10 22:28:51] channel BS frame #256: body_len=9 head=ce cd b3 6f 77 b7 db 09 b1 ascii='...ow....'
[2026-06-10 22:28:51] channel recv len=13 entropy=3.70 bs_len=13 u16le=21314 u32le=873282 ascii='BS....q.....T'
[2026-06-10 22:28:51] channel BS frame #257: body_len=9 head=a4 e4 71 fe e6 ab f2 ca 54 ascii='..q.....T'
[2026-06-10 22:28:52] channel recv len=13 entropy=3.70 bs_len=13 u16le=21314 u32le=873282 ascii='BS..._..&..r.'
[2026-06-10 22:28:52] channel BS frame #258: body_len=9 head=e3 5f a5 e7 26 03 99 72 ab ascii='._..&..r.'
[2026-06-10 22:28:52] channel recv len=17 entropy=3.97 bs_len=17 u16le=21314 u32le=1135426 ascii='BS..}:(....<|BK..'
[2026-06-10 22:28:52] channel BS frame #259: body_len=13 head=7d 3a 28 c0 cf d9 18 3c 7c 42 4b 96 16 ascii='}:(....<|BK..'
[2026-06-10 22:28:52] channel recv len=13 entropy=3.70 bs_len=13 u16le=21314 u32le=873282 ascii='BS...C..6..+.'
[2026-06-10 22:28:52] channel BS frame #260: body_len=9 head=0f 43 a2 a1 36 1d 95 2b bc ascii='.C..6..+.'
[2026-06-10 22:28:52] channel recv len=13 entropy=3.70 bs_len=13 u16le=21314 u32le=873282 ascii="BS..'.V...N.."
[2026-06-10 22:28:52] channel BS frame #261: body_len=9 head=27 bb 56 ea 04 95 4e 80 db ascii="'.V...N.."
[2026-06-10 22:28:52] channel recv len=13 entropy=3.70 bs_len=13 u16le=21314 u32le=873282 ascii='BS..p........'
[2026-06-10 22:28:52] channel BS frame #262: body_len=9 head=70 07 f0 ed a7 01 bc d2 e8 ascii='p........'
[2026-06-10 22:28:52] channel recv len=17 entropy=3.97 bs_len=17 u16le=21314 u32le=1135426 ascii="BS...]OB.....F.'."
[2026-06-10 22:28:52] channel BS frame #263: body_len=13 head=03 5d 4f 42 bc f5 8a dd b3 46 93 27 9a ascii=".]OB.....F.'."
[2026-06-10 22:28:52] channel recv len=17 entropy=4.09 bs_len=17 u16le=21314 u32le=1135426 ascii='BS...\\...|..c....'
[2026-06-10 22:28:52] channel BS frame #264: body_len=13 head=ed 5c ae e7 8e 7c c7 86 63 7f 14 90 d2 ascii='.\\...|..c....'
[2026-06-10 22:28:52] channel recv len=17 entropy=4.09 bs_len=17 u16le=21314 u32le=1135426 ascii='BS....p....r..2Ge'
[2026-06-10 22:28:52] channel BS frame #265: body_len=13 head=9b b2 70 e1 e2 eb e4 72 bd c4 32 47 65 ascii='..p....r..2Ge'
[2026-06-10 22:28:53] channel recv len=17 entropy=4.09 bs_len=17 u16le=21314 u32le=1135426 ascii='BS...jv.3.m.C^.(.'
[2026-06-10 22:28:53] channel BS frame #266: body_len=13 head=d1 6a 76 1e 33 1c 6d 1d 43 5e 89 28 b0 ascii='.jv.3.m.C^.(.'
[2026-06-10 22:28:53] channel recv len=19 entropy=4.14 bs_len=19 u16le=21314 u32le=1266498 ascii='BS...pN...)N..y....'
[2026-06-10 22:28:53] channel BS frame #267: body_len=15 head=05 70 4e 0d bd d3 29 4e 1c fc 79 10 92 d8 02 ascii='.pN...)N..y....'
[2026-06-10 22:28:53] channel recv len=17 entropy=4.09 bs_len=17 u16le=21314 u32le=1135426 ascii='BS...R#......C..t'
[2026-06-10 22:28:53] channel BS frame #268: body_len=13 head=ed 52 23 df c9 f1 c7 0f 92 43 9b be 74 ascii='.R#......C..t'
[2026-06-10 22:28:53] channel recv len=19 entropy=4.04 bs_len=19 u16le=21314 u32le=1266498 ascii='BS....v...G-.An...{'
[2026-06-10 22:28:53] channel BS frame #269: body_len=15 head=a5 e2 76 b4 93 94 47 2d 94 41 6e d7 93 04 7b ascii='..v...G-.An...{'
[2026-06-10 22:28:53] channel recv len=17 entropy=3.97 bs_len=17 u16le=21314 u32le=1135426 ascii='BS...~...2.P ....'
[2026-06-10 22:28:53] channel BS frame #270: body_len=13 head=00 7e 91 8d d7 32 c4 50 20 fb d2 e9 f1 ascii='.~...2.P ....'
[2026-06-10 22:28:53] channel recv len=19 entropy=4.25 bs_len=19 u16le=21314 u32le=1266498 ascii='BS...>.+.`..-..fh..'
[2026-06-10 22:28:53] channel BS frame #271: body_len=15 head=96 3e c1 2b f9 60 ee f0 2d a8 0e 66 68 a2 e9 ascii='.>.+.`..-..fh..'
[2026-06-10 22:28:53] channel recv len=17 entropy=4.09 bs_len=17 u16le=21314 u32le=1135426 ascii='BS...[.k..;O.I+T.'
[2026-06-10 22:28:53] channel BS frame #272: body_len=13 head=a0 5b 80 6b e5 81 3b 4f 05 49 2b 54 fd ascii='.[.k..;O.I+T.'
[2026-06-10 22:28:53] channel recv len=32 entropy=4.81 bs_len=15 u16le=21314 u32le=1004354 ascii='BS.......h....tBS....i.<....`.J.'
[2026-06-10 22:28:53] channel BS frame #273: body_len=11 head=e7 dc ba a0 c4 68 cb da c2 91 74 ascii='.....h....t'
[2026-06-10 22:28:53] channel BS frame #274: body_len=13 head=ae 83 69 aa 3c c6 bc 8f ad 60 f3 4a b1 ascii='..i.<....`.J.'
[2026-06-10 22:28:53] channel recv len=15 entropy=3.64 bs_len=15 u16le=21314 u32le=1004354 ascii='BS..g.~<...Z...'
[2026-06-10 22:28:53] channel BS frame #275: body_len=11 head=67 fe 7e 3c 9f 9f 85 5a cb 8a fe ascii='g.~<...Z...'
[2026-06-10 22:28:53] channel recv len=15 entropy=3.77 bs_len=15 u16le=21314 u32le=1004354 ascii='BS.../..e..v...'
[2026-06-10 22:28:53] channel BS frame #276: body_len=11 head=9f 2f ff db 65 00 08 76 e9 c0 14 ascii='./..e..v...'
[2026-06-10 22:28:53] channel recv len=32 entropy=4.75 bs_len=15 u16le=21314 u32le=1004354 ascii='BS....j..h..U..BS...K#\\b..W...s/'
[2026-06-10 22:28:53] channel BS frame #277: body_len=11 head=7f cd 6a ea c4 68 1c ad 55 0c a5 ascii='..j..h..U..'
[2026-06-10 22:28:53] channel BS frame #278: body_len=13 head=a2 4b 23 5c 62 8a ab 57 0a 97 11 73 2f ascii='.K#\\b..W...s/'
[2026-06-10 22:28:53] channel recv len=15 entropy=3.77 bs_len=15 u16le=21314 u32le=1004354 ascii='BS..g....!..i.g'
[2026-06-10 22:28:53] channel BS frame #279: body_len=11 head=67 ef 8c 9f b5 21 01 dd 69 98 67 ascii='g....!..i.g'
[2026-06-10 22:28:53] channel recv len=13 entropy=3.55 bs_len=13 u16le=21314 u32le=873282 ascii="BS....T}'I..."
[2026-06-10 22:28:53] channel BS frame #280: body_len=9 head=00 a1 54 7d 27 49 ff f6 0c ascii="..T}'I..."
[2026-06-10 22:28:53] channel recv len=5 entropy=2.32 bs_len=5 u16le=21314 u32le=348994 ascii='BS...'
[2026-06-10 22:28:53] channel BS frame #281: body_len=1 head=9a ascii='.'
[2026-06-10 22:28:53] channel replay observed client frame #281; server frames sent=120
[2026-06-10 22:28:53] channel recv len=13 entropy=3.70 bs_len=13 u16le=21314 u32le=873282 ascii='BS....28.....'
[2026-06-10 22:28:53] channel BS frame #282: body_len=9 head=e7 84 32 38 a8 a3 f6 fa 05 ascii='..28.....'
[2026-06-10 22:28:53] channel recv len=13 entropy=3.70 bs_len=13 u16le=21314 u32le=873282 ascii='BS..d..t..lIV'
[2026-06-10 22:28:53] channel BS frame #283: body_len=9 head=64 c8 17 74 83 ed 6c 49 56 ascii='d..t..lIV'
[2026-06-10 22:28:54] channel recv len=13 entropy=3.70 bs_len=13 u16le=21314 u32le=873282 ascii='BS.........|y'
[2026-06-10 22:28:54] channel BS frame #284: body_len=9 head=17 f9 01 07 9a 2e a2 7c 79 ascii='.......|y'
[2026-06-10 22:28:54] channel recv len=13 entropy=3.70 bs_len=13 u16le=21314 u32le=873282 ascii='BS...KI. s..*'
[2026-06-10 22:28:54] channel BS frame #285: body_len=9 head=bf 4b 49 04 20 73 80 c4 2a ascii='.KI. s..*'
[2026-06-10 22:28:54] channel recv len=13 entropy=3.70 bs_len=13 u16le=21314 u32le=873282 ascii='BS...Hz.o-..u'
[2026-06-10 22:28:54] channel BS frame #286: body_len=9 head=ab 48 7a 18 6f 2d ad 12 75 ascii='.Hz.o-..u'
[2026-06-10 22:28:54] channel recv len=15 entropy=3.77 bs_len=15 u16le=21314 u32le=1004354 ascii='BS....Q...u.X.z'
[2026-06-10 22:28:54] channel BS frame #287: body_len=11 head=0d ef 51 ad 09 07 75 85 58 85 7a ascii='..Q...u.X.z'
[2026-06-10 22:28:54] channel recv len=13 entropy=3.70 bs_len=13 u16le=21314 u32le=873282 ascii='BS....c.q.g.r'
[2026-06-10 22:28:54] channel BS frame #288: body_len=9 head=f2 c3 63 8b 71 81 67 c8 72 ascii='..c.q.g.r'
[2026-06-10 22:28:54] channel recv len=13 entropy=3.70 bs_len=13 u16le=21314 u32le=873282 ascii='BS....A.hc...'
[2026-06-10 22:28:54] channel BS frame #289: body_len=9 head=95 c1 41 8f 68 63 f7 d9 80 ascii='..A.hc...'
[2026-06-10 22:28:54] channel recv len=13 entropy=3.55 bs_len=13 u16le=21314 u32le=873282 ascii='BS..../....=.'
[2026-06-10 22:28:54] channel BS frame #290: body_len=9 head=13 f7 2f 87 c5 04 c5 3d f3 ascii='../....=.'
[2026-06-10 22:28:54] channel recv len=17 entropy=3.97 bs_len=17 u16le=21314 u32le=1135426 ascii='BS.............2@'
[2026-06-10 22:28:54] channel BS frame #291: body_len=13 head=0a fb ee af bd fc c6 fc c4 aa d4 32 40 ascii='...........2@'
[2026-06-10 22:28:54] channel recv len=19 entropy=4.14 bs_len=19 u16le=21314 u32le=1266498 ascii='BS..5..q...+.8.....'
[2026-06-10 22:28:54] channel BS frame #292: body_len=15 head=35 1f e1 71 b7 ae 85 2b f5 38 14 ae 98 8e d4 ascii='5..q...+.8.....'
[2026-06-10 22:28:55] channel recv len=19 entropy=4.14 bs_len=19 u16le=21314 u32le=1266498 ascii='BS..z.`r`.......P..'
[2026-06-10 22:28:55] channel BS frame #293: body_len=15 head=7a e8 60 72 60 f8 8c b0 d9 be c1 c4 50 dd d5 ascii='z.`r`.......P..'
[2026-06-10 22:28:55] channel recv len=13 entropy=3.55 bs_len=13 u16le=21314 u32le=873282 ascii='BS...c..S....'
[2026-06-10 22:28:55] channel BS frame #294: body_len=9 head=9d 63 88 e1 53 11 85 fc 84 ascii='.c..S....'
[2026-06-10 22:28:55] channel recv len=17 entropy=3.85 bs_len=17 u16le=21314 u32le=1135426 ascii='BS....)I.7......B'
[2026-06-10 22:28:55] channel BS frame #295: body_len=13 head=e2 d2 29 49 b3 37 98 f9 0c 93 11 e3 42 ascii='..)I.7......B'
[2026-06-10 22:28:55] channel recv len=19 entropy=4.14 bs_len=19 u16le=21314 u32le=1266498 ascii='BS....r"...d.......'
[2026-06-10 22:28:55] channel BS frame #296: body_len=15 head=1b 80 72 22 9b 04 9e 64 d5 93 b8 00 ab 8a dc ascii='..r"...d.......'
[2026-06-10 22:28:55] channel recv len=15 entropy=3.77 bs_len=15 u16le=21314 u32le=1004354 ascii='BS..j.._ ....3.'
[2026-06-10 22:28:55] channel BS frame #297: body_len=11 head=6a 88 b7 5f 20 94 d9 a7 0f 33 f2 ascii='j.._ ....3.'
[2026-06-10 22:28:55] channel recv len=13 entropy=3.70 bs_len=13 u16le=21314 u32le=873282 ascii='BS...]...z...'
[2026-06-10 22:28:55] channel BS frame #298: body_len=9 head=07 5d b3 1c d5 7a 91 eb 2e ascii='.]...z...'
[2026-06-10 22:28:55] channel recv len=15 entropy=3.64 bs_len=15 u16le=21314 u32le=1004354 ascii='BS..q.Vy%Vj%...'
[2026-06-10 22:28:55] channel BS frame #299: body_len=11 head=71 7f 56 79 25 56 6a 25 88 02 fb ascii='q.Vy%Vj%...'
[2026-06-10 22:28:55] channel recv len=9 entropy=3.17 bs_len=9 u16le=21314 u32le=611138 ascii='BS...}~..'
[2026-06-10 22:28:55] channel BS frame #300: body_len=5 head=91 7d 7e 11 8b ascii='.}~..'
[2026-06-10 22:28:55] channel recv len=9 entropy=3.17 bs_len=9 u16le=21314 u32le=611138 ascii='BS....d..'
[2026-06-10 22:28:55] channel BS frame #301: body_len=5 head=92 88 64 a6 c1 ascii='..d..'
[2026-06-10 22:28:55] channel recv len=13 entropy=3.70 bs_len=13 u16le=21314 u32le=873282 ascii='BS..a.....[..'
[2026-06-10 22:28:55] channel BS frame #302: body_len=9 head=61 15 cb c9 84 c5 5b d7 a5 ascii='a.....[..'
[2026-06-10 22:28:55] channel recv len=17 entropy=4.09 bs_len=17 u16le=21314 u32le=1135426 ascii='BS...4.....@;.01.'
[2026-06-10 22:28:55] channel BS frame #303: body_len=13 head=81 34 fd 19 d8 e4 ff 40 3b d4 30 31 dc ascii='.4.....@;.01.'
[2026-06-10 22:28:55] channel recv len=19 entropy=4.25 bs_len=19 u16le=21314 u32le=1266498 ascii='BS.........^..Vg.8.'
[2026-06-10 22:28:55] channel BS frame #304: body_len=15 head=f9 fa ca de 0a d1 dc 5e cd 9d 56 67 85 38 a4 ascii='.......^..Vg.8.'
[2026-06-10 22:28:55] channel recv len=19 entropy=4.14 bs_len=19 u16le=21314 u32le=1266498 ascii='BS..L.g..gDe...../.'
[2026-06-10 22:28:55] channel BS frame #305: body_len=15 head=4c ad 67 88 ce 67 44 65 ff 04 f5 fe 10 2f c7 ascii='L.g..gDe...../.'
[2026-06-10 22:28:56] channel recv len=17 entropy=3.97 bs_len=17 u16le=21314 u32le=1135426 ascii='BS..9.......vd.T.'
[2026-06-10 22:28:56] channel BS frame #306: body_len=13 head=39 e7 87 8e 18 c2 b3 d9 76 64 00 54 fb ascii='9.......vd.T.'
[2026-06-10 22:28:56] channel recv len=17 entropy=3.97 bs_len=17 u16le=21314 u32le=1135426 ascii='BS...N..m..*.....'
[2026-06-10 22:28:56] channel BS frame #307: body_len=13 head=bf 4e 80 08 6d bb 7f 2a 0f ab 08 c9 f6 ascii='.N..m..*.....'
[2026-06-10 22:28:56] channel recv len=17 entropy=4.09 bs_len=17 u16le=21314 u32le=1135426 ascii='BS....?>.0..u..p.'
[2026-06-10 22:28:56] channel BS frame #308: body_len=13 head=cd 9e 3f 3e f4 30 a6 f5 75 0d d7 70 c1 ascii='..?>.0..u..p.'
[2026-06-10 22:28:56] channel recv len=15 entropy=3.91 bs_len=15 u16le=21314 u32le=1004354 ascii='BS..s..$..QZ...'
[2026-06-10 22:28:56] channel BS frame #309: body_len=11 head=73 b6 fa 24 7f 85 51 5a 0e 92 ed ascii='s..$..QZ...'
[2026-06-10 22:28:56] channel recv len=15 entropy=3.91 bs_len=15 u16le=21314 u32le=1004354 ascii='BS..1o...*.l..e'
[2026-06-10 22:28:56] channel BS frame #310: body_len=11 head=31 6f f7 17 d6 2a aa 6c 9f d0 65 ascii='1o...*.l..e'
[2026-06-10 22:28:56] channel recv len=17 entropy=4.09 bs_len=17 u16le=21314 u32le=1135426 ascii='BS...7.R@..d.2...'
[2026-06-10 22:28:56] channel BS frame #311: body_len=13 head=b2 37 04 52 40 9b cb 64 df 32 a5 fd 01 ascii='.7.R@..d.2...'
[2026-06-10 22:28:56] channel recv len=19 entropy=4.00 bs_len=19 u16le=21314 u32le=1266498 ascii='BS........l....g..d'
[2026-06-10 22:28:56] channel BS frame #312: body_len=15 head=dc ab 17 a9 b7 dd 6c 95 fe 13 d8 67 13 1a 64 ascii='......l....g..d'
[2026-06-10 22:28:56] channel recv len=17 entropy=4.09 bs_len=17 u16le=21314 u32le=1135426 ascii='BS..r.....t...`..'
[2026-06-10 22:28:56] channel BS frame #313: body_len=13 head=72 ae f8 d3 d1 86 74 fa d8 be 60 c6 10 ascii='r.....t...`..'
[2026-06-10 22:28:56] channel recv len=5 entropy=2.32 bs_len=5 u16le=21314 u32le=348994 ascii='BS..+'
[2026-06-10 22:28:56] channel BS frame #314: body_len=1 head=2b ascii='+'
[2026-06-10 22:28:56] channel replay observed client frame #314; server frames sent=130
[2026-06-10 22:28:56] channel recv len=13 entropy=3.70 bs_len=13 u16le=21314 u32le=873282 ascii='BS..EfR..sv..'
[2026-06-10 22:28:56] channel BS frame #315: body_len=9 head=45 66 52 ad a4 73 76 ba d4 ascii='EfR..sv..'
[2026-06-10 22:28:56] channel recv len=19 entropy=4.14 bs_len=19 u16le=21314 u32le=1266498 ascii="BS..E.zl....'......"
[2026-06-10 22:28:56] channel BS frame #316: body_len=15 head=45 b2 7a 6c b3 80 e7 b7 27 ab d1 00 0b ca f3 ascii="E.zl....'......"
[2026-06-10 22:28:56] channel recv len=19 entropy=4.14 bs_len=19 u16le=21314 u32le=1266498 ascii='BS....0........^...'
[2026-06-10 22:28:56] channel BS frame #317: body_len=15 head=d6 cd 30 19 13 b7 8a dd c2 b4 fe 5e 2e 15 c5 ascii='..0........^...'
[2026-06-10 22:28:57] channel recv len=17 entropy=3.97 bs_len=17 u16le=21314 u32le=1135426 ascii='BS..Dz.:^..7.DQ..'
[2026-06-10 22:28:57] channel BS frame #318: body_len=13 head=44 7a 0e 3a 5e 86 1a 37 e1 44 51 8c b8 ascii='Dz.:^..7.DQ..'
[2026-06-10 22:28:57] channel recv len=13 entropy=3.70 bs_len=13 u16le=21314 u32le=873282 ascii='BS..........P'
[2026-06-10 22:28:57] channel BS frame #319: body_len=9 head=90 a0 16 17 a9 b4 d8 02 50 ascii='........P'
[2026-06-10 22:28:57] channel recv len=17 entropy=3.97 bs_len=17 u16le=21314 u32le=1135426 ascii='BS..;O.VY...m....'
[2026-06-10 22:28:57] channel BS frame #320: body_len=13 head=3b 4f fe 56 59 c7 d1 f6 6d d9 83 c8 d1 ascii=';O.VY...m....'
[2026-06-10 22:28:57] channel recv len=17 entropy=4.09 bs_len=17 u16le=21314 u32le=1135426 ascii='BS....o..pY..;!0.'
[2026-06-10 22:28:57] channel BS frame #321: body_len=13 head=b0 ef 6f a7 e4 70 59 0f f5 3b 21 30 87 ascii='..o..pY..;!0.'
[2026-06-10 22:28:57] channel recv len=15 entropy=3.91 bs_len=15 u16le=21314 u32le=1004354 ascii='BS..(....p....e'
[2026-06-10 22:28:57] channel BS frame #322: body_len=11 head=28 b3 d3 8e c1 70 fb 1b 0c be 65 ascii='(....p....e'
[2026-06-10 22:28:57] channel recv len=9 entropy=3.17 bs_len=9 u16le=21314 u32le=611138 ascii='BS....,..'
[2026-06-10 22:28:57] channel BS frame #323: body_len=5 head=e8 af 2c 7f ab ascii='..,..'
[2026-06-10 22:28:57] channel recv len=11 entropy=3.28 bs_len=11 u16le=21314 u32le=742210 ascii='BS........@'
[2026-06-10 22:28:57] channel BS frame #324: body_len=7 head=11 15 cd 92 84 cd 40 ascii='......@'
[2026-06-10 22:28:57] channel recv len=15 entropy=3.91 bs_len=15 u16le=21314 u32le=1004354 ascii='BS....V.......l'
[2026-06-10 22:28:57] channel BS frame #325: body_len=11 head=e7 16 56 08 a8 a2 f2 81 b6 ef 6c ascii='..V.......l'
[2026-06-10 22:28:57] channel recv len=13 entropy=3.70 bs_len=13 u16le=21314 u32le=873282 ascii='BS..q..t?.G.3'
[2026-06-10 22:28:57] channel BS frame #326: body_len=9 head=71 8f e1 74 3f fd 47 bf 33 ascii='q..t?.G.3'
[2026-06-10 22:28:58] channel recv len=13 entropy=3.70 bs_len=13 u16le=21314 u32le=873282 ascii='BS..CFey..n|.'
[2026-06-10 22:28:58] channel BS frame #327: body_len=9 head=43 46 65 79 82 f8 6e 7c cf ascii='CFey..n|.'
[2026-06-10 22:28:58] channel recv len=15 entropy=3.91 bs_len=15 u16le=21314 u32le=1004354 ascii='BS.......xj...G'
[2026-06-10 22:28:58] channel BS frame #328: body_len=11 head=df 1a 86 b6 ac 78 6a f8 a9 1b 47 ascii='.....xj...G'
[2026-06-10 22:28:58] channel recv len=13 entropy=3.70 bs_len=13 u16le=21314 u32le=873282 ascii='BS...K..6@..!'
[2026-06-10 22:28:58] channel BS frame #329: body_len=9 head=88 4b b8 02 36 40 dd 84 21 ascii='.K..6@..!'
[2026-06-10 22:28:58] channel recv len=19 entropy=4.25 bs_len=19 u16le=21314 u32le=1266498 ascii='BS.....G.PZh.c..z^.'
[2026-06-10 22:28:58] channel BS frame #330: body_len=15 head=ff c0 a7 47 06 50 5a 68 8e 63 92 cc 7a 5e c2 ascii='...G.PZh.c..z^.'
[2026-06-10 22:28:58] channel recv len=17 entropy=3.97 bs_len=17 u16le=21314 u32le=1135426 ascii='BS..B.t...o!.L...'
[2026-06-10 22:28:58] channel BS frame #331: body_len=13 head=42 ee 74 c5 90 ce 6f 21 b3 4c c4 88 c6 ascii='B.t...o!.L...'
[2026-06-10 22:28:58] channel recv len=19 entropy=4.14 bs_len=19 u16le=21314 u32le=1266498 ascii='BS..6..xm..x."...|.'
[2026-06-10 22:28:58] channel BS frame #332: body_len=15 head=36 a6 a2 78 6d a5 18 78 86 22 09 01 82 7c fd ascii='6..xm..x."...|.'
[2026-06-10 22:28:58] channel recv len=17 entropy=3.97 bs_len=17 u16le=21314 u32le=1135426 ascii='BS.."Y.......8S..'
[2026-06-10 22:28:58] channel BS frame #333: body_len=13 head=22 59 ac 19 10 9f b8 87 ec 38 53 95 9d ascii='"Y.......8S..'
[2026-06-10 22:28:58] channel recv len=17 entropy=3.97 bs_len=17 u16le=21314 u32le=1135426 ascii='BS.........9#z...'
[2026-06-10 22:28:58] channel BS frame #334: body_len=13 head=d8 cc 94 81 81 82 07 39 23 7a 84 96 7f ascii='.......9#z...'
[2026-06-10 22:28:58] channel recv len=11 entropy=3.10 bs_len=11 u16le=21314 u32le=742210 ascii='BS.........'
[2026-06-10 22:28:58] channel BS frame #335: body_len=7 head=00 b4 81 ac cb ee 81 ascii='.......'
[2026-06-10 22:28:59] channel recv len=11 entropy=3.46 bs_len=11 u16le=21314 u32le=742210 ascii='BS..z.....n'
[2026-06-10 22:28:59] channel BS frame #336: body_len=7 head=7a 96 f9 fa b9 07 6e ascii='z.....n'
[2026-06-10 22:28:59] channel recv len=11 entropy=3.46 bs_len=11 u16le=21314 u32le=742210 ascii='BS..p#....!'
[2026-06-10 22:28:59] channel BS frame #337: body_len=7 head=70 23 ae 8a b8 7f 21 ascii='p#....!'
[2026-06-10 22:28:59] channel recv len=11 entropy=3.46 bs_len=11 u16le=21314 u32le=742210 ascii="BS......'.@"
[2026-06-10 22:28:59] channel BS frame #338: body_len=7 head=b8 e6 e9 fd 27 9b 40 ascii="....'.@"
[2026-06-10 22:28:59] channel recv len=11 entropy=3.46 bs_len=11 u16le=21314 u32le=742210 ascii='BS..v....O.'
[2026-06-10 22:28:59] channel BS frame #339: body_len=7 head=76 e6 e9 86 93 4f 80 ascii='v....O.'
[2026-06-10 22:28:59] channel recv len=33 entropy=4.05 bs_len=13 u16le=21314 u32le=873282 ascii='BS....jYz.#N,BS.....Sz.#N,BS.....'
[2026-06-10 22:28:59] channel BS frame #340: body_len=9 head=9c 11 6a 59 7a f6 23 4e 2c ascii='..jYz.#N,'
[2026-06-10 22:28:59] channel BS frame #341: body_len=9 head=81 bc 00 53 7a f6 23 4e 2c ascii='...Sz.#N,'
[2026-06-10 22:28:59] channel BS frame #342: body_len=3 head=86 1d b9 ascii='...'
[2026-06-10 22:28:59] channel recv len=5 entropy=2.32 bs_len=5 u16le=21314 u32le=348994 ascii='BS...'
[2026-06-10 22:28:59] channel BS frame #343: body_len=1 head=ee ascii='.'
[2026-06-10 22:28:59] channel replay observed client frame #343; server frames sent=140
[2026-06-10 22:29:00] channel recv len=19 entropy=4.04 bs_len=19 u16le=21314 u32le=1266498 ascii='BS..qp7S....x.$...|'
[2026-06-10 22:29:00] channel BS frame #344: body_len=15 head=71 70 37 53 0a a4 00 ac 78 09 24 9f ed ee 7c ascii='qp7S....x.$...|'
[2026-06-10 22:29:00] channel recv len=17 entropy=3.97 bs_len=17 u16le=21314 u32le=1135426 ascii='BS....%%.|..&...+'
[2026-06-10 22:29:00] channel BS frame #345: body_len=13 head=c4 cf 25 25 81 7c 1c e6 26 b2 ed b9 2b ascii='..%%.|..&...+'
[2026-06-10 22:29:00] channel recv len=17 entropy=3.97 bs_len=17 u16le=21314 u32le=1135426 ascii='BS.....%.b..)H...'
[2026-06-10 22:29:00] channel BS frame #346: body_len=13 head=00 c0 d0 25 81 62 7f db 29 48 ed 88 10 ascii='...%.b..)H...'
[2026-06-10 22:29:00] channel recv len=17 entropy=4.09 bs_len=17 u16le=21314 u32le=1135426 ascii='BS.....R.lx....Y.'
[2026-06-10 22:29:00] channel BS frame #347: body_len=13 head=96 2e 86 52 81 6c 78 f6 91 a3 c9 59 e5 ascii='...R.lx....Y.'
[2026-06-10 22:29:00] channel recv len=17 entropy=3.97 bs_len=17 u16le=21314 u32le=1135426 ascii='BS.....r.^..F....'
[2026-06-10 22:29:00] channel BS frame #348: body_len=13 head=df 8d e0 72 81 5e f8 a7 46 11 ea a2 84 ascii='...r.^..F....'
[2026-06-10 22:29:00] channel recv len=19 entropy=4.25 bs_len=19 u16le=21314 u32le=1266498 ascii='BS..&rZ....4.9#....'
[2026-06-10 22:29:00] channel BS frame #349: body_len=15 head=26 72 5a f2 d2 08 09 34 ee 39 23 d7 dd ef d9 ascii='&rZ....4.9#....'
[2026-06-10 22:29:00] channel recv len=19 entropy=4.14 bs_len=19 u16le=21314 u32le=1266498 ascii='BS.......4..x.$C..L'
[2026-06-10 22:29:00] channel BS frame #350: body_len=15 head=85 9f 84 82 b5 34 00 ac 78 09 24 43 1f 96 4c ascii='.....4..x.$C..L'
[2026-06-10 22:29:00] channel recv len=17 entropy=3.97 bs_len=17 u16le=21314 u32le=1135426 ascii='BS.....>.|..&n.@.'
[2026-06-10 22:29:00] channel BS frame #351: body_len=13 head=09 ad d8 3e 81 7c 1c e6 26 6e 1f 40 ad ascii='...>.|..&n.@.'
[2026-06-10 22:29:01] channel recv len=13 entropy=3.70 bs_len=13 u16le=21314 u32le=873282 ascii='BS..~....l..)'
[2026-06-10 22:29:01] channel BS frame #352: body_len=9 head=7e 1d b5 12 e0 6c 91 db 29 ascii='~....l..)'
[2026-06-10 22:29:01] channel recv len=13 entropy=3.55 bs_len=13 u16le=21314 u32le=873282 ascii='BS.....(.c...'
[2026-06-10 22:29:01] channel BS frame #353: body_len=9 head=dd fe 87 28 e0 63 00 c6 96 ascii='...(.c...'
[2026-06-10 22:29:01] channel recv len=17 entropy=4.09 bs_len=17 u16le=21314 u32le=1135426 ascii='BS..M...._n.A...%'
[2026-06-10 22:29:01] channel BS frame #354: body_len=13 head=4d fe 85 04 81 5f 6e 97 41 d9 f4 bc 25 ascii='M...._n.A...%'
[2026-06-10 22:29:01] channel recv len=19 entropy=4.25 bs_len=19 u16le=21314 u32le=1266498 ascii='BS..1......4.9#]...'
[2026-06-10 22:29:01] channel BS frame #355: body_len=15 head=31 0f f5 e4 d5 7f 09 34 ee 39 23 5d e3 c8 a2 ascii='1......4.9#]...'
[2026-06-10 22:29:01] channel recv len=13 entropy=3.70 bs_len=13 u16le=21314 u32le=873282 ascii='BS.....f..X..'
[2026-06-10 22:29:01] channel BS frame #356: body_len=9 head=91 17 a8 66 c7 fd 58 c3 84 ascii='...f..X..'
[2026-06-10 22:29:01] channel recv len=9 entropy=3.17 bs_len=9 u16le=21314 u32le=611138 ascii='BS..s.2 .'
[2026-06-10 22:29:01] channel BS frame #357: body_len=5 head=73 84 32 20 e3 ascii='s.2 .'
[2026-06-10 22:29:01] channel recv len=13 entropy=3.70 bs_len=13 u16le=21314 u32le=873282 ascii='BS....8..qH./'
[2026-06-10 22:29:01] channel BS frame #358: body_len=9 head=89 db 38 05 e0 71 48 b7 2f ascii='..8..qH./'
[2026-06-10 22:29:01] channel recv len=13 entropy=3.70 bs_len=13 u16le=21314 u32le=873282 ascii='BS.....(.l..)'
[2026-06-10 22:29:01] channel BS frame #359: body_len=9 head=be fe 87 28 e0 6c 91 db 29 ascii='...(.l..)'
[2026-06-10 22:29:01] channel recv len=13 entropy=3.70 bs_len=13 u16le=21314 u32le=873282 ascii='BS.....(.e5c.'
[2026-06-10 22:29:01] channel BS frame #360: body_len=9 head=dd fe 87 28 e0 65 35 63 f5 ascii='...(.e5c.'
[2026-06-10 22:29:01] channel recv len=13 entropy=3.55 bs_len=13 u16le=21314 u32le=873282 ascii='BS.....(.S..O'
[2026-06-10 22:29:01] channel BS frame #361: body_len=9 head=a4 fe 87 28 e0 53 ac f6 4f ascii='...(.S..O'
[2026-06-10 22:29:01] channel recv len=15 entropy=3.77 bs_len=15 u16le=21314 u32le=1004354 ascii='BS..k..k.q.4.9#'
[2026-06-10 22:29:01] channel BS frame #362: body_len=11 head=6b d1 df 6b b4 71 e7 34 ee 39 23 ascii='k..k.q.4.9#'
[2026-06-10 22:29:02] channel recv len=15 entropy=3.91 bs_len=15 u16le=21314 u32le=1004354 ascii='BS..}..U....x.$'
[2026-06-10 22:29:02] channel BS frame #363: body_len=11 head=7d cf bc 55 01 da ee ac 78 09 24 ascii='}..U....x.$'
[2026-06-10 22:29:02] channel recv len=13 entropy=3.70 bs_len=13 u16le=21314 u32le=873282 ascii='BS.....(.qH./'
[2026-06-10 22:29:02] channel BS frame #364: body_len=9 head=0a fe 87 28 e0 71 48 b7 2f ascii='...(.qH./'
[2026-06-10 22:29:02] channel recv len=13 entropy=3.70 bs_len=13 u16le=21314 u32le=873282 ascii='BS.....(.l..)'
[2026-06-10 22:29:02] channel BS frame #365: body_len=9 head=be fe 87 28 e0 6c 91 db 29 ascii='...(.l..)'
[2026-06-10 22:29:02] channel recv len=13 entropy=3.55 bs_len=13 u16le=21314 u32le=873282 ascii='BS.....(.d.S.'
[2026-06-10 22:29:02] channel BS frame #366: body_len=9 head=dd fe 87 28 e0 64 a3 53 f2 ascii='...(.d.S.'
[2026-06-10 22:29:02] channel recv len=13 entropy=3.70 bs_len=13 u16le=21314 u32le=873282 ascii='BS.....(.Q..A'
[2026-06-10 22:29:02] channel BS frame #367: body_len=9 head=d3 fe 87 28 e0 51 80 97 41 ascii='...(.Q..A'
[2026-06-10 22:29:02] channel recv len=15 entropy=3.91 bs_len=15 u16le=21314 u32le=1004354 ascii='BS.....k.q.4.9#'
[2026-06-10 22:29:02] channel BS frame #368: body_len=11 head=85 d1 df 6b b4 71 e7 34 ee 39 23 ascii='...k.q.4.9#'
[2026-06-10 22:29:02] channel recv len=11 entropy=3.46 bs_len=11 u16le=21314 u32le=742210 ascii='BS..}....^.'
[2026-06-10 22:29:02] channel BS frame #369: body_len=7 head=7d fe 81 d5 ce 5e c5 ascii='}....^.'
[2026-06-10 22:29:02] channel recv len=5 entropy=2.32 bs_len=5 u16le=21314 u32le=348994 ascii='BS...'
[2026-06-10 22:29:02] channel BS frame #370: body_len=1 head=95 ascii='.'
[2026-06-10 22:29:02] channel replay observed client frame #370; server frames sent=150
[2026-06-10 22:29:02] channel recv len=11 entropy=3.46 bs_len=11 u16le=21314 u32le=742210 ascii='BS..t......'
[2026-06-10 22:29:02] channel BS frame #371: body_len=7 head=74 86 b8 f3 ee ba 1e ascii='t......'
[2026-06-10 22:29:02] channel recv len=11 entropy=3.46 bs_len=11 u16le=21314 u32le=742210 ascii='BS.....J.\\.'
[2026-06-10 22:29:02] channel BS frame #372: body_len=7 head=fc c5 9e 4a a9 5c 97 ascii='...J.\\.'
[2026-06-10 22:29:03] channel recv len=11 entropy=3.46 bs_len=11 u16le=21314 u32le=742210 ascii='BS..[n....w'
[2026-06-10 22:29:03] channel BS frame #373: body_len=7 head=5b 6e e7 c0 ad fc 77 ascii='[n....w'
[2026-06-10 22:29:03] channel recv len=11 entropy=3.46 bs_len=11 u16le=21314 u32le=742210 ascii='BS......|..'
[2026-06-10 22:29:03] channel BS frame #374: body_len=7 head=e6 19 e7 e4 7c 16 7f ascii='....|..'
[2026-06-10 22:29:03] channel recv len=11 entropy=3.28 bs_len=11 u16le=21314 u32le=742210 ascii='BS......}.{'
[2026-06-10 22:29:03] channel BS frame #375: body_len=7 head=dc ed b6 ed 7d fa 7b ascii='....}.{'
[2026-06-10 22:29:03] channel recv len=11 entropy=3.28 bs_len=11 u16le=21314 u32le=742210 ascii='BS.....b.S8'
[2026-06-10 22:29:03] channel BS frame #376: body_len=7 head=12 ff d2 62 c9 53 38 ascii='...b.S8'
[2026-06-10 22:29:03] channel recv len=11 entropy=3.46 bs_len=11 u16le=21314 u32le=742210 ascii='BS.......OR'
[2026-06-10 22:29:03] channel BS frame #377: body_len=7 head=c9 99 ab d3 ad 4f 52 ascii='.....OR'
[2026-06-10 22:29:03] channel recv len=11 entropy=3.10 bs_len=11 u16le=21314 u32le=742210 ascii='BS...0.X..S'
[2026-06-10 22:29:03] channel BS frame #378: body_len=7 head=da 30 0b 58 e2 13 53 ascii='.0.X..S'
[2026-06-10 22:29:03] channel recv len=32 entropy=4.58 bs_len=15 u16le=21314 u32le=1004354 ascii='BS....J..h..~l.BS.......u...SHB.'
[2026-06-10 22:29:03] channel BS frame #379: body_len=11 head=c1 80 4a cc c4 68 a3 b5 7e 6c 90 ascii='..J..h..~l.'
[2026-06-10 22:29:03] channel BS frame #380: body_len=13 head=92 c8 c1 8a 8b 75 bd b7 ef 53 48 42 c6 ascii='.....u...SHB.'
[2026-06-10 22:29:04] channel recv len=32 entropy=4.69 bs_len=15 u16le=21314 u32le=1004354 ascii='BS..hk.Y.h.....BS...2D.......U..'
[2026-06-10 22:29:04] channel BS frame #381: body_len=11 head=68 6b 7f 59 c4 68 96 96 be c6 02 ascii='hk.Y.h.....'
[2026-06-10 22:29:04] channel BS frame #382: body_len=13 head=ff 32 44 08 0c 8c 90 de a0 bd 55 1b b1 ascii='.2D.......U..'
[2026-06-10 22:29:04] channel recv len=32 entropy=4.75 bs_len=15 u16le=21314 u32le=1004354 ascii="BS..hk.Y.h..'<!BS...?.#....@...."
[2026-06-10 22:29:04] channel BS frame #383: body_len=11 head=68 6b 7f 59 c4 68 8e c0 27 3c 21 ascii="hk.Y.h..'<!"
[2026-06-10 22:29:04] channel BS frame #384: body_len=13 head=f8 3f 1e 23 14 fe b9 d7 40 e3 0b b7 b1 ascii='.?.#....@....'
[2026-06-10 22:29:04] channel recv len=11 entropy=3.46 bs_len=11 u16le=21314 u32le=742210 ascii='BS..g.>l...'
[2026-06-10 22:29:04] channel BS frame #385: body_len=7 head=67 db 3e 6c 9c 0d 1c ascii='g.>l...'
[2026-06-10 22:29:04] channel recv len=32 entropy=4.75 bs_len=15 u16le=21314 u32le=1004354 ascii='BS..%..U.h....3BS...ck....D..P./'
[2026-06-10 22:29:04] channel BS frame #386: body_len=11 head=25 d8 d0 55 c4 68 84 dd 94 c4 33 ascii='%..U.h....3'
[2026-06-10 22:29:04] channel BS frame #387: body_len=13 head=af 63 6b 13 0b e1 c7 44 81 1c 50 ba 2f ascii='.ck....D..P./'
[2026-06-10 22:29:04] channel recv len=11 entropy=3.46 bs_len=11 u16le=21314 u32le=742210 ascii='BS..g.>p...'
[2026-06-10 22:29:04] channel BS frame #388: body_len=7 head=67 db 3e 70 d0 ea df ascii='g.>p...'
[2026-06-10 22:29:04] channel recv len=32 entropy=4.75 bs_len=15 u16le=21314 u32le=1004354 ascii='BS.....%.h..H.FBS.........*G.oU/'
[2026-06-10 22:29:04] channel BS frame #389: body_len=11 head=87 b2 cd 25 c4 68 db b9 48 17 46 ascii='...%.h..H.F'
[2026-06-10 22:29:04] channel BS frame #390: body_len=13 head=da 0f b7 d4 09 07 e0 2a 47 aa 6f 55 2f ascii='.......*G.oU/'
[2026-06-10 22:29:04] channel recv len=11 entropy=3.28 bs_len=11 u16le=21314 u32le=742210 ascii='BS..g.>....'
[2026-06-10 22:29:04] channel BS frame #391: body_len=7 head=67 db 3e fe f6 0b 9c ascii='g.>....'
[2026-06-10 22:29:04] channel recv len=11 entropy=3.46 bs_len=11 u16le=21314 u32le=742210 ascii='BS..U+z....'
[2026-06-10 22:29:04] channel BS frame #392: body_len=7 head=55 2b 7a 03 a0 bb 0c ascii='U+z....'
[2026-06-10 22:29:05] channel recv len=11 entropy=3.46 bs_len=11 u16le=21314 u32le=742210 ascii='BS...;,....'
[2026-06-10 22:29:05] channel BS frame #393: body_len=7 head=db 3b 2c e6 8b f7 ba ascii='.;,....'
[2026-06-10 22:29:05] channel recv len=32 entropy=4.75 bs_len=15 u16le=21314 u32le=1004354 ascii='BS....mU.h..jD2BS.....-..6.].../'
[2026-06-10 22:29:05] channel BS frame #394: body_len=11 head=dd 8b 6d 55 c4 68 b3 d3 6a 44 32 ascii='..mU.h..jD2'
[2026-06-10 22:29:05] channel BS frame #395: body_len=13 head=0d c0 fb 2d c9 8c 36 c0 5d a5 c5 e5 2f ascii='...-..6.].../'
[2026-06-10 22:29:05] channel recv len=11 entropy=3.46 bs_len=11 u16le=21314 u32le=742210 ascii='BS..g.>).x.'
[2026-06-10 22:29:05] channel BS frame #396: body_len=7 head=67 db 3e 29 80 78 d9 ascii='g.>).x.'
[2026-06-10 22:29:05] channel recv len=32 entropy=4.75 bs_len=15 u16le=21314 u32le=1004354 ascii='BS....`U.h%.}v;BS..d...j....n../'
[2026-06-10 22:29:05] channel BS frame #397: body_len=11 head=b2 91 60 55 c4 68 25 a2 7d 76 3b ascii='..`U.h%.}v;'
[2026-06-10 22:29:05] channel BS frame #398: body_len=13 head=64 b5 b2 c6 6a bb 14 d7 af 6e f6 f5 2f ascii='d...j....n../'
[2026-06-10 22:29:05] channel recv len=11 entropy=3.46 bs_len=11 u16le=21314 u32le=742210 ascii='BS..g.>=...'
[2026-06-10 22:29:05] channel BS frame #399: body_len=7 head=67 db 3e 3d fd 94 9d ascii='g.>=...'
[2026-06-10 22:29:05] channel recv len=32 entropy=4.69 bs_len=15 u16le=21314 u32le=1004354 ascii="BS....HU.h..@>.BS.....s'G@..l../"
[2026-06-10 22:29:05] channel BS frame #400: body_len=11 head=10 93 48 55 c4 68 c5 da 40 3e f7 ascii='..HU.h..@>.'
[2026-06-10 22:29:05] channel BS frame #401: body_len=13 head=9d a8 b5 73 27 47 40 a8 e5 6c 8b a1 2f ascii="...s'G@..l../"
[2026-06-10 22:29:05] channel recv len=11 entropy=3.46 bs_len=11 u16le=21314 u32le=742210 ascii='BS..g.>..;-'
[2026-06-10 22:29:05] channel BS frame #402: body_len=7 head=67 db 3e 18 ba 3b 2d ascii='g.>..;-'
[2026-06-10 22:29:05] channel recv len=32 entropy=4.73 bs_len=15 u16le=21314 u32le=1004354 ascii="BS...D.U.hS.~`fBS..F.'pR..w..{./"
[2026-06-10 22:29:05] channel BS frame #403: body_len=11 head=f3 44 8f 55 c4 68 53 ab 7e 60 66 ascii='.D.U.hS.~`f'
[2026-06-10 22:29:05] channel BS frame #404: body_len=13 head=46 07 27 70 52 d5 1e 77 08 fa 7b c7 2f ascii="F.'pR..w..{./"
[2026-06-10 22:29:05] channel recv len=5 entropy=2.32 bs_len=5 u16le=21314 u32le=348994 ascii='BS...'
[2026-06-10 22:29:05] channel BS frame #405: body_len=1 head=12 ascii='.'
[2026-06-10 22:29:05] channel replay observed client frame #405; server frames sent=160
[2026-06-10 22:29:05] channel recv len=11 entropy=3.46 bs_len=11 u16le=21314 u32le=742210 ascii='BS../..P.t.'
[2026-06-10 22:29:05] channel BS frame #406: body_len=7 head=2f aa 87 50 be 74 d9 ascii='/..P.t.'
[2026-06-10 22:29:05] channel recv len=32 entropy=4.58 bs_len=15 u16le=21314 u32le=1004354 ascii='BS..{@.U.h....BBS..g...#......./'
[2026-06-10 22:29:05] channel BS frame #407: body_len=11 head=7b 40 c4 55 c4 68 a9 ae c9 0c 42 ascii='{@.U.h....B'
[2026-06-10 22:29:05] channel BS frame #408: body_len=13 head=67 a7 b5 df 23 0a b2 f6 f2 15 9a 00 2f ascii='g...#......./'
[2026-06-10 22:29:05] channel recv len=11 entropy=3.46 bs_len=11 u16le=21314 u32le=742210 ascii='BS..g.>....'
[2026-06-10 22:29:05] channel BS frame #409: body_len=7 head=67 db 3e a3 be 80 dc ascii='g.>....'
[2026-06-10 22:29:06] channel recv len=32 entropy=4.75 bs_len=15 u16le=21314 u32le=1004354 ascii='BS..M.~U.h..X.tBS...}.^g......D/'
[2026-06-10 22:29:06] channel BS frame #410: body_len=11 head=4d 90 7e 55 c4 68 e5 12 58 ce 74 ascii='M.~U.h..X.t'
[2026-06-10 22:29:06] channel BS frame #411: body_len=13 head=9f 7d 80 5e 67 b6 06 2e 1b c5 2e 44 2f ascii='.}.^g......D/'
[2026-06-10 22:29:06] channel recv len=32 entropy=4.75 bs_len=15 u16le=21314 u32le=1004354 ascii='BS..hk.Y.h.[..;BS......#......./'
[2026-06-10 22:29:06] channel BS frame #412: body_len=11 head=68 6b 7f 59 c4 68 b6 5b c1 8b 3b ascii='hk.Y.h.[..;'
[2026-06-10 22:29:06] channel BS frame #413: body_len=13 head=0d d7 b5 df 23 fa bd e0 bc cf 12 c6 2f ascii='....#......./'
[2026-06-10 22:29:06] channel recv len=32 entropy=4.62 bs_len=15 u16le=21314 u32le=1004354 ascii='BS..hk.Y.h..~.nBS....+.#.lfk.d.X'
[2026-06-10 22:29:06] channel BS frame #414: body_len=11 head=68 6b 7f 59 c4 68 9b 2e 7e 91 6e ascii='hk.Y.h..~.n'
[2026-06-10 22:29:06] channel BS frame #415: body_len=13 head=9b 8a 2b df 23 15 6c 66 6b 1c 64 ff 58 ascii='..+.#.lfk.d.X'
[2026-06-10 22:29:06] channel recv len=11 entropy=3.28 bs_len=11 u16le=21314 u32le=742210 ascii='BS..g.>...Z'
[2026-06-10 22:29:06] channel BS frame #416: body_len=7 head=67 db 3e 00 ee 03 5a ascii='g.>...Z'
[2026-06-10 22:29:06] channel recv len=11 entropy=3.46 bs_len=11 u16le=21314 u32le=742210 ascii='BS...U(.X1.'
[2026-06-10 22:29:06] channel BS frame #417: body_len=7 head=84 55 28 9d 58 31 b7 ascii='.U(.X1.'
[2026-06-10 22:29:06] channel recv len=11 entropy=3.46 bs_len=11 u16le=21314 u32le=742210 ascii='BS....)....'
[2026-06-10 22:29:06] channel BS frame #418: body_len=7 head=d4 0c 29 bf 12 95 d2 ascii='..)....'
[2026-06-10 22:29:06] channel recv len=33 entropy=3.99 bs_len=13 u16le=21314 u32le=873282 ascii='BS..?...z.#N,BS.....Sz.#N,BS....('
[2026-06-10 22:29:06] channel BS frame #419: body_len=9 head=3f c5 86 b3 7a f6 23 4e 2c ascii='?...z.#N,'
[2026-06-10 22:29:06] channel BS frame #420: body_len=9 head=81 bc 00 53 7a f6 23 4e 2c ascii='...Sz.#N,'
[2026-06-10 22:29:06] channel BS frame #421: body_len=3 head=86 12 28 ascii='..('
[2026-06-10 22:29:06] channel recv len=11 entropy=3.46 bs_len=11 u16le=21314 u32le=742210 ascii='BS...:@K...'
[2026-06-10 22:29:06] channel BS frame #422: body_len=7 head=86 3a 40 4b f9 8b 0d ascii='.:@K...'
[2026-06-10 22:29:06] channel recv len=11 entropy=3.46 bs_len=11 u16le=21314 u32le=742210 ascii='BS..Y..?...'
[2026-06-10 22:29:06] channel BS frame #423: body_len=7 head=59 e9 01 3f d2 a3 fa ascii='Y..?...'
[2026-06-10 22:29:07] channel recv len=11 entropy=3.46 bs_len=11 u16le=21314 u32le=742210 ascii='BS...6K?...'
[2026-06-10 22:29:07] channel BS frame #424: body_len=7 head=f5 36 4b 3f d2 b7 87 ascii='.6K?...'
[2026-06-10 22:29:07] channel recv len=11 entropy=3.46 bs_len=11 u16le=21314 u32le=742210 ascii='BS..!.Qx...'
[2026-06-10 22:29:07] channel BS frame #425: body_len=7 head=21 ec 51 78 e1 b5 dc ascii='!.Qx...'
[2026-06-10 22:29:07] channel recv len=11 entropy=3.46 bs_len=11 u16le=21314 u32le=742210 ascii='BS...=0....'
[2026-06-10 22:29:07] channel BS frame #426: body_len=7 head=92 3d 30 be 1b b7 9f ascii='.=0....'
[2026-06-10 22:29:07] channel recv len=11 entropy=3.46 bs_len=11 u16le=21314 u32le=742210 ascii='BS...>....t'
[2026-06-10 22:29:07] channel BS frame #427: body_len=7 head=ed 3e 06 be 1b a2 74 ascii='.>....t'
[2026-06-10 22:29:07] channel recv len=11 entropy=3.46 bs_len=11 u16le=21314 u32le=742210 ascii='BS....k...5'
[2026-06-10 22:29:07] channel BS frame #428: body_len=7 head=09 e3 6b be 1b c6 35 ascii='..k...5'
[2026-06-10 22:29:07] channel recv len=11 entropy=3.46 bs_len=11 u16le=21314 u32le=742210 ascii='BS...<!.0..'
[2026-06-10 22:29:07] channel BS frame #429: body_len=7 head=ac 3c 21 b2 30 8a 83 ascii='.<!.0..'
[2026-06-10 22:29:07] channel recv len=11 entropy=3.46 bs_len=11 u16le=21314 u32le=742210 ascii='BS...<!.0E.'
[2026-06-10 22:29:07] channel BS frame #430: body_len=7 head=a5 3c 21 b2 30 45 a3 ascii='.<!.0E.'
[2026-06-10 22:29:07] channel recv len=11 entropy=3.46 bs_len=11 u16le=21314 u32le=742210 ascii='BS....-.0|.'
[2026-06-10 22:29:07] channel BS frame #431: body_len=7 head=ec d7 2d c5 30 7c ab ascii='..-.0|.'
[2026-06-10 22:29:08] channel recv len=11 entropy=3.46 bs_len=11 u16le=21314 u32le=742210 ascii='BS..d.r0..]'
[2026-06-10 22:29:08] channel BS frame #432: body_len=7 head=64 d2 72 30 ac 9b 5d ascii='d.r0..]'
[2026-06-10 22:29:08] channel recv len=9 entropy=3.17 bs_len=9 u16le=21314 u32le=611138 ascii='BS...."%\\'
[2026-06-10 22:29:08] channel BS frame #433: body_len=5 head=80 b1 22 25 5c ascii='.."%\\'
[2026-06-10 22:29:08] channel recv len=11 entropy=3.46 bs_len=11 u16le=21314 u32le=742210 ascii='BS....>.}. '
[2026-06-10 22:29:08] channel BS frame #434: body_len=7 head=19 db 3e f5 7d de 20 ascii='..>.}. '
[2026-06-10 22:29:08] channel recv len=11 entropy=3.03 bs_len=11 u16le=21314 u32le=742210 ascii='BS.........'
[2026-06-10 22:29:08] channel BS frame #435: body_len=7 head=c8 96 83 00 00 db bf ascii='.......'
[2026-06-10 22:29:08] channel recv len=5 entropy=2.32 bs_len=5 u16le=21314 u32le=348994 ascii='BS...'
[2026-06-10 22:29:08] channel BS frame #436: body_len=1 head=e6 ascii='.'
[2026-06-10 22:29:08] channel replay observed client frame #436; server frames sent=170
[2026-06-10 22:29:08] channel recv len=11 entropy=3.46 bs_len=11 u16le=21314 u32le=742210 ascii='BS..#..a...'
[2026-06-10 22:29:08] channel BS frame #437: body_len=7 head=23 82 f8 61 86 b4 b2 ascii='#..a...'
[2026-06-10 22:29:08] channel recv len=11 entropy=3.46 bs_len=11 u16le=21314 u32le=742210 ascii='BS.........'
[2026-06-10 22:29:08] channel BS frame #438: body_len=7 head=06 b4 f0 ed 86 a0 cf ascii='.......'
[2026-06-10 22:29:09] channel recv len=11 entropy=3.46 bs_len=11 u16le=21314 u32le=742210 ascii='BS...n...E8'
[2026-06-10 22:29:09] channel BS frame #439: body_len=7 head=d2 6e ea ed 86 45 38 ascii='.n...E8'
[2026-06-10 22:29:09] channel recv len=11 entropy=3.46 bs_len=11 u16le=21314 u32le=742210 ascii='BS....:..-.'
[2026-06-10 22:29:09] channel BS frame #440: body_len=7 head=c4 0e 3a f1 c9 2d 8c ascii='..:..-.'
[2026-06-10 22:29:09] channel recv len=11 entropy=3.46 bs_len=11 u16le=21314 u32le=742210 ascii='BS..$......'
[2026-06-10 22:29:09] channel BS frame #441: body_len=7 head=24 ba 1b f1 c9 9c 8a ascii='$......'
[2026-06-10 22:29:10] channel recv len=32 entropy=4.69 bs_len=15 u16le=21314 u32le=1004354 ascii='BS...0.2.h.... BS....n....e0....'
[2026-06-10 22:29:10] channel BS frame #442: body_len=11 head=e7 30 e7 32 c4 68 06 d2 a2 d1 20 ascii='.0.2.h.... '
[2026-06-10 22:29:10] channel BS frame #443: body_len=13 head=e3 b8 6e 8a 8b f2 16 65 30 88 1c 83 c6 ascii='..n....e0....'
[2026-06-10 22:29:10] channel recv len=11 entropy=3.46 bs_len=11 u16le=21314 u32le=742210 ascii='BS..g.><hYQ'
[2026-06-10 22:29:10] channel BS frame #444: body_len=7 head=67 db 3e 3c 68 59 51 ascii='g.><hYQ'
[2026-06-10 22:29:10] channel recv len=32 entropy=4.75 bs_len=15 u16le=21314 u32le=1004354 ascii="BS.......h.'l*.BS..z.....p...A.."
[2026-06-10 22:29:10] channel BS frame #445: body_len=11 head=f6 a9 aa fa c4 68 ac 27 6c 2a 2e ascii=".....h.'l*."
[2026-06-10 22:29:10] channel BS frame #446: body_len=13 head=7a 08 ce 81 e3 2e 70 ca 1e 85 41 d3 b1 ascii='z.....p...A..'
[2026-06-10 22:29:10] channel recv len=11 entropy=3.46 bs_len=11 u16le=21314 u32le=742210 ascii='BS..g.>..N.'
[2026-06-10 22:29:10] channel BS frame #447: body_len=7 head=67 db 3e d1 ae 4e ac ascii='g.>..N.'
[2026-06-10 22:29:10] channel recv len=32 entropy=4.60 bs_len=15 u16le=21314 u32le=1004354 ascii='BS.......h..V..BS..pL...F.Q...f/'
[2026-06-10 22:29:10] channel BS frame #448: body_len=11 head=d6 d0 12 8d c4 68 f0 f8 56 9c f9 ascii='.....h..V..'
[2026-06-10 22:29:10] channel BS frame #449: body_len=13 head=70 4c de c8 11 46 00 51 97 c4 7f 66 2f ascii='pL...F.Q...f/'
[2026-06-10 22:29:10] channel recv len=32 entropy=4.62 bs_len=15 u16le=21314 u32le=1004354 ascii='BS..hk.Y.h.....BS....<...4...../'
[2026-06-10 22:29:10] channel BS frame #450: body_len=11 head=68 6b 7f 59 c4 68 84 dd ce 81 f2 ascii='hk.Y.h.....'
[2026-06-10 22:29:10] channel BS frame #451: body_len=13 head=af 9b 3c 11 91 b4 34 b4 a6 f0 12 f1 2f ascii='..<...4...../'
[2026-06-10 22:29:10] channel recv len=32 entropy=4.69 bs_len=15 u16le=21314 u32le=1004354 ascii='BS..hk.Y.h1....BS....*.H...rg&g/'
[2026-06-10 22:29:10] channel BS frame #452: body_len=11 head=68 6b 7f 59 c4 68 31 de dc f1 ec ascii='hk.Y.h1....'
[2026-06-10 22:29:10] channel BS frame #453: body_len=13 head=ae e6 2a 9c 48 d1 ad c0 72 67 26 67 2f ascii='..*.H...rg&g/'
[2026-06-10 22:29:10] channel recv len=32 entropy=4.48 bs_len=15 u16le=21314 u32le=1004354 ascii='BS..hk.Y.hG....BS....?..$}Y.LDk/'
[2026-06-10 22:29:10] channel BS frame #454: body_len=11 head=68 6b 7f 59 c4 68 47 d7 0d 18 a1 ascii='hk.Y.hG....'
[2026-06-10 22:29:10] channel BS frame #455: body_len=13 head=c4 cd 3f a5 05 24 7d 59 c4 4c 44 6b 2f ascii='..?..$}Y.LDk/'
[2026-06-10 22:29:10] channel recv len=11 entropy=3.46 bs_len=11 u16le=21314 u32le=742210 ascii='BS..g.>....'
[2026-06-10 22:29:10] channel BS frame #456: body_len=7 head=67 db 3e cd e1 12 ad ascii='g.>....'
[2026-06-10 22:29:11] channel recv len=32 entropy=4.62 bs_len=15 u16le=21314 u32le=1004354 ascii='BS.......h.....BS...m][.yL<o.../'
[2026-06-10 22:29:11] channel BS frame #457: body_len=11 head=c2 d0 12 8d c4 68 a5 82 eb 8d e8 ascii='.....h.....'
[2026-06-10 22:29:11] channel BS frame #458: body_len=13 head=92 6d 5d 5b 0f 79 4c 3c 6f 12 ec 0d 2f ascii='.m][.yL<o.../'
[2026-06-10 22:29:11] channel recv len=11 entropy=3.46 bs_len=11 u16le=21314 u32le=742210 ascii='BS..g.>p.[o'
[2026-06-10 22:29:11] channel BS frame #459: body_len=7 head=67 db 3e 70 d0 5b 6f ascii='g.>p.[o'
[2026-06-10 22:29:11] channel recv len=11 entropy=3.28 bs_len=11 u16le=21314 u32le=742210 ascii='BS....3w.;K'
[2026-06-10 22:29:11] channel BS frame #460: body_len=7 head=fd 2e 33 77 fd 3b 4b ascii='..3w.;K'
[2026-06-10 22:29:11] channel recv len=32 entropy=4.81 bs_len=15 u16le=21314 u32le=1004354 ascii='BS...Dg..h.i.P(BS......&6..a[../'
[2026-06-10 22:29:11] channel BS frame #461: body_len=11 head=d7 44 67 13 c4 68 be 69 10 50 28 ascii='.Dg..h.i.P('
[2026-06-10 22:29:11] channel BS frame #462: body_len=13 head=eb db 90 d9 26 36 c1 af 61 5b d2 08 2f ascii='....&6..a[../'
[2026-06-10 22:29:11] channel recv len=11 entropy=3.46 bs_len=11 u16le=21314 u32le=742210 ascii='BS..g.>.{..'
[2026-06-10 22:29:11] channel BS frame #463: body_len=7 head=67 db 3e 01 7b 9a f4 ascii='g.>.{..'
[2026-06-10 22:29:11] channel recv len=32 entropy=4.75 bs_len=15 u16le=21314 u32le=1004354 ascii='BS..IG...h.....BS....@.#{....W./'
[2026-06-10 22:29:11] channel BS frame #464: body_len=11 head=49 47 e0 a0 c4 68 d2 1b 91 d1 11 ascii='IG...h.....'
[2026-06-10 22:29:11] channel BS frame #465: body_len=13 head=05 0c 40 df 23 7b 8a c8 c5 b6 57 83 2f ascii='..@.#{....W./'
[2026-06-10 22:29:11] channel recv len=11 entropy=3.46 bs_len=11 u16le=21314 u32le=742210 ascii='BS..g.>...*'
[2026-06-10 22:29:11] channel BS frame #466: body_len=7 head=67 db 3e fe f1 8b 2a ascii='g.>...*'
[2026-06-10 22:29:11] channel recv len=32 entropy=4.73 bs_len=15 u16le=21314 u32le=1004354 ascii='BS..-....hj..NaBS..m[@.#..w..../'
[2026-06-10 22:29:11] channel BS frame #467: body_len=11 head=2d 03 f5 a0 c4 68 6a a5 de 4e 61 ascii='-....hj..Na'
[2026-06-10 22:29:11] channel BS frame #468: body_len=13 head=6d 5b 40 df 23 2e 8f 77 c6 00 89 cf 2f ascii='m[@.#..w..../'
[2026-06-10 22:29:11] channel recv len=5 entropy=2.32 bs_len=5 u16le=21314 u32le=348994 ascii='BS...'
[2026-06-10 22:29:11] channel BS frame #469: body_len=1 head=12 ascii='.'
[2026-06-10 22:29:11] channel replay observed client frame #469; server frames sent=174
[2026-06-10 22:29:11] channel recv len=32 entropy=4.69 bs_len=15 u16le=21314 u32le=1004354 ascii='BS.. ....hz...kBS.......3}.N.}W/'
[2026-06-10 22:29:11] channel BS frame #470: body_len=11 head=20 1a c6 aa c4 68 7a c0 1b e3 6b ascii=' ....hz...k'
[2026-06-10 22:29:11] channel BS frame #471: body_len=13 head=cf 07 a2 d5 1a 33 7d 06 4e b2 7d 57 2f ascii='.....3}.N.}W/'
[2026-06-10 22:29:12] channel recv len=32 entropy=4.62 bs_len=15 u16le=21314 u32le=1004354 ascii='BS..hk.Y.h.....BS....@.#.>!.zTy/'
[2026-06-10 22:29:12] channel BS frame #472: body_len=11 head=68 6b 7f 59 c4 68 12 ab 0e fc a7 ascii='hk.Y.h.....'
[2026-06-10 22:29:12] channel BS frame #473: body_len=13 head=df 19 40 df 23 95 3e 21 0f 7a 54 79 2f ascii='..@.#.>!.zTy/'
[2026-06-10 22:29:12] channel recv len=32 entropy=4.69 bs_len=15 u16le=21314 u32le=1004354 ascii='BS..hk.Y.hk3...BS....7.#...H;.fX'
[2026-06-10 22:29:12] channel BS frame #474: body_len=11 head=68 6b 7f 59 c4 68 6b 33 06 02 ea ascii='hk.Y.hk3...'
[2026-06-10 22:29:12] channel BS frame #475: body_len=13 head=8c f2 37 df 23 a1 cf 8b 48 3b a2 66 58 ascii='..7.#...H;.fX'
[2026-06-10 22:29:12] channel recv len=32 entropy=4.69 bs_len=15 u16le=21314 u32le=1004354 ascii='BS..hk.Y.hl..n.BS....7.#.,....k.'
[2026-06-10 22:29:12] channel BS frame #476: body_len=11 head=68 6b 7f 59 c4 68 6c 90 aa 6e fc ascii='hk.Y.hl..n.'
[2026-06-10 22:29:12] channel BS frame #477: body_len=13 head=89 ad 37 df 23 87 2c fa 99 d5 96 6b b1 ascii='..7.#.,....k.'
[2026-06-10 22:29:12] channel recv len=11 entropy=3.46 bs_len=11 u16le=21314 u32le=742210 ascii='BS..g.>...W'
[2026-06-10 22:29:12] channel BS frame #478: body_len=7 head=67 db 3e fe f1 9f 57 ascii='g.>...W'
[2026-06-10 22:29:12] channel recv len=32 entropy=4.60 bs_len=15 u16le=21314 u32le=1004354 ascii='BS.......h...~.BS...5@.#..2..Z..'
[2026-06-10 22:29:12] channel BS frame #479: body_len=11 head=f9 d9 ef a0 c4 68 11 11 e1 7e a0 ascii='.....h...~.'
[2026-06-10 22:29:12] channel BS frame #480: body_len=13 head=06 35 40 df 23 e4 a9 32 eb 05 5a 2e c2 ascii='.5@.#..2..Z..'
[2026-06-10 22:29:12] channel recv len=32 entropy=4.52 bs_len=15 u16le=21314 u32le=1004354 ascii='BS..hk.Y.h..s..BS..#1..##MJ..F..'
[2026-06-10 22:29:12] channel BS frame #481: body_len=11 head=68 6b 7f 59 c4 68 0e e4 73 a4 00 ascii='hk.Y.h..s..'
[2026-06-10 22:29:12] channel BS frame #482: body_len=13 head=23 31 de df 23 23 4d 4a c9 dc 46 d9 b5 ascii='#1..##MJ..F..'
[2026-06-10 22:29:12] channel recv len=32 entropy=4.60 bs_len=15 u16le=21314 u32le=1004354 ascii='BS..hk.Y.hr...DBS...S..#.}.J"*7.'
[2026-06-10 22:29:12] channel BS frame #483: body_len=11 head=68 6b 7f 59 c4 68 72 f3 12 c8 44 ascii='hk.Y.hr...D'
[2026-06-10 22:29:12] channel BS frame #484: body_len=13 head=fe 53 de df 23 0a 7d 0f 4a 22 2a 37 b5 ascii='.S..#.}.J"*7.'
[2026-06-10 22:29:12] channel recv len=32 entropy=4.69 bs_len=15 u16le=21314 u32le=1004354 ascii='BS..hk.Y.hm.t.qBS......#.}.J"*7.'
[2026-06-10 22:29:12] channel BS frame #485: body_len=11 head=68 6b 7f 59 c4 68 6d 06 74 10 71 ascii='hk.Y.hm.t.q'
[2026-06-10 22:29:12] channel BS frame #486: body_len=13 head=9e 89 de df 23 0a 7d 0f 4a 22 2a 37 b5 ascii='....#.}.J"*7.'
[2026-06-10 22:29:12] channel recv len=32 entropy=4.60 bs_len=15 u16le=21314 u32le=1004354 ascii='BS..hk.Y.hw|..hBS..C...#.}.J"*7.'
[2026-06-10 22:29:12] channel BS frame #487: body_len=11 head=68 6b 7f 59 c4 68 77 7c 98 99 68 ascii='hk.Y.hw|..h'
[2026-06-10 22:29:12] channel BS frame #488: body_len=13 head=43 e4 de df 23 0a 7d 0f 4a 22 2a 37 b5 ascii='C...#.}.J"*7.'
[2026-06-10 22:29:13] channel recv len=32 entropy=4.69 bs_len=15 u16le=21314 u32le=1004354 ascii='BS..hk.Y.h~.,n]BS......#.}.J"*7.'
[2026-06-10 22:29:13] channel BS frame #489: body_len=11 head=68 6b 7f 59 c4 68 7e d8 2c 6e 5d ascii='hk.Y.h~.,n]'
[2026-06-10 22:29:13] channel BS frame #490: body_len=13 head=f5 ed de df 23 0a 7d 0f 4a 22 2a 37 b5 ascii='....#.}.J"*7.'
[2026-06-10 22:29:13] channel recv len=32 entropy=4.54 bs_len=15 u16le=21314 u32le=1004354 ascii='BS..hk.Y.h..x.bBS......#.}.J"*7.'
[2026-06-10 22:29:13] channel BS frame #491: body_len=11 head=68 6b 7f 59 c4 68 00 e3 78 e1 62 ascii='hk.Y.h..x.b'
[2026-06-10 22:29:13] channel BS frame #492: body_len=13 head=2e e3 de df 23 0a 7d 0f 4a 22 2a 37 b5 ascii='....#.}.J"*7.'
[2026-06-10 22:29:13] channel recv len=32 entropy=4.66 bs_len=15 u16le=21314 u32le=1004354 ascii='BS..hk.Y.hseQI.BS......#........'
[2026-06-10 22:29:13] channel BS frame #493: body_len=11 head=68 6b 7f 59 c4 68 73 65 51 49 13 ascii='hk.Y.hseQI.'
[2026-06-10 22:29:13] channel BS frame #494: body_len=13 head=f2 9a de df 23 a2 ba 95 c7 00 06 af b1 ascii='....#........'
[2026-06-10 22:29:13] channel recv len=32 entropy=4.60 bs_len=15 u16le=21314 u32le=1004354 ascii='BS..hk.Y.h.^..*BS....@.#b...BPaX'
[2026-06-10 22:29:13] channel BS frame #495: body_len=11 head=68 6b 7f 59 c4 68 0d 5e 03 f4 2a ascii='hk.Y.h.^..*'
[2026-06-10 22:29:13] channel BS frame #496: body_len=13 head=df 19 40 df 23 62 83 b9 d8 42 50 61 58 ascii='..@.#b...BPaX'
[2026-06-10 22:29:13] channel recv len=32 entropy=4.62 bs_len=15 u16le=21314 u32le=1004354 ascii='BS..hk.Y.h..f..BS..R.7.#.}.....X'
[2026-06-10 22:29:13] channel BS frame #497: body_len=11 head=68 6b 7f 59 c4 68 0a fd 66 8d d0 ascii='hk.Y.h..f..'
[2026-06-10 22:29:13] channel BS frame #498: body_len=13 head=52 a3 37 df 23 0a 7d 0f ca 02 a9 8f 58 ascii='R.7.#.}.....X'
[2026-06-10 22:29:13] channel recv len=32 entropy=4.62 bs_len=15 u16le=21314 u32le=1004354 ascii="BS..hk.Y.hk3$..BS...'7.#.}.....X"
[2026-06-10 22:29:13] channel BS frame #499: body_len=11 head=68 6b 7f 59 c4 68 6b 33 24 e6 ab ascii='hk.Y.hk3$..'
[2026-06-10 22:29:13] channel BS frame #500: body_len=13 head=ec 27 37 df 23 0a 7d 0f ca 02 a9 8f 58 ascii=".'7.#.}.....X"
[2026-06-10 22:29:13] channel client plain frame #500: len=17 entropy=3.29 bs_len=17 u16le=21314 u32le=1135426 ascii='BS..u...=5..=....'
[2026-06-10 22:29:13] channel recv len=32 entropy=4.69 bs_len=15 u16le=21314 u32le=1004354 ascii='BS..hk.Y.h.=.nmBS...47.#.}.....X'
[2026-06-10 22:29:13] channel BS frame #501: body_len=11 head=68 6b 7f 59 c4 68 13 3d c5 6e 6d ascii='hk.Y.h.=.nm'
[2026-06-10 22:29:13] channel BS frame #502: body_len=13 head=80 34 37 df 23 0a 7d 0f ca 02 a9 8f 58 ascii='.47.#.}.....X'
[2026-06-10 22:29:14] channel recv len=32 entropy=4.69 bs_len=15 u16le=21314 u32le=1004354 ascii='BS..hk.Y.h..F.KBS....7.#....b...'
[2026-06-10 22:29:14] channel BS frame #503: body_len=11 head=68 6b 7f 59 c4 68 04 fa 46 88 4b ascii='hk.Y.h..F.K'
[2026-06-10 22:29:14] channel BS frame #504: body_len=13 head=e3 dd 37 df 23 15 fe 15 f4 62 ac ca c2 ascii='..7.#....b...'
[2026-06-10 22:29:14] channel recv len=32 entropy=4.54 bs_len=15 u16le=21314 u32le=1004354 ascii='BS..hk.Y.hx.l..BS...Y@.#.}.J"*7.'
[2026-06-10 22:29:14] channel BS frame #505: body_len=11 head=68 6b 7f 59 c4 68 78 ed 6c fd 01 ascii='hk.Y.hx.l..'
[2026-06-10 22:29:14] channel BS frame #506: body_len=13 head=00 59 40 df 23 0a 7d 0f 4a 22 2a 37 b5 ascii='.Y@.#.}.J"*7.'
[2026-06-10 22:29:14] channel recv len=32 entropy=4.69 bs_len=15 u16le=21314 u32le=1004354 ascii='BS..hk.Y.h~.f..BS...{..#.}.J"*7.'
[2026-06-10 22:29:14] channel BS frame #507: body_len=11 head=68 6b 7f 59 c4 68 7e d8 66 e0 f5 ascii='hk.Y.h~.f..'
[2026-06-10 22:29:14] channel BS frame #508: body_len=13 head=fc 7b de df 23 0a 7d 0f 4a 22 2a 37 b5 ascii='.{..#.}.J"*7.'
[2026-06-10 22:29:14] channel recv len=32 entropy=4.62 bs_len=15 u16le=21314 u32le=1004354 ascii='BS..hk.Y.h.Y...BS...H..#.}.J"*7.'
[2026-06-10 22:29:14] channel BS frame #509: body_len=11 head=68 6b 7f 59 c4 68 03 59 06 b1 c6 ascii='hk.Y.h.Y...'
[2026-06-10 22:29:14] channel BS frame #510: body_len=13 head=ff 48 de df 23 0a 7d 0f 4a 22 2a 37 b5 ascii='.H..#.}.J"*7.'
[2026-06-10 22:29:14] channel recv len=33 entropy=3.97 bs_len=13 u16le=21314 u32le=873282 ascii='BS..w...z.#N,BS.....Sz.#N,BS.....'
[2026-06-10 22:29:14] channel BS frame #511: body_len=9 head=77 9f e4 cb 7a f6 23 4e 2c ascii='w...z.#N,'
[2026-06-10 22:29:14] channel BS frame #512: body_len=9 head=81 bc 00 53 7a f6 23 4e 2c ascii='...Sz.#N,'
[2026-06-10 22:29:14] channel BS frame #513: body_len=3 head=86 01 f6 ascii='...'
[2026-06-10 22:29:14] channel recv len=5 entropy=2.32 bs_len=5 u16le=21314 u32le=348994 ascii='BS...'
[2026-06-10 22:29:14] channel BS frame #514: body_len=1 head=b2 ascii='.'
[2026-06-10 22:29:14] channel replay observed client frame #514; server frames sent=182
[2026-06-10 22:29:15] channel recv len=32 entropy=3.98 bs_len=6 u16le=21314 u32le=414530 ascii='BS..d.BS..T1$Rz.#N,BS.....Sz.#N,'
[2026-06-10 22:29:15] channel BS frame #515: body_len=2 head=64 0e ascii='d.'
[2026-06-10 22:29:15] channel BS frame #516: body_len=9 head=54 31 24 52 7a f6 23 4e 2c ascii='T1$Rz.#N,'
[2026-06-10 22:29:15] channel BS frame #517: body_len=9 head=81 bc 00 53 7a f6 23 4e 2c ascii='...Sz.#N,'
[2026-06-10 22:29:15] channel recv len=11 entropy=3.46 bs_len=11 u16le=21314 u32le=742210 ascii='BS.....f..*'
[2026-06-10 22:29:15] channel BS frame #518: body_len=7 head=91 f8 da 66 f1 8b 2a ascii='...f..*'
[2026-06-10 22:29:16] channel recv len=11 entropy=3.28 bs_len=11 u16le=21314 u32le=742210 ascii='BS.."....S.'
[2026-06-10 22:29:16] channel BS frame #519: body_len=7 head=22 b3 b4 13 8c 53 db ascii='"....S.'
[2026-06-10 22:29:16] channel recv len=11 entropy=3.46 bs_len=11 u16le=21314 u32le=742210 ascii='BS..t......'
[2026-06-10 22:29:16] channel BS frame #520: body_len=7 head=74 05 bd 1f a7 c8 1d ascii='t......'
[2026-06-10 22:29:16] channel recv len=11 entropy=3.46 bs_len=11 u16le=21314 u32le=742210 ascii="BS...'....."
[2026-06-10 22:29:16] channel BS frame #521: body_len=7 head=99 27 c1 8d 8c f0 8e ascii=".'....."
[2026-06-10 22:29:16] channel recv len=11 entropy=3.46 bs_len=11 u16le=21314 u32le=742210 ascii='BS..%O.....'
[2026-06-10 22:29:16] channel BS frame #522: body_len=7 head=25 4f 96 8d 8c fc a5 ascii='%O.....'
[2026-06-10 22:29:17] channel recv len=11 entropy=3.46 bs_len=11 u16le=21314 u32le=742210 ascii='BS..i......'
[2026-06-10 22:29:17] channel BS frame #523: body_len=7 head=69 f9 9f 8d 8c 84 ab ascii='i......'
[2026-06-10 22:29:17] channel recv len=11 entropy=3.46 bs_len=11 u16le=21314 u32le=742210 ascii="BS...'....."
[2026-06-10 22:29:17] channel BS frame #524: body_len=7 head=90 27 c1 8d 8c b7 bd ascii=".'....."
[2026-06-10 22:29:17] channel recv len=5 entropy=2.32 bs_len=5 u16le=21314 u32le=348994 ascii='BS...'
[2026-06-10 22:29:17] channel BS frame #525: body_len=1 head=fd ascii='.'
[2026-06-10 22:29:17] channel recv len=11 entropy=3.46 bs_len=11 u16le=21314 u32le=742210 ascii='BS...#90.]$'
[2026-06-10 22:29:17] channel BS frame #526: body_len=7 head=9b 23 39 30 8c 5d 24 ascii='.#90.]$'
[2026-06-10 22:29:17] channel recv len=5 entropy=2.32 bs_len=5 u16le=21314 u32le=348994 ascii='BS...'
[2026-06-10 22:29:17] channel BS frame #527: body_len=1 head=02 ascii='.'
[2026-06-10 22:29:17] channel replay observed client frame #527; server frames sent=192
[2026-06-10 22:29:18] client->game 87 bytes
[2026-06-10 22:29:18] game recv len=87 entropy=6.10 bs_len=87 u16le=21314 u16be=16979 u32le=5722946 u32be=1112758016 ascii='BSW......;.6.....FlUU....../.k..."..Z.B.........D....L)..5r...~...I.YP..je.c.......'
[2026-06-10 22:29:18] game client plain #17: type=0x1e body_len=83 head=1e 4e 00 00 00 01 60 08 ff 00 00 04 aa 3f 3e 3f field32=78 payload_len=78 field32b=4278738945
[2026-06-10 22:29:18] game replay observed 1 complete client BS frame(s); total=17
[2026-06-10 22:29:18] channel recv len=30 entropy=4.84 bs_len=30 u16le=21314 u32le=1987394 ascii='BS..9...U.-lXU.c....W.o.}....7'
[2026-06-10 22:29:18] channel BS frame #528: body_len=26 head=39 95 12 f5 55 cd 2d 6c 58 55 05 63 94 dc 09 f6 57 0f 6f a5 7d ee e8 8c f7 37 ascii='9...U.-lXU.c....W.o.}....7'
[2026-06-10 22:29:18] channel recv len=11 entropy=3.46 bs_len=11 u16le=21314 u32le=742210 ascii='BS...A.]5K&'
[2026-06-10 22:29:18] channel BS frame #529: body_len=7 head=e0 41 85 5d 35 4b 26 ascii='.A.]5K&'
[2026-06-10 22:29:19] channel recv len=11 entropy=3.46 bs_len=11 u16le=21314 u32le=742210 ascii='BS..U.<_..u'
[2026-06-10 22:29:19] channel BS frame #530: body_len=7 head=55 c7 3c 5f 06 bd 75 ascii='U.<_..u'
[2026-06-10 22:29:19] channel recv len=11 entropy=3.46 bs_len=11 u16le=21314 u32le=742210 ascii='BS..^..U(..'
[2026-06-10 22:29:19] channel BS frame #531: body_len=7 head=5e cd 89 55 28 98 a6 ascii='^..U(..'
[2026-06-10 22:29:19] channel recv len=11 entropy=3.46 bs_len=11 u16le=21314 u32le=742210 ascii='BS.........'
[2026-06-10 22:29:19] channel BS frame #532: body_len=7 head=c5 b5 f1 ba e0 19 83 ascii='.......'
[2026-06-10 22:29:19] channel recv len=11 entropy=3.46 bs_len=11 u16le=21314 u32le=742210 ascii='BS..}.<j..U'
[2026-06-10 22:29:19] channel BS frame #533: body_len=7 head=7d d7 3c 6a 8f ae 55 ascii='}.<j..U'
[2026-06-10 22:29:19] channel recv len=11 entropy=3.46 bs_len=11 u16le=21314 u32le=742210 ascii='BS..!...d.e'
[2026-06-10 22:29:19] channel BS frame #534: body_len=7 head=21 bc ce e8 64 d3 65 ascii='!...d.e'
[2026-06-10 22:29:19] channel recv len=11 entropy=3.28 bs_len=11 u16le=21314 u32le=742210 ascii='BS...d)b.b.'
[2026-06-10 22:29:19] channel BS frame #535: body_len=7 head=e9 64 29 62 1b 62 ea ascii='.d)b.b.'
[2026-06-10 22:29:20] channel recv len=11 entropy=3.28 bs_len=11 u16le=21314 u32le=742210 ascii='BS....&...6'
[2026-06-10 22:29:20] channel BS frame #536: body_len=7 head=04 8a 26 15 8a 1d 36 ascii='..&...6'
[2026-06-10 22:29:20] channel recv len=11 entropy=3.28 bs_len=11 u16le=21314 u32le=742210 ascii='BS.. ;.,...'
[2026-06-10 22:29:20] channel BS frame #537: body_len=7 head=20 3b dd 2c f7 dd 91 ascii=' ;.,...'
[2026-06-10 22:29:20] channel recv len=5 entropy=2.32 bs_len=5 u16le=21314 u32le=348994 ascii='BS...'
[2026-06-10 22:29:20] channel BS frame #538: body_len=1 head=9b ascii='.'
[2026-06-10 22:29:20] channel replay observed client frame #538; server frames sent=202
[2026-06-10 22:29:20] channel recv len=32 entropy=3.98 bs_len=6 u16le=21314 u32le=414530 ascii='BS....BS...`-.z.#N,BS.....Sz.#N,'
[2026-06-10 22:29:20] channel BS frame #539: body_len=2 head=01 0e ascii='..'
[2026-06-10 22:29:20] channel BS frame #540: body_len=9 head=89 60 2d cb 7a f6 23 4e 2c ascii='.`-.z.#N,'
[2026-06-10 22:29:20] channel BS frame #541: body_len=9 head=81 bc 00 53 7a f6 23 4e 2c ascii='...Sz.#N,'
[2026-06-10 22:29:21] channel recv len=32 entropy=3.98 bs_len=6 u16le=21314 u32le=414530 ascii='BS....BS...Z$Rz.#N,BS.....Sz.#N,'
[2026-06-10 22:29:21] channel BS frame #542: body_len=2 head=85 a6 ascii='..'
[2026-06-10 22:29:21] channel BS frame #543: body_len=9 head=09 5a 24 52 7a f6 23 4e 2c ascii='.Z$Rz.#N,'
[2026-06-10 22:29:21] channel BS frame #544: body_len=9 head=81 bc 00 53 7a f6 23 4e 2c ascii='...Sz.#N,'
[2026-06-10 22:29:22] channel recv len=5 entropy=2.32 bs_len=5 u16le=21314 u32le=348994 ascii='BS...'
[2026-06-10 22:29:22] channel BS frame #545: body_len=1 head=9d ascii='.'
[2026-06-10 22:29:22] channel recv len=30 entropy=4.77 bs_len=30 u16le=21314 u32le=1987394 ascii='BS.....y..*L*..X^7.....\\G.[;..'
[2026-06-10 22:29:22] channel BS frame #546: body_len=26 head=9e ba 04 79 d0 ec 2a 4c 2a 88 dc 58 5e 37 0a a5 f0 f8 0e 5c 47 97 5b 3b f8 f2 ascii='...y..*L*..X^7.....\\G.[;..'
[2026-06-10 22:29:22] channel recv len=32 entropy=3.98 bs_len=6 u16le=21314 u32le=414530 ascii='BS...XBS....-.z.#N,BS.....Sz.#N,'
[2026-06-10 22:29:22] channel BS frame #547: body_len=2 head=a0 58 ascii='.X'
[2026-06-10 22:29:22] channel BS frame #548: body_len=9 head=ec 92 2d cb 7a f6 23 4e 2c ascii='..-.z.#N,'
[2026-06-10 22:29:22] channel BS frame #549: body_len=9 head=81 bc 00 53 7a f6 23 4e 2c ascii='...Sz.#N,'
[2026-06-10 22:29:23] channel recv len=11 entropy=3.46 bs_len=11 u16le=21314 u32le=742210 ascii='BS....... .'
[2026-06-10 22:29:23] channel BS frame #550: body_len=7 head=91 f8 da e8 d3 20 e7 ascii='..... .'
[2026-06-10 22:29:23] channel recv len=32 entropy=3.98 bs_len=6 u16le=21314 u32le=414530 ascii='BS...eBS....$Rz.#N,BS.....Sz.#N,'
[2026-06-10 22:29:23] channel BS frame #551: body_len=2 head=9f 65 ascii='.e'
[2026-06-10 22:29:23] channel BS frame #552: body_len=9 head=0e a5 24 52 7a f6 23 4e 2c ascii='..$Rz.#N,'
[2026-06-10 22:29:23] channel BS frame #553: body_len=9 head=81 bc 00 53 7a f6 23 4e 2c ascii='...Sz.#N,'
[2026-06-10 22:29:23] channel recv len=5 entropy=2.32 bs_len=5 u16le=21314 u32le=348994 ascii='BS...'
[2026-06-10 22:29:23] channel BS frame #554: body_len=1 head=9d ascii='.'
[2026-06-10 22:29:23] channel recv len=5 entropy=2.32 bs_len=5 u16le=21314 u32le=348994 ascii='BS...'
[2026-06-10 22:29:23] channel BS frame #555: body_len=1 head=e1 ascii='.'
[2026-06-10 22:29:23] channel replay observed client frame #555; server frames sent=212
[2026-06-10 22:29:24] channel recv len=30 entropy=4.84 bs_len=30 u16le=21314 u32le=1987394 ascii='BS..yo..6...*.GU2..m#d....%...'
[2026-06-10 22:29:24] channel BS frame #556: body_len=26 head=79 6f f2 d2 36 1b cf 9f 2a 88 47 55 32 18 d2 6d 23 64 16 02 8d af 25 d4 a0 c3 ascii='yo..6...*.GU2..m#d....%...'
[2026-06-10 22:29:24] channel recv len=11 entropy=3.46 bs_len=11 u16le=21314 u32le=742210 ascii='BS..Y...0.Z'
[2026-06-10 22:29:24] channel BS frame #557: body_len=7 head=59 e5 85 e6 30 b9 5a ascii='Y...0.Z'
[2026-06-10 22:29:24] channel recv len=11 entropy=3.28 bs_len=11 u16le=21314 u32le=742210 ascii='BS...r....g'
[2026-06-10 22:29:24] channel BS frame #558: body_len=7 head=0d 72 bd f0 bd b6 67 ascii='.r....g'
[2026-06-10 22:29:24] channel recv len=11 entropy=3.10 bs_len=11 u16le=21314 u32le=742210 ascii='BS.....b...'
[2026-06-10 22:29:24] channel BS frame #559: body_len=7 head=0b 9c 00 62 cb 8a 0f ascii='...b...'
[2026-06-10 22:29:24] channel recv len=11 entropy=3.28 bs_len=11 u16le=21314 u32le=742210 ascii='BS..S1..&Rh'
[2026-06-10 22:29:24] channel BS frame #560: body_len=7 head=53 31 af 08 26 52 68 ascii='S1..&Rh'
[2026-06-10 22:29:24] channel recv len=11 entropy=3.46 bs_len=11 u16le=21314 u32le=742210 ascii='BS...F..1%r'
[2026-06-10 22:29:24] channel BS frame #561: body_len=7 head=0e 46 d1 2e 31 25 72 ascii='.F..1%r'
[2026-06-10 22:29:24] channel recv len=11 entropy=3.46 bs_len=11 u16le=21314 u32le=742210 ascii='BS..|...1.D'
[2026-06-10 22:29:24] channel BS frame #562: body_len=7 head=7c bb b5 ef 31 d9 44 ascii='|...1.D'
[2026-06-10 22:29:25] channel recv len=11 entropy=3.28 bs_len=11 u16le=21314 u32le=742210 ascii='BS..T......'
[2026-06-10 22:29:25] channel BS frame #563: body_len=7 head=54 80 06 b2 d1 00 15 ascii='T......'
[2026-06-10 22:29:25] channel recv len=11 entropy=3.28 bs_len=11 u16le=21314 u32le=742210 ascii='BS...... _.'
[2026-06-10 22:29:25] channel BS frame #564: body_len=7 head=9a 00 fd 8d 20 5f 02 ascii='.... _.'
[2026-06-10 22:29:25] channel recv len=11 entropy=3.46 bs_len=11 u16le=21314 u32le=742210 ascii='BS...z.....'
[2026-06-10 22:29:25] channel BS frame #565: body_len=7 head=8c 7a cc ae b6 f9 94 ascii='.z.....'
[2026-06-10 22:29:25] channel recv len=11 entropy=3.46 bs_len=11 u16le=21314 u32le=742210 ascii='BS.....$m..'
[2026-06-10 22:29:25] channel BS frame #566: body_len=7 head=de bc a8 24 6d b8 a6 ascii='...$m..'
[2026-06-10 22:29:25] channel recv len=11 entropy=3.46 bs_len=11 u16le=21314 u32le=742210 ascii='BS..yG...kz'
[2026-06-10 22:29:25] channel BS frame #567: body_len=7 head=79 47 b6 02 1e 6b 7a ascii='yG...kz'
[2026-06-10 22:29:25] channel recv len=11 entropy=3.46 bs_len=11 u16le=21314 u32le=742210 ascii='BS....)..O.'
[2026-06-10 22:29:25] channel BS frame #568: body_len=7 head=b0 ee 29 e7 b5 4f 10 ascii='..)..O.'
[2026-06-10 22:29:25] channel recv len=11 entropy=3.46 bs_len=11 u16le=21314 u32le=742210 ascii='BS...L.P.~='
[2026-06-10 22:29:25] channel BS frame #569: body_len=7 head=80 4c a4 50 a7 7e 3d ascii='.L.P.~='
[2026-06-10 22:29:25] channel recv len=11 entropy=3.46 bs_len=11 u16le=21314 u32le=742210 ascii='BS......7^.'
[2026-06-10 22:29:25] channel BS frame #570: body_len=7 head=e6 b6 1e f4 37 5e 94 ascii='....7^.'
[2026-06-10 22:29:26] channel recv len=11 entropy=3.46 bs_len=11 u16le=21314 u32le=742210 ascii="BS...'bN..t"
[2026-06-10 22:29:26] channel BS frame #571: body_len=7 head=8f 27 62 4e fd 2e 74 ascii=".'bN..t"
[2026-06-10 22:29:26] channel recv len=11 entropy=3.46 bs_len=11 u16le=21314 u32le=742210 ascii='BS.. .s...J'
[2026-06-10 22:29:26] channel BS frame #572: body_len=7 head=20 b8 73 f2 c9 1c 4a ascii=' .s...J'
[2026-06-10 22:29:26] channel recv len=11 entropy=3.28 bs_len=11 u16le=21314 u32le=742210 ascii='BS.....^+..'
[2026-06-10 22:29:26] channel BS frame #573: body_len=7 head=01 ab 1c 5e 2b 2e ab ascii='...^+..'
[2026-06-10 22:29:26] channel recv len=11 entropy=3.46 bs_len=11 u16le=21314 u32le=742210 ascii='BS.._..F.I<'
[2026-06-10 22:29:26] channel BS frame #574: body_len=7 head=5f 81 cd 46 fc 49 3c ascii='_..F.I<'
[2026-06-10 22:29:26] channel recv len=11 entropy=3.46 bs_len=11 u16le=21314 u32le=742210 ascii='BS...a...e.'
[2026-06-10 22:29:26] channel BS frame #575: body_len=7 head=04 61 8c a5 fd 65 9e ascii='.a...e.'
[2026-06-10 22:29:26] channel recv len=11 entropy=3.46 bs_len=11 u16le=21314 u32le=742210 ascii='BS..Y...2t.'
[2026-06-10 22:29:26] channel BS frame #576: body_len=7 head=59 a2 a7 7f 32 74 84 ascii='Y...2t.'
[2026-06-10 22:29:26] channel recv len=5 entropy=2.32 bs_len=5 u16le=21314 u32le=348994 ascii='BS...'
[2026-06-10 22:29:26] channel BS frame #577: body_len=1 head=c6 ascii='.'
[2026-06-10 22:29:26] channel replay observed client frame #577; server frames sent=222
[2026-06-10 22:29:26] channel recv len=11 entropy=3.46 bs_len=11 u16le=21314 u32le=742210 ascii='BS....b....'
[2026-06-10 22:29:26] channel BS frame #578: body_len=7 head=04 92 62 82 b8 ad 8a ascii='..b....'
[2026-06-10 22:29:26] channel recv len=11 entropy=3.46 bs_len=11 u16le=21314 u32le=742210 ascii='BS........H'
[2026-06-10 22:29:26] channel BS frame #579: body_len=7 head=cc 83 cd 08 d8 9f 48 ascii='......H'
[2026-06-10 22:29:27] channel recv len=11 entropy=3.46 bs_len=11 u16le=21314 u32le=742210 ascii='BS....n-Jq.'
[2026-06-10 22:29:27] channel BS frame #580: body_len=7 head=f5 a0 6e 2d 4a 71 c5 ascii='..n-Jq.'
[2026-06-10 22:29:27] channel recv len=11 entropy=3.46 bs_len=11 u16le=21314 u32le=742210 ascii='BS..KE@.7.f'
[2026-06-10 22:29:27] channel BS frame #581: body_len=7 head=4b 45 40 8a 37 0a 66 ascii='KE@.7.f'
[2026-06-10 22:29:27] channel recv len=11 entropy=3.28 bs_len=11 u16le=21314 u32le=742210 ascii='BS...,..-..'
[2026-06-10 22:29:27] channel BS frame #582: body_len=7 head=ef 2c 06 cf 2d 00 94 ascii='.,..-..'
[2026-06-10 22:29:27] channel recv len=11 entropy=3.46 bs_len=11 u16le=21314 u32le=742210 ascii='BS....!... '
[2026-06-10 22:29:27] channel BS frame #583: body_len=7 head=fc d9 21 18 dc b6 20 ascii='..!... '
[2026-06-10 22:29:27] channel recv len=11 entropy=3.46 bs_len=11 u16le=21314 u32le=742210 ascii='BS..X.L....'
[2026-06-10 22:29:27] channel BS frame #584: body_len=7 head=58 ff 4c b6 dc 15 8d ascii='X.L....'
[2026-06-10 22:29:27] channel recv len=11 entropy=3.46 bs_len=11 u16le=21314 u32le=742210 ascii="BS..'.....7"
[2026-06-10 22:29:27] channel BS frame #585: body_len=7 head=27 cf 01 97 08 c1 37 ascii="'.....7"
[2026-06-10 22:29:27] channel recv len=11 entropy=3.28 bs_len=11 u16le=21314 u32le=742210 ascii='BS.........'
[2026-06-10 22:29:27] channel BS frame #586: body_len=7 head=fa b7 b7 a8 cc c7 ec ascii='.......'
[2026-06-10 22:29:27] channel recv len=6 entropy=2.58 bs_len=6 u16le=21314 u32le=414530 ascii='BS..l.'
[2026-06-10 22:29:27] channel BS frame #587: body_len=2 head=6c e5 ascii='l.'
[2026-06-10 22:29:27] channel recv len=11 entropy=3.46 bs_len=11 u16le=21314 u32le=742210 ascii='BS...aof..x'
[2026-06-10 22:29:27] channel BS frame #588: body_len=7 head=88 61 6f 66 ad f3 78 ascii='.aof..x'
[2026-06-10 22:29:28] channel recv len=11 entropy=3.46 bs_len=11 u16le=21314 u32le=742210 ascii='BS...Y...`.'
[2026-06-10 22:29:28] channel BS frame #589: body_len=7 head=85 59 df 9d aa 60 1e ascii='.Y...`.'
[2026-06-10 22:29:28] channel recv len=11 entropy=3.28 bs_len=11 u16le=21314 u32le=742210 ascii='BS.....(...'
[2026-06-10 22:29:28] channel BS frame #590: body_len=7 head=00 ab 1c 28 17 98 de ascii='...(...'
[2026-06-10 22:29:28] channel recv len=11 entropy=3.46 bs_len=11 u16le=21314 u32le=742210 ascii='BS..yG.....'
[2026-06-10 22:29:28] channel BS frame #591: body_len=7 head=79 47 a8 f1 c5 e9 e7 ascii='yG.....'
[2026-06-10 22:29:28] channel recv len=11 entropy=3.46 bs_len=11 u16le=21314 u32le=742210 ascii='BS...^.....'
[2026-06-10 22:29:28] channel BS frame #592: body_len=7 head=f1 5e d4 ab a8 0f 19 ascii='.^.....'
[2026-06-10 22:29:28] channel recv len=11 entropy=3.46 bs_len=11 u16le=21314 u32le=742210 ascii='BS......O/.'
[2026-06-10 22:29:28] channel BS frame #593: body_len=7 head=dc a4 b3 c3 4f 2f b2 ascii='....O/.'
[2026-06-10 22:29:28] channel recv len=6 entropy=2.58 bs_len=6 u16le=21314 u32le=414530 ascii='BS...6'
[2026-06-10 22:29:28] channel BS frame #594: body_len=2 head=eb 36 ascii='.6'
[2026-06-10 22:29:28] channel recv len=11 entropy=3.46 bs_len=11 u16le=21314 u32le=742210 ascii='BS..~..aZ..'
[2026-06-10 22:29:28] channel BS frame #595: body_len=7 head=7e ee 04 61 5a 02 e9 ascii='~..aZ..'
[2026-06-10 22:29:28] channel recv len=11 entropy=3.46 bs_len=11 u16le=21314 u32le=742210 ascii='BS..Rv6g.,.'
[2026-06-10 22:29:28] channel BS frame #596: body_len=7 head=52 76 36 67 d6 2c 8c ascii='Rv6g.,.'
[2026-06-10 22:29:29] channel recv len=6 entropy=2.58 bs_len=6 u16le=21314 u32le=414530 ascii='BS...R'
[2026-06-10 22:29:29] channel BS frame #597: body_len=2 head=a8 52 ascii='.R'
[2026-06-10 22:29:29] channel recv len=11 entropy=3.28 bs_len=11 u16le=21314 u32le=742210 ascii='BS..,....8.'
[2026-06-10 22:29:29] channel BS frame #598: body_len=7 head=2c f0 f0 07 d6 38 f1 ascii=',....8.'
[2026-06-10 22:29:29] channel recv len=11 entropy=3.46 bs_len=11 u16le=21314 u32le=742210 ascii='BS..h...01H'
[2026-06-10 22:29:29] channel BS frame #599: body_len=7 head=68 d4 d9 f0 30 31 48 ascii='h...01H'
[2026-06-10 22:29:29] channel recv len=11 entropy=3.46 bs_len=11 u16le=21314 u32le=742210 ascii='BS....^.%.Y'
[2026-06-10 22:29:29] channel BS frame #600: body_len=7 head=06 11 5e d7 25 e5 59 ascii='..^.%.Y'
[2026-06-10 22:29:29] channel recv len=49 entropy=4.64 bs_len=15 u16le=21314 u32le=1004354 ascii='BS...AS>.h.....BS..Oga.S|@.m .?.BS..u...S|@.m .?.'
[2026-06-10 22:29:29] channel BS frame #601: body_len=11 head=f7 41 53 3e c4 68 d7 94 8f da c9 ascii='.AS>.h.....'
[2026-06-10 22:29:29] channel BS frame #602: body_len=13 head=4f 67 61 f7 53 7c 40 f4 6d 20 a6 3f b1 ascii='Oga.S|@.m .?.'
[2026-06-10 22:29:29] channel BS frame #603: body_len=13 head=75 e3 06 f7 53 7c 40 f4 6d 20 a6 3f b1 ascii='u...S|@.m .?.'
[2026-06-10 22:29:29] channel recv len=11 entropy=3.46 bs_len=11 u16le=21314 u32le=742210 ascii='BS..g.>.[v.'
[2026-06-10 22:29:29] channel BS frame #604: body_len=7 head=67 db 3e 8f 5b 76 88 ascii='g.>.[v.'
[2026-06-10 22:29:29] channel recv len=5 entropy=2.32 bs_len=5 u16le=21314 u32le=348994 ascii='BS..,'
[2026-06-10 22:29:29] channel BS frame #605: body_len=1 head=2c ascii=','
[2026-06-10 22:29:29] channel replay observed client frame #605; server frames sent=232
[2026-06-10 22:29:29] channel recv len=11 entropy=3.28 bs_len=11 u16le=21314 u32le=742210 ascii='BS........Y'
[2026-06-10 22:29:29] channel BS frame #606: body_len=7 head=05 86 e0 ce fc 0b 59 ascii='......Y'
[2026-06-10 22:29:29] channel recv len=32 entropy=3.98 bs_len=6 u16le=21314 u32le=414530 ascii='BS..@.BS..r.-.z.#N,BS.....Sz.#N,'
[2026-06-10 22:29:29] channel BS frame #607: body_len=2 head=40 84 ascii='@.'
[2026-06-10 22:29:29] channel BS frame #608: body_len=9 head=72 f4 2d cb 7a f6 23 4e 2c ascii='r.-.z.#N,'
[2026-06-10 22:29:29] channel BS frame #609: body_len=9 head=81 bc 00 53 7a f6 23 4e 2c ascii='...Sz.#N,'
[2026-06-10 22:29:29] channel recv len=11 entropy=3.46 bs_len=11 u16le=21314 u32le=742210 ascii='BS.......?.'
[2026-06-10 22:29:29] channel BS frame #610: body_len=7 head=91 f8 da a5 fc 3f ec ascii='.....?.'
[2026-06-10 22:29:30] channel recv len=11 entropy=3.46 bs_len=11 u16le=21314 u32le=742210 ascii='BS...m:...D'
[2026-06-10 22:29:30] channel BS frame #611: body_len=7 head=a0 6d 3a b1 0c d3 44 ascii='.m:...D'
[2026-06-10 22:29:30] channel recv len=33 entropy=3.97 bs_len=13 u16le=21314 u32le=873282 ascii='BS..c..2z.#N,BS.....Sz.#N,BS.....'
[2026-06-10 22:29:30] channel BS frame #612: body_len=9 head=63 0b 9c 32 7a f6 23 4e 2c ascii='c..2z.#N,'
[2026-06-10 22:29:30] channel BS frame #613: body_len=9 head=81 bc 00 53 7a f6 23 4e 2c ascii='...Sz.#N,'
[2026-06-10 22:29:30] channel BS frame #614: body_len=3 head=86 01 f6 ascii='...'
[2026-06-10 22:29:30] channel recv len=11 entropy=3.46 bs_len=11 u16le=21314 u32le=742210 ascii='BS.....DdH.'
[2026-06-10 22:29:30] channel BS frame #615: body_len=7 head=c7 84 c4 44 64 48 b9 ascii='...DdH.'
[2026-06-10 22:29:30] channel recv len=11 entropy=3.46 bs_len=11 u16le=21314 u32le=742210 ascii='BS...!r.{..'
[2026-06-10 22:29:30] channel BS frame #616: body_len=7 head=b4 21 72 f8 7b fd 0f ascii='.!r.{..'
[2026-06-10 22:29:31] channel recv len=11 entropy=3.46 bs_len=11 u16le=21314 u32le=742210 ascii='BS...!r.{.@'
[2026-06-10 22:29:31] channel BS frame #617: body_len=7 head=b2 21 72 f8 7b e1 40 ascii='.!r.{.@'
[2026-06-10 22:29:31] channel recv len=11 entropy=3.46 bs_len=11 u16le=21314 u32le=742210 ascii='BS... f.{..'
[2026-06-10 22:29:31] channel BS frame #618: body_len=7 head=ee 20 66 f8 7b 94 f3 ascii='. f.{..'
[2026-06-10 22:29:31] channel recv len=11 entropy=3.46 bs_len=11 u16le=21314 u32le=742210 ascii='BS..kOF.{..'
[2026-06-10 22:29:31] channel BS frame #619: body_len=7 head=6b 4f 46 f8 7b 98 d8 ascii='kOF.{..'
[2026-06-10 22:29:32] channel recv len=11 entropy=3.46 bs_len=11 u16le=21314 u32le=742210 ascii="BS..'.O.{.."
[2026-06-10 22:29:32] channel BS frame #620: body_len=7 head=27 f9 4f f8 7b 8c a5 ascii="'.O.{.."
[2026-06-10 22:29:32] channel recv len=13 entropy=3.70 bs_len=13 u16le=21314 u32le=873282 ascii='BS..........y'
[2026-06-10 22:29:32] channel BS frame #621: body_len=9 head=f3 11 d4 e2 0e ac a7 c4 79 ascii='........y'
[2026-06-10 22:29:32] channel recv len=11 entropy=3.10 bs_len=11 u16le=21314 u32le=742210 ascii='BS...Lz/.T.'
[2026-06-10 22:29:32] channel BS frame #622: body_len=7 head=ba 4c 7a 2f 0b 54 00 ascii='.Lz/.T.'
[2026-06-10 22:29:32] channel recv len=9 entropy=3.17 bs_len=9 u16le=21314 u32le=611138 ascii='BS...7.|.'
[2026-06-10 22:29:32] channel BS frame #623: body_len=5 head=14 37 a4 7c e2 ascii='.7.|.'
[2026-06-10 22:29:32] channel recv len=32 entropy=4.54 bs_len=15 u16le=21314 u32le=1004354 ascii='BS...k.Y.h..B..BS...Y...Vh....d+'
[2026-06-10 22:29:32] channel BS frame #624: body_len=11 head=92 6b 7f 59 c4 68 aa 14 42 98 b7 ascii='.k.Y.h..B..'
[2026-06-10 22:29:32] channel BS frame #625: body_len=13 head=a5 59 ad 8a 8b 56 68 8a 9d f6 e7 64 2b ascii='.Y...Vh....d+'
[2026-06-10 22:29:32] channel recv len=11 entropy=3.28 bs_len=11 u16le=21314 u32le=742210 ascii='BS..g.>\\5>m'
[2026-06-10 22:29:32] channel BS frame #626: body_len=7 head=67 db 3e 5c 35 3e 6d ascii='g.>\\5>m'
[2026-06-10 22:29:32] channel recv len=32 entropy=4.73 bs_len=15 u16le=21314 u32le=1004354 ascii='BS...b;..h<eS..BS.....i.....2..\\'
[2026-06-10 22:29:32] channel BS frame #627: body_len=11 head=f1 62 3b a0 c4 68 3c 65 53 9f 1b ascii='.b;..h<eS..'
[2026-06-10 22:29:32] channel BS frame #628: body_len=13 head=af 2e 15 69 a1 de 96 8c 83 32 93 85 5c ascii='...i.....2..\\'
[2026-06-10 22:29:32] channel recv len=11 entropy=3.46 bs_len=11 u16le=21314 u32le=742210 ascii='BS..g.>Dc..'
[2026-06-10 22:29:32] channel BS frame #629: body_len=7 head=67 db 3e 44 63 a6 01 ascii='g.>Dc..'
[2026-06-10 22:29:32] channel recv len=32 entropy=4.75 bs_len=15 u16le=21314 u32le=1004354 ascii='BS...b;..ht.l..BS...z..Od..2....'
[2026-06-10 22:29:32] channel BS frame #630: body_len=11 head=e2 62 3b a0 c4 68 74 c7 6c b6 97 ascii='.b;..ht.l..'
[2026-06-10 22:29:32] channel BS frame #631: body_len=13 head=e4 7a 16 b6 4f 64 d6 01 32 e9 bb a9 c2 ascii='.z..Od..2....'
[2026-06-10 22:29:32] channel recv len=32 entropy=4.62 bs_len=15 u16le=21314 u32le=1004354 ascii='BS..hk.Y.h...u.BS....k.......~..'
[2026-06-10 22:29:32] channel BS frame #632: body_len=11 head=68 6b 7f 59 c4 68 b1 f9 ea 75 fe ascii='hk.Y.h...u.'
[2026-06-10 22:29:32] channel BS frame #633: body_len=13 head=9e 05 6b c2 e2 1d ad f1 aa c3 7e a1 c2 ascii='..k.......~..'
[2026-06-10 22:29:32] channel recv len=5 entropy=2.32 bs_len=5 u16le=21314 u32le=348994 ascii='BS...'
[2026-06-10 22:29:32] channel BS frame #634: body_len=1 head=12 ascii='.'
[2026-06-10 22:29:32] channel replay observed client frame #634; server frames sent=236
[2026-06-10 22:29:32] channel recv len=32 entropy=4.69 bs_len=15 u16le=21314 u32le=1004354 ascii='BS.. ....h.(.h+BS..K.u.I........'
[2026-06-10 22:29:32] channel BS frame #635: body_len=11 head=20 1a c6 aa c4 68 95 28 04 68 2b ascii=' ....h.(.h+'
[2026-06-10 22:29:32] channel BS frame #636: body_len=13 head=4b a3 75 cc 49 ee 9a 91 82 cc 14 f0 c2 ascii='K.u.I........'
[2026-06-10 22:29:32] channel recv len=32 entropy=4.54 bs_len=15 u16le=21314 u32le=1004354 ascii='BS..hk.Y.h.....BS.......(.......'
[2026-06-10 22:29:32] channel BS frame #637: body_len=11 head=68 6b 7f 59 c4 68 d2 1b b2 a4 c3 ascii='hk.Y.h.....'
[2026-06-10 22:29:32] channel BS frame #638: body_len=13 head=f7 0d fb fb d0 28 f4 b2 fb cf 0b aa c2 ascii='.....(.......'
[2026-06-10 22:29:33] channel recv len=32 entropy=4.75 bs_len=15 u16le=21314 u32le=1004354 ascii='BS..hk.Y.h9..|.BS....z.8....,.q.'
[2026-06-10 22:29:33] channel BS frame #639: body_len=11 head=68 6b 7f 59 c4 68 39 eb 89 7c f4 ascii='hk.Y.h9..|.'
[2026-06-10 22:29:33] channel BS frame #640: body_len=13 head=f7 ac 7a cf 38 bd a7 0e e6 2c c8 71 c2 ascii='..z.8....,.q.'
[2026-06-10 22:29:33] channel recv len=32 entropy=4.54 bs_len=15 u16le=21314 u32le=1004354 ascii='BS..hk.Y.h...R.BS..A.......4.A..'
[2026-06-10 22:29:33] channel BS frame #641: body_len=11 head=68 6b 7f 59 c4 68 00 e3 0d 52 e7 ascii='hk.Y.h...R.'
[2026-06-10 22:29:33] channel BS frame #642: body_len=13 head=41 fe f1 17 0f a6 c7 06 34 2e 41 8b c2 ascii='A.......4.A..'
[2026-06-10 22:29:33] channel recv len=33 entropy=4.05 bs_len=13 u16le=21314 u32le=873282 ascii='BS..w...z.#N,BS.....Sz.#N,BS.....'
[2026-06-10 22:29:33] channel BS frame #643: body_len=9 head=77 9f e4 cb 7a f6 23 4e 2c ascii='w...z.#N,'
[2026-06-10 22:29:33] channel BS frame #644: body_len=9 head=81 bc 00 53 7a f6 23 4e 2c ascii='...Sz.#N,'
[2026-06-10 22:29:33] channel BS frame #645: body_len=3 head=86 17 a7 ascii='...'
[2026-06-10 22:29:35] channel recv len=11 entropy=3.28 bs_len=11 u16le=21314 u32le=742210 ascii='BS..rP0HH..'
[2026-06-10 22:29:35] channel BS frame #646: body_len=7 head=72 50 30 48 48 ea b7 ascii='rP0HH..'
[2026-06-10 22:29:35] channel recv len=9 entropy=3.17 bs_len=9 u16le=21314 u32le=611138 ascii='BS...!..6'
[2026-06-10 22:29:35] channel BS frame #647: body_len=5 head=03 21 f5 c9 36 ascii='.!..6'
[2026-06-10 22:29:35] channel recv len=32 entropy=4.81 bs_len=15 u16le=21314 u32le=1004354 ascii='BS..fk.Y.h2bc..BS....... _.T.*.+'
[2026-06-10 22:29:35] channel BS frame #648: body_len=11 head=66 6b 7f 59 c4 68 32 62 63 fe 90 ascii='fk.Y.h2bc..'
[2026-06-10 22:29:35] channel BS frame #649: body_len=13 head=a9 9f ad 8a 8b 20 5f cf 54 f7 2a a2 2b ascii='..... _.T.*.+'
[2026-06-10 22:29:35] channel recv len=32 entropy=4.60 bs_len=15 u16le=21314 u32le=1004354 ascii='BS..hk.Y.h...S.BS....c..i..{.bk\\'
[2026-06-10 22:29:35] channel BS frame #650: body_len=11 head=68 6b 7f 59 c4 68 0e e5 f2 53 82 ascii='hk.Y.h...S.'
[2026-06-10 22:29:35] channel BS frame #651: body_len=13 head=87 d5 63 03 8d 69 8b e8 7b dd 62 6b 5c ascii='..c..i..{.bk\\'
[2026-06-10 22:29:35] channel recv len=32 entropy=4.75 bs_len=15 u16le=21314 u32le=1004354 ascii='BS..hk.Y.h`.Fp.BS..t....._..!...'
[2026-06-10 22:29:35] channel BS frame #652: body_len=11 head=68 6b 7f 59 c4 68 60 ba 46 70 f1 ascii='hk.Y.h`.Fp.'
[2026-06-10 22:29:35] channel BS frame #653: body_len=13 head=74 8b 80 05 0c aa 5f 08 c6 21 d7 a9 c2 ascii='t....._..!...'
[2026-06-10 22:29:35] channel recv len=32 entropy=4.62 bs_len=15 u16le=21314 u32le=1004354 ascii='BS..hk.Y.hH@.2\\BS..9M. \\k....G.('
[2026-06-10 22:29:35] channel BS frame #654: body_len=11 head=68 6b 7f 59 c4 68 48 40 05 32 5c ascii='hk.Y.hH@.2\\'
[2026-06-10 22:29:35] channel BS frame #655: body_len=13 head=39 4d 12 20 5c 6b c1 b9 8d f6 47 b7 28 ascii='9M. \\k....G.('
[2026-06-10 22:29:35] channel recv len=32 entropy=4.75 bs_len=15 u16le=21314 u32le=1004354 ascii='BS..hk.Y.h.`.J.BS....&v.....}../'
[2026-06-10 22:29:35] channel BS frame #656: body_len=11 head=68 6b 7f 59 c4 68 87 60 b7 4a d8 ascii='hk.Y.h.`.J.'
[2026-06-10 22:29:35] channel BS frame #657: body_len=13 head=b4 c3 26 76 bf 1f b3 eb 17 7d 14 16 2f ascii='..&v.....}../'
[2026-06-10 22:29:35] channel recv len=32 entropy=4.60 bs_len=15 u16le=21314 u32le=1004354 ascii='BS..hk.Y.h...[.BS....bf.ha...../'
[2026-06-10 22:29:35] channel BS frame #658: body_len=11 head=68 6b 7f 59 c4 68 cb db ef 5b 02 ascii='hk.Y.h...[.'
[2026-06-10 22:29:35] channel BS frame #659: body_len=13 head=b5 db 62 66 83 68 61 08 e1 95 9b b2 2f ascii='..bf.ha...../'
[2026-06-10 22:29:35] channel recv len=5 entropy=2.32 bs_len=5 u16le=21314 u32le=348994 ascii='BS...'
[2026-06-10 22:29:35] channel BS frame #660: body_len=1 head=12 ascii='.'
[2026-06-10 22:29:35] channel replay observed client frame #660; server frames sent=244
[2026-06-10 22:29:35] channel recv len=32 entropy=4.69 bs_len=15 u16le=21314 u32le=1004354 ascii='BS.. ....h..w.oBS............../'
[2026-06-10 22:29:35] channel BS frame #661: body_len=11 head=20 1a c6 aa c4 68 16 b2 77 a0 6f ascii=' ....h..w.o'
[2026-06-10 22:29:35] channel BS frame #662: body_len=13 head=0f 95 a2 f1 9d d6 a5 a5 ba af c3 96 2f ascii='............/'
[2026-06-10 22:29:35] channel recv len=9 entropy=3.17 bs_len=9 u16le=21314 u32le=611138 ascii='BS..g....'
[2026-06-10 22:29:35] channel BS frame #663: body_len=5 head=67 e1 8f bb ad ascii='g....'
[2026-06-10 22:29:36] channel recv len=32 entropy=4.81 bs_len=15 u16le=21314 u32le=1004354 ascii='BS.....Y.h~.j..BS......d....g1./'
[2026-06-10 22:29:36] channel BS frame #664: body_len=11 head=f3 12 91 59 c4 68 7e d8 6a cc 1a ascii='...Y.h~.j..'
[2026-06-10 22:29:36] channel BS frame #665: body_len=13 head=df ae 06 f6 64 96 e5 d9 eb 67 31 aa 2f ascii='....d....g1./'
[2026-06-10 22:29:36] channel recv len=32 entropy=4.69 bs_len=15 u16le=21314 u32le=1004354 ascii='BS..hk.Y.h..y.sBS....@.#a.... ./'
[2026-06-10 22:29:36] channel BS frame #666: body_len=11 head=68 6b 7f 59 c4 68 b3 d6 79 8f 73 ascii='hk.Y.h..y.s'
[2026-06-10 22:29:36] channel BS frame #667: body_len=13 head=95 95 40 df 23 61 8b 94 fd bc 20 e9 2f ascii='..@.#a.... ./'
[2026-06-10 22:29:36] channel recv len=11 entropy=3.46 bs_len=11 u16le=21314 u32le=742210 ascii='BS..g.>.!..'
[2026-06-10 22:29:36] channel BS frame #668: body_len=7 head=67 db 3e da 21 07 05 ascii='g.>.!..'
[2026-06-10 22:29:36] channel recv len=26 entropy=3.83 bs_len=13 u16le=21314 u32le=873282 ascii="BS..u.PN.u'.xBS....N..u'.x"
[2026-06-10 22:29:36] channel BS frame #669: body_len=9 head=75 10 50 4e 2e 75 27 e2 78 ascii="u.PN.u'.x"
[2026-06-10 22:29:36] channel BS frame #670: body_len=9 head=02 b8 4e b1 2e 75 27 e2 78 ascii="..N..u'.x"
[2026-06-10 22:29:36] channel recv len=26 entropy=3.70 bs_len=13 u16le=21314 u32le=873282 ascii="BS....N..u'.xBS....N..u'.x"
[2026-06-10 22:29:36] channel BS frame #671: body_len=9 head=02 b8 4e b1 2e 75 27 e2 78 ascii="..N..u'.x"
[2026-06-10 22:29:36] channel BS frame #672: body_len=9 head=02 b8 4e b1 2e 75 27 e2 78 ascii="..N..u'.x"
[2026-06-10 22:29:37] channel recv len=32 entropy=4.75 bs_len=15 u16le=21314 u32le=1004354 ascii='BS...L...hM..2.BS..P...=.N.?.R3.'
[2026-06-10 22:29:37] channel BS frame #673: body_len=11 head=1d 4c d5 c1 c4 68 4d cf 99 32 c5 ascii='.L...hM..2.'
[2026-06-10 22:29:37] channel BS frame #674: body_len=13 head=50 cc ad aa 3d 9e 4e d9 3f 99 52 33 c6 ascii='P...=.N.?.R3.'
[2026-06-10 22:29:37] channel recv len=32 entropy=4.75 bs_len=15 u16le=21314 u32le=1004354 ascii='BS..hk.Y.h.v_..BS..E=..,z.....Z\\'
[2026-06-10 22:29:37] channel BS frame #675: body_len=11 head=68 6b 7f 59 c4 68 b4 76 5f 19 ff ascii='hk.Y.h.v_..'
[2026-06-10 22:29:37] channel BS frame #676: body_len=13 head=45 3d d8 b3 2c 7a dd f9 dc 9d 12 5a 5c ascii='E=..,z.....Z\\'
[2026-06-10 22:29:37] channel recv len=32 entropy=4.69 bs_len=15 u16le=21314 u32le=1004354 ascii='BS..hk.Y.h.g.WFBS....%b.s..[.o.\\'
[2026-06-10 22:29:37] channel BS frame #677: body_len=11 head=68 6b 7f 59 c4 68 89 67 0e 57 46 ascii='hk.Y.h.g.WF'
[2026-06-10 22:29:37] channel BS frame #678: body_len=13 head=ac d7 25 62 10 73 8f 8f 5b fe 6f f2 5c ascii='..%b.s..[.o.\\'
[2026-06-10 22:29:37] channel recv len=32 entropy=4.69 bs_len=15 u16le=21314 u32le=1004354 ascii='BS..hk.Y.h..ek)BS..F.-...ao..>w\\'
[2026-06-10 22:29:37] channel BS frame #679: body_len=11 head=68 6b 7f 59 c4 68 ec b0 65 6b 29 ascii='hk.Y.h..ek)'
[2026-06-10 22:29:37] channel BS frame #680: body_len=13 head=46 b9 2d 1e c2 c8 61 6f 81 ab 3e 77 5c ascii='F.-...ao..>w\\'
[2026-06-10 22:29:37] channel recv len=32 entropy=4.69 bs_len=15 u16le=21314 u32le=1004354 ascii='BS..hk.Y.h..O..BS...Z@.....j.w..'
[2026-06-10 22:29:37] channel BS frame #681: body_len=11 head=68 6b 7f 59 c4 68 e2 b7 4f 8f d6 ascii='hk.Y.h..O..'
[2026-06-10 22:29:37] channel BS frame #682: body_len=13 head=cd 5a 40 8e ee 85 01 85 6a fe 77 bb c6 ascii='.Z@.....j.w..'
[2026-06-10 22:29:37] channel recv len=11 entropy=3.46 bs_len=11 u16le=21314 u32le=742210 ascii='BS..g.> ".C'
[2026-06-10 22:29:37] channel BS frame #683: body_len=7 head=67 db 3e 20 22 80 43 ascii='g.> ".C'
[2026-06-10 22:29:37] channel recv len=32 entropy=4.66 bs_len=15 u16le=21314 u32le=1004354 ascii='BS...F+>.h..%..BS...BOX?%....|o/'
[2026-06-10 22:29:37] channel BS frame #684: body_len=11 head=d9 46 2b 3e c4 68 1e 80 25 b6 f9 ascii='.F+>.h..%..'
[2026-06-10 22:29:37] channel BS frame #685: body_len=13 head=9c 42 4f 58 3f 25 99 c2 d3 90 7c 6f 2f ascii='.BOX?%....|o/'
[2026-06-10 22:29:38] channel recv len=32 entropy=4.75 bs_len=15 u16le=21314 u32le=1004354 ascii='BS..hk.Y.h.#.).BS..J.Eg?...^D.n/'
[2026-06-10 22:29:38] channel BS frame #686: body_len=11 head=68 6b 7f 59 c4 68 19 23 d7 29 93 ascii='hk.Y.h.#.).'
[2026-06-10 22:29:38] channel BS frame #687: body_len=13 head=4a 10 45 67 3f 0b dc 9b 5e 44 9d 6e 2f ascii='J.Eg?...^D.n/'
[2026-06-10 22:29:38] channel recv len=26 entropy=3.80 bs_len=13 u16le=21314 u32le=873282 ascii='BS..w...z.#N,BS.....Sz.#N,'
[2026-06-10 22:29:38] channel BS frame #688: body_len=9 head=77 9f e4 cb 7a f6 23 4e 2c ascii='w...z.#N,'
[2026-06-10 22:29:38] channel BS frame #689: body_len=9 head=81 bc 00 53 7a f6 23 4e 2c ascii='...Sz.#N,'
[2026-06-10 22:29:38] channel recv len=13 entropy=3.39 bs_len=13 u16le=21314 u32le=873282 ascii='BS.....Sz.#N,'
[2026-06-10 22:29:38] channel BS frame #690: body_len=9 head=81 bc 00 53 7a f6 23 4e 2c ascii='...Sz.#N,'
[2026-06-10 22:29:38] channel recv len=32 entropy=4.75 bs_len=15 u16le=21314 u32le=1004354 ascii='BS...H...h.#...BS..GT........?./'
[2026-06-10 22:29:38] channel BS frame #691: body_len=11 head=9e 48 9b c1 c4 68 19 23 f1 d4 16 ascii='.H...h.#...'
[2026-06-10 22:29:38] channel BS frame #692: body_len=13 head=47 54 8e 8d 9e 7f 80 e1 c7 02 3f fb 2f ascii='GT........?./'
[2026-06-10 22:29:38] channel recv len=32 entropy=4.54 bs_len=15 u16le=21314 u32le=1004354 ascii='BS..hk.Y.h.m.O.BS...//.O.!.@.y:/'
[2026-06-10 22:29:38] channel BS frame #693: body_len=11 head=68 6b 7f 59 c4 68 ff 6d 0b 4f c3 ascii='hk.Y.h.m.O.'
[2026-06-10 22:29:38] channel BS frame #694: body_len=13 head=ba 2f 2f 85 4f e2 21 09 40 10 79 3a 2f ascii='.//.O.!.@.y:/'
[2026-06-10 22:29:38] channel recv len=26 entropy=4.01 bs_len=13 u16le=21314 u32le=873282 ascii="BS..w..).u'.xBS....N..u'.x"
[2026-06-10 22:29:38] channel BS frame #695: body_len=9 head=77 9f e4 29 2e 75 27 e2 78 ascii="w..).u'.x"
[2026-06-10 22:29:38] channel BS frame #696: body_len=9 head=02 b8 4e b1 2e 75 27 e2 78 ascii="..N..u'.x"
[2026-06-10 22:29:38] channel recv len=26 entropy=3.70 bs_len=13 u16le=21314 u32le=873282 ascii="BS....N..u'.xBS....N..u'.x"
[2026-06-10 22:29:38] channel BS frame #697: body_len=9 head=02 b8 4e b1 2e 75 27 e2 78 ascii="..N..u'.x"
[2026-06-10 22:29:38] channel BS frame #698: body_len=9 head=02 b8 4e b1 2e 75 27 e2 78 ascii="..N..u'.x"
[2026-06-10 22:29:38] channel recv len=32 entropy=4.75 bs_len=15 u16le=21314 u32le=1004354 ascii='BS...L...h*6..IBS....>..a.4..k./'
[2026-06-10 22:29:38] channel BS frame #699: body_len=11 head=1d 4c d5 c1 c4 68 2a 36 e2 d0 49 ascii='.L...h*6..I'
[2026-06-10 22:29:38] channel BS frame #700: body_len=13 head=f4 ef 3e ca 97 61 f4 34 b6 93 6b 1a 2f ascii='..>..a.4..k./'
[2026-06-10 22:29:38] channel recv len=11 entropy=3.46 bs_len=11 u16le=21314 u32le=742210 ascii='BS..g.>4_R.'
[2026-06-10 22:29:38] channel BS frame #701: body_len=7 head=67 db 3e 34 5f 52 ac ascii='g.>4_R.'
[2026-06-10 22:29:38] channel recv len=32 entropy=4.60 bs_len=15 u16le=21314 u32le=1004354 ascii='BS..f%.>.ho*..FBS....>...H..v../'
[2026-06-10 22:29:38] channel BS frame #702: body_len=11 head=66 25 c2 3e c4 68 6f 2a dc 0d 46 ascii='f%.>.ho*..F'
[2026-06-10 22:29:38] channel BS frame #703: body_len=13 head=b3 be 3e ca 97 00 48 03 1a 76 b3 a3 2f ascii='..>...H..v../'
[2026-06-10 22:29:38] channel recv len=5 entropy=2.32 bs_len=5 u16le=21314 u32le=348994 ascii='BS...'
[2026-06-10 22:29:38] channel BS frame #704: body_len=1 head=12 ascii='.'
[2026-06-10 22:29:38] channel replay sent server frame #250 after client frame #704: len=9 entropy=3.17 bs_len=9 u16le=21314 u32le=611138 ascii='BS..gec`.'
[2026-06-10 22:29:38] channel replay observed client frame #704; server frames sent=254
[2026-06-10 22:29:38] channel recv len=32 entropy=4.81 bs_len=15 u16le=21314 u32le=1004354 ascii='BS.. ....hNt-.{BS..+....f....o=/'
[2026-06-10 22:29:38] channel BS frame #705: body_len=11 head=20 1a c6 aa c4 68 4e 74 2d 8d 7b ascii=' ....hNt-.{'
[2026-06-10 22:29:38] channel BS frame #706: body_len=13 head=2b 0d a0 ca 97 66 12 cf cd fa 6f 3d 2f ascii='+....f....o=/'
[2026-06-10 22:29:38] channel recv len=26 entropy=3.80 bs_len=13 u16le=21314 u32le=873282 ascii='BS..w...z.#N,BS.....Sz.#N,'
[2026-06-10 22:29:38] channel BS frame #707: body_len=9 head=77 9f e4 cb 7a f6 23 4e 2c ascii='w...z.#N,'
[2026-06-10 22:29:38] channel BS frame #708: body_len=9 head=81 bc 00 53 7a f6 23 4e 2c ascii='...Sz.#N,'
[2026-06-10 22:29:38] channel recv len=13 entropy=3.39 bs_len=13 u16le=21314 u32le=873282 ascii='BS.....Sz.#N,'
[2026-06-10 22:29:38] channel BS frame #709: body_len=9 head=81 bc 00 53 7a f6 23 4e 2c ascii='...Sz.#N,'
[2026-06-10 22:29:38] channel recv len=32 entropy=4.62 bs_len=15 u16le=21314 u32le=1004354 ascii='BS...H...hZ..b.BS..HU..#m...V_./'
[2026-06-10 22:29:38] channel BS frame #710: body_len=11 head=9e 48 9b c1 c4 68 5a 09 ff 62 c4 ascii='.H...hZ..b.'
[2026-06-10 22:29:38] channel BS frame #711: body_len=13 head=48 55 de df 23 6d ce 8d 19 56 5f 09 2f ascii='HU..#m...V_./'
[2026-06-10 22:29:39] channel recv len=32 entropy=4.75 bs_len=15 u16le=21314 u32le=1004354 ascii='BS..hk.Y.hyx...BS....@.#...../.X'
[2026-06-10 22:29:39] channel BS frame #712: body_len=11 head=68 6b 7f 59 c4 68 79 78 e4 87 1e ascii='hk.Y.hyx...'
[2026-06-10 22:29:39] channel BS frame #713: body_len=13 head=97 b7 40 df 23 b8 18 e6 8a ed 2f 88 58 ascii='..@.#...../.X'
[2026-06-10 22:29:39] channel recv len=32 entropy=4.69 bs_len=15 u16le=21314 u32le=1004354 ascii='BS..hk.Y.h....>BS..Ad@.#.}.....X'
[2026-06-10 22:29:39] channel BS frame #714: body_len=11 head=68 6b 7f 59 c4 68 1a 9a b3 c7 3e ascii='hk.Y.h....>'
[2026-06-10 22:29:39] channel BS frame #715: body_len=13 head=41 64 40 df 23 0a 7d 0f ca 02 a9 8f 58 ascii='Ad@.#.}.....X'
[2026-06-10 22:29:39] channel recv len=26 entropy=4.01 bs_len=13 u16le=21314 u32le=873282 ascii="BS..w..).u'.xBS....N..u'.x"
[2026-06-10 22:29:39] channel BS frame #716: body_len=9 head=77 9f e4 29 2e 75 27 e2 78 ascii="w..).u'.x"
[2026-06-10 22:29:39] channel BS frame #717: body_len=9 head=02 b8 4e b1 2e 75 27 e2 78 ascii="..N..u'.x"
[2026-06-10 22:29:39] channel recv len=13 entropy=3.70 bs_len=13 u16le=21314 u32le=873282 ascii="BS....N..u'.x"
[2026-06-10 22:29:39] channel BS frame #718: body_len=9 head=02 b8 4e b1 2e 75 27 e2 78 ascii="..N..u'.x"
[2026-06-10 22:29:39] channel recv len=13 entropy=3.70 bs_len=13 u16le=21314 u32le=873282 ascii="BS....N..u'.x"
[2026-06-10 22:29:39] channel BS frame #719: body_len=9 head=02 b8 4e b1 2e 75 27 e2 78 ascii="..N..u'.x"
[2026-06-10 22:29:39] channel recv len=32 entropy=4.66 bs_len=15 u16le=21314 u32le=1004354 ascii='BS...L...h./Z.sBS..G.>..K....../'
[2026-06-10 22:29:39] channel BS frame #720: body_len=11 head=1d 4c d5 c1 c4 68 2e 2f 5a aa 73 ascii='.L...h./Z.s'
[2026-06-10 22:29:39] channel BS frame #721: body_len=13 head=47 b6 3e ca 97 4b da c7 0a fa 02 00 2f ascii='G.>..K....../'
[2026-06-10 22:29:39] channel recv len=32 entropy=4.56 bs_len=15 u16le=21314 u32le=1004354 ascii='BS..hk.Y.h..M..BS.......K....../'
[2026-06-10 22:29:39] channel BS frame #722: body_len=11 head=68 6b 7f 59 c4 68 00 e3 4d c2 a6 ascii='hk.Y.h..M..'
[2026-06-10 22:29:39] channel BS frame #723: body_len=13 head=9d 04 a0 ca 97 4b da c7 0a fa 02 00 2f ascii='.....K....../'
[2026-06-10 22:29:39] channel recv len=32 entropy=4.60 bs_len=15 u16le=21314 u32le=1004354 ascii='BS..hk.Y.h.l...BS...^>..K....../'
[2026-06-10 22:29:39] channel BS frame #724: body_len=11 head=68 6b 7f 59 c4 68 b0 6c a3 2e b0 ascii='hk.Y.h.l...'
[2026-06-10 22:29:39] channel BS frame #725: body_len=13 head=ff 5e 3e ca 97 4b da c7 0a fa 02 00 2f ascii='.^>..K....../'
[2026-06-10 22:29:39] channel recv len=32 entropy=4.69 bs_len=15 u16le=21314 u32le=1004354 ascii='BS..hk.Y.hV".[9BS..".....5...Jo\\'
[2026-06-10 22:29:39] channel BS frame #726: body_len=11 head=68 6b 7f 59 c4 68 56 22 b6 5b 39 ascii='hk.Y.hV".[9'
[2026-06-10 22:29:39] channel BS frame #727: body_len=13 head=22 94 a0 ca 97 ad 35 bc 08 92 4a 6f 5c ascii='".....5...Jo\\'
[2026-06-10 22:29:40] channel recv len=32 entropy=4.69 bs_len=15 u16le=21314 u32le=1004354 ascii='BS..hk.Y.h....9BS..>....m..e..e.'
[2026-06-10 22:29:40] channel BS frame #728: body_len=11 head=68 6b 7f 59 c4 68 bb e4 19 e6 39 ascii='hk.Y.h....9'
[2026-06-10 22:29:40] channel BS frame #729: body_len=13 head=3e ec 8d ca 97 6d be cd 65 a7 05 65 c2 ascii='>....m..e..e.'
[2026-06-10 22:29:40] channel recv len=32 entropy=4.54 bs_len=15 u16le=21314 u32le=1004354 ascii='BS..hk.Y.h.^th.BS..Q....K.......'
[2026-06-10 22:29:40] channel BS frame #730: body_len=11 head=68 6b 7f 59 c4 68 b8 5e 74 68 dc ascii='hk.Y.h.^th.'
[2026-06-10 22:29:40] channel BS frame #731: body_len=13 head=51 c3 8d ca 97 4b da c7 8a da 81 b8 c2 ascii='Q....K.......'
[2026-06-10 22:29:40] channel recv len=33 entropy=3.97 bs_len=13 u16le=21314 u32le=873282 ascii='BS..w...z.#N,BS.....Sz.#N,BS.....'
[2026-06-10 22:29:40] channel BS frame #732: body_len=9 head=77 9f e4 cb 7a f6 23 4e 2c ascii='w...z.#N,'
[2026-06-10 22:29:40] channel BS frame #733: body_len=9 head=81 bc 00 53 7a f6 23 4e 2c ascii='...Sz.#N,'
[2026-06-10 22:29:40] channel BS frame #734: body_len=3 head=86 01 f6 ascii='...'
[2026-06-10 22:29:41] channel recv len=11 entropy=3.28 bs_len=11 u16le=21314 u32le=742210 ascii='BS.....8tB.'
[2026-06-10 22:29:41] channel BS frame #735: body_len=7 head=c7 84 c4 38 74 42 c5 ascii='...8tB.'
[2026-06-10 22:29:41] channel recv len=11 entropy=3.46 bs_len=11 u16le=21314 u32le=742210 ascii='BS..}H.t3b4'
[2026-06-10 22:29:41] channel BS frame #736: body_len=7 head=7d 48 e1 74 33 62 34 ascii='}H.t3b4'
[2026-06-10 22:29:41] channel recv len=11 entropy=3.46 bs_len=11 u16le=21314 u32le=742210 ascii='BS../.9w..7'
[2026-06-10 22:29:41] channel BS frame #737: body_len=7 head=2f 1d 39 77 cd ce 37 ascii='/.9w..7'
[2026-06-10 22:29:41] channel recv len=11 entropy=3.46 bs_len=11 u16le=21314 u32le=742210 ascii='BS..;...8..'
[2026-06-10 22:29:41] channel BS frame #738: body_len=7 head=3b 99 0a 9d 38 d2 f2 ascii=';...8..'
[2026-06-10 22:29:41] channel recv len=11 entropy=3.46 bs_len=11 u16le=21314 u32le=742210 ascii='BS..h....,.'
[2026-06-10 22:29:41] channel BS frame #739: body_len=7 head=68 f2 dd f1 2e 2c f3 ascii='h....,.'
[2026-06-10 22:29:41] channel recv len=5 entropy=2.32 bs_len=5 u16le=21314 u32le=348994 ascii='BS..5'
[2026-06-10 22:29:41] channel BS frame #740: body_len=1 head=35 ascii='5'
[2026-06-10 22:29:41] channel replay observed client frame #740; server frames sent=264
[2026-06-10 22:29:41] channel recv len=11 entropy=3.46 bs_len=11 u16le=21314 u32le=742210 ascii='BS..rD.s...'
[2026-06-10 22:29:41] channel BS frame #741: body_len=7 head=72 44 ea 73 c3 ed e4 ascii='rD.s...'
[2026-06-10 22:29:41] channel recv len=11 entropy=3.46 bs_len=11 u16le=21314 u32le=742210 ascii='BS...v.oQ.%'
[2026-06-10 22:29:41] channel BS frame #742: body_len=7 head=e5 76 c0 6f 51 b2 25 ascii='.v.oQ.%'
[2026-06-10 22:29:42] channel recv len=9 entropy=3.17 bs_len=9 u16le=21314 u32le=611138 ascii='BS....q..'
[2026-06-10 22:29:42] channel BS frame #743: body_len=5 head=b4 aa 71 01 e2 ascii='..q..'
[2026-06-10 22:29:42] channel recv len=32 entropy=4.81 bs_len=15 u16le=21314 u32le=1004354 ascii='BS...k.Y.h1...[BS...6.....f.C..+'
[2026-06-10 22:29:42] channel BS frame #744: body_len=11 head=92 6b 7f 59 c4 68 31 d0 ec a2 5b ascii='.k.Y.h1...['
[2026-06-10 22:29:42] channel BS frame #745: body_len=13 head=b5 36 a7 8a 8b a4 c8 66 99 43 1c d5 2b ascii='.6.....f.C..+'
[2026-06-10 22:29:42] channel recv len=11 entropy=3.46 bs_len=11 u16le=21314 u32le=742210 ascii='BS..g.>yz..'
[2026-06-10 22:29:42] channel BS frame #746: body_len=7 head=67 db 3e 79 7a c9 9c ascii='g.>yz..'
[2026-06-10 22:29:42] channel recv len=32 entropy=4.73 bs_len=15 u16le=21314 u32le=1004354 ascii='BS...BV..hx.w..BS..9....F.....k\\'
[2026-06-10 22:29:42] channel BS frame #747: body_len=11 head=f0 42 56 dd c4 68 78 e4 77 d7 c2 ascii='.BV..hx.w..'
[2026-06-10 22:29:42] channel BS frame #748: body_len=13 head=39 90 1b 95 93 46 97 db 81 df 14 6b 5c ascii='9....F.....k\\'
[2026-06-10 22:29:42] channel recv len=11 entropy=3.46 bs_len=11 u16le=21314 u32le=742210 ascii='BS..g.>..n.'
[2026-06-10 22:29:42] channel BS frame #749: body_len=7 head=67 db 3e df a6 6e 10 ascii='g.>..n.'
[2026-06-10 22:29:42] channel recv len=32 entropy=4.81 bs_len=15 u16le=21314 u32le=1004354 ascii='BS..X-.4.he:.%.BS....T.....PO5..'
[2026-06-10 22:29:42] channel BS frame #750: body_len=11 head=58 2d 8d 34 c4 68 65 3a e5 25 12 ascii='X-.4.he:.%.'
[2026-06-10 22:29:42] channel BS frame #751: body_len=13 head=d5 8e 54 01 a8 a5 85 f1 50 4f 35 de c2 ascii='..T.....PO5..'
[2026-06-10 22:29:42] channel recv len=11 entropy=3.46 bs_len=11 u16le=21314 u32le=742210 ascii='BS..g.>....'
[2026-06-10 22:29:42] channel BS frame #752: body_len=7 head=67 db 3e a4 14 cf b1 ascii='g.>....'
[2026-06-10 22:29:42] channel recv len=32 entropy=4.60 bs_len=15 u16le=21314 u32le=1004354 ascii='BS..m>.X.h..5..BS..G..0.g..;.B..'
[2026-06-10 22:29:42] channel BS frame #753: body_len=11 head=6d 3e a4 58 c4 68 12 a0 35 d5 12 ascii='m>.X.h..5..'
[2026-06-10 22:29:42] channel BS frame #754: body_len=13 head=47 01 c2 30 e4 67 f7 d1 3b e8 42 a1 c2 ascii='G..0.g..;.B..'
[2026-06-10 22:29:42] channel recv len=11 entropy=3.46 bs_len=11 u16le=21314 u32le=742210 ascii='BS..g.>...y'
[2026-06-10 22:29:42] channel BS frame #755: body_len=7 head=67 db 3e c7 f3 b2 79 ascii='g.>...y'
[2026-06-10 22:29:42] channel recv len=32 entropy=4.69 bs_len=15 u16le=21314 u32le=1004354 ascii='BS.......hP....BS..#.....X.*.*,+'
[2026-06-10 22:29:42] channel BS frame #756: body_len=11 head=9c ed b4 d2 c4 68 50 1c 12 a4 1f ascii='.....hP....'
[2026-06-10 22:29:42] channel BS frame #757: body_len=13 head=23 a1 80 a2 91 9f 58 7f 2a 80 2a 2c 2b ascii='#.....X.*.*,+'
[2026-06-10 22:29:42] channel recv len=11 entropy=3.46 bs_len=11 u16le=21314 u32le=742210 ascii='BS..g.>...^'
[2026-06-10 22:29:42] channel BS frame #758: body_len=7 head=67 db 3e ec b3 89 5e ascii='g.>...^'
[2026-06-10 22:29:42] channel recv len=32 entropy=4.69 bs_len=15 u16le=21314 u32le=1004354 ascii='BS..0..L.h..~.LBS..I..95(h.2i6./'
[2026-06-10 22:29:42] channel BS frame #759: body_len=11 head=30 12 a5 4c c4 68 99 09 7e 0a 4c ascii='0..L.h..~.L'
[2026-06-10 22:29:42] channel BS frame #760: body_len=13 head=49 fb e6 39 35 28 68 94 32 69 36 0b 2f ascii='I..95(h.2i6./'
[2026-06-10 22:29:42] channel recv len=11 entropy=3.46 bs_len=11 u16le=21314 u32le=742210 ascii='BS..g.>M...'
[2026-06-10 22:29:42] channel BS frame #761: body_len=7 head=67 db 3e 4d cd c1 d3 ascii='g.>M...'
[2026-06-10 22:29:42] channel recv len=32 entropy=4.69 bs_len=15 u16le=21314 u32le=1004354 ascii='BS.....L.h\\6.DiBS.....?Ni.h7c../'
[2026-06-10 22:29:42] channel BS frame #762: body_len=11 head=9a 13 b4 4c c4 68 5c 36 99 44 69 ascii='...L.h\\6.Di'
[2026-06-10 22:29:42] channel BS frame #763: body_len=13 head=fc 1f 16 3f 4e 69 83 68 37 63 94 1c 2f ascii='...?Ni.h7c../'
[2026-06-10 22:29:42] channel recv len=11 entropy=3.46 bs_len=11 u16le=21314 u32le=742210 ascii='BS..g.>..R.'
[2026-06-10 22:29:42] channel BS frame #764: body_len=7 head=67 db 3e a9 ac 52 b7 ascii='g.>..R.'
[2026-06-10 22:29:42] channel recv len=32 entropy=4.69 bs_len=15 u16le=21314 u32le=1004354 ascii='BS..z..L.h9.../BS....2].o6ne.R)/'
[2026-06-10 22:29:42] channel BS frame #765: body_len=11 head=7a 18 0f 4c c4 68 39 e1 cb 8d 2f ascii='z..L.h9.../'
[2026-06-10 22:29:42] channel BS frame #766: body_len=13 head=9d b8 32 5d fa 6f 36 6e 65 99 52 29 2f ascii='..2].o6ne.R)/'
[2026-06-10 22:29:43] channel recv len=11 entropy=3.46 bs_len=11 u16le=21314 u32le=742210 ascii='BS..g.>L\\.r'
[2026-06-10 22:29:43] channel BS frame #767: body_len=7 head=67 db 3e 4c 5c d2 72 ascii='g.>L\\.r'
[2026-06-10 22:29:43] channel recv len=32 entropy=4.81 bs_len=15 u16le=21314 u32le=1004354 ascii='BS...t...hb....BS...%..#[>..r../'
[2026-06-10 22:29:43] channel BS frame #768: body_len=11 head=d4 74 e7 c8 c4 68 62 98 a9 06 de ascii='.t...hb....'
[2026-06-10 22:29:43] channel BS frame #769: body_len=13 head=15 25 b1 df 23 5b 3e f3 bd 72 b8 8a 2f ascii='.%..#[>..r../'
[2026-06-10 22:29:43] channel recv len=11 entropy=3.46 bs_len=11 u16le=21314 u32le=742210 ascii='BS..g.>.b..'
[2026-06-10 22:29:43] channel BS frame #770: body_len=7 head=67 db 3e c6 62 ad f6 ascii='g.>.b..'
[2026-06-10 22:29:43] channel recv len=32 entropy=4.60 bs_len=15 u16le=21314 u32le=1004354 ascii='BS.....&.h.....BS..O]..#wm8...&/'
[2026-06-10 22:29:43] channel BS frame #771: body_len=11 head=11 c8 84 26 c4 68 11 1e c5 b0 8c ascii='...&.h.....'
[2026-06-10 22:29:43] channel BS frame #772: body_len=13 head=4f 5d c6 df 23 77 6d 38 96 d8 cf 26 2f ascii='O]..#wm8...&/'
[2026-06-10 22:29:43] channel recv len=11 entropy=3.46 bs_len=11 u16le=21314 u32le=742210 ascii='BS..g.>.+..'
[2026-06-10 22:29:43] channel BS frame #773: body_len=7 head=67 db 3e 9b 2b 8f bd ascii='g.>.+..'
[2026-06-10 22:29:43] channel recv len=32 entropy=4.75 bs_len=15 u16le=21314 u32le=1004354 ascii='BS...w.&.hI....BS...7..#......./'
[2026-06-10 22:29:43] channel BS frame #774: body_len=11 head=19 77 14 26 c4 68 49 d8 0d f2 c9 ascii='.w.&.hI....'
[2026-06-10 22:29:43] channel BS frame #775: body_len=13 head=ff 37 c6 df 23 9a c4 ce ec cb ee ac 2f ascii='.7..#......./'
[2026-06-10 22:29:43] channel recv len=11 entropy=3.10 bs_len=11 u16le=21314 u32le=742210 ascii='BS..g.>....'
[2026-06-10 22:29:43] channel BS frame #776: body_len=7 head=67 db 3e 97 00 c3 0b ascii='g.>....'
[2026-06-10 22:29:43] channel recv len=32 entropy=4.81 bs_len=15 u16le=21314 u32le=1004354 ascii='BS...w.&.ha"...BS..O]..#.@..9...'
[2026-06-10 22:29:43] channel BS frame #777: body_len=11 head=10 77 14 26 c4 68 61 22 b4 b5 dc ascii='.w.&.ha"...'
[2026-06-10 22:29:43] channel BS frame #778: body_len=13 head=4f 5d c6 df 23 b9 40 cb 92 39 f5 dd b1 ascii='O]..#.@..9...'
[2026-06-10 22:29:43] channel recv len=11 entropy=3.46 bs_len=11 u16le=21314 u32le=742210 ascii='BS..g.>..$.'
[2026-06-10 22:29:43] channel BS frame #779: body_len=7 head=67 db 3e a4 16 24 c9 ascii='g.>..$.'
[2026-06-10 22:29:43] channel recv len=32 entropy=4.62 bs_len=15 u16le=21314 u32le=1004354 ascii='BS..*9t..h#....BS....X.#Kh)U0...'
[2026-06-10 22:29:43] channel BS frame #780: body_len=11 head=2a 39 74 b8 c4 68 23 9e c6 b8 d7 ascii='*9t..h#....'
[2026-06-10 22:29:43] channel BS frame #781: body_len=13 head=bf bc 58 df 23 4b 68 29 55 30 fa a4 c2 ascii='..X.#Kh)U0...'
[2026-06-10 22:29:43] channel recv len=11 entropy=3.28 bs_len=11 u16le=21314 u32le=742210 ascii='BS..g.>.w.w'
[2026-06-10 22:29:43] channel BS frame #782: body_len=7 head=67 db 3e 05 77 13 77 ascii='g.>.w.w'
[2026-06-10 22:29:43] channel recv len=32 entropy=4.75 bs_len=15 u16le=21314 u32le=1004354 ascii='BS....h..h.Wk..BS..8.X.#..w=..d.'
[2026-06-10 22:29:43] channel BS frame #783: body_len=11 head=e2 d8 68 b8 c4 68 b6 57 6b f1 1e ascii='..h..h.Wk..'
[2026-06-10 22:29:43] channel BS frame #784: body_len=13 head=38 f5 58 df 23 bd d9 77 3d dc be 64 c2 ascii='8.X.#..w=..d.'
[2026-06-10 22:29:43] channel recv len=11 entropy=3.28 bs_len=11 u16le=21314 u32le=742210 ascii='BS..g.>S...'
[2026-06-10 22:29:43] channel BS frame #785: body_len=7 head=67 db 3e 53 b5 85 cf ascii='g.>S...'
[2026-06-10 22:29:43] channel recv len=32 entropy=4.75 bs_len=15 u16le=21314 u32le=1004354 ascii='BS.....&.h.V.|)BS...]X.#.}.J"*7.'
[2026-06-10 22:29:43] channel BS frame #786: body_len=11 head=90 dc 84 26 c4 68 bc 56 da 7c 29 ascii='...&.h.V.|)'
[2026-06-10 22:29:43] channel BS frame #787: body_len=13 head=d2 5d 58 df 23 0a 7d 0f 4a 22 2a 37 b5 ascii='.]X.#.}.J"*7.'
[2026-06-10 22:29:43] channel recv len=11 entropy=3.46 bs_len=11 u16le=21314 u32le=742210 ascii='BS..g.>..yb'
[2026-06-10 22:29:43] channel BS frame #788: body_len=7 head=67 db 3e 9a a1 79 62 ascii='g.>..yb'
[2026-06-10 22:29:44] channel recv len=32 entropy=4.62 bs_len=15 u16le=21314 u32le=1004354 ascii='BS..T..&.ht..p#BS..T...#.}.J"*7.'
[2026-06-10 22:29:44] channel BS frame #789: body_len=11 head=54 07 80 26 c4 68 74 d5 8f 70 23 ascii='T..&.ht..p#'
[2026-06-10 22:29:44] channel BS frame #790: body_len=13 head=54 ad c6 df 23 0a 7d 0f 4a 22 2a 37 b5 ascii='T...#.}.J"*7.'
[2026-06-10 22:29:44] channel recv len=11 entropy=3.46 bs_len=11 u16le=21314 u32le=742210 ascii='BS..g.>....'
[2026-06-10 22:29:44] channel BS frame #791: body_len=7 head=67 db 3e 96 8a b3 c0 ascii='g.>....'
[2026-06-10 22:29:44] channel recv len=32 entropy=4.75 bs_len=15 u16le=21314 u32le=1004354 ascii='BS.....Q.h.c...BS..\'...#.}.J"*7.'
[2026-06-10 22:29:44] channel BS frame #792: body_len=11 head=ed ec 83 51 c4 68 ba 63 14 c8 db ascii='...Q.h.c...'
[2026-06-10 22:29:44] channel BS frame #793: body_len=13 head=27 e3 c6 df 23 0a 7d 0f 4a 22 2a 37 b5 ascii='\'...#.}.J"*7.'
[2026-06-10 22:29:44] channel recv len=11 entropy=3.46 bs_len=11 u16le=21314 u32le=742210 ascii='BS..g.>.aW.'
[2026-06-10 22:29:44] channel BS frame #794: body_len=7 head=67 db 3e 83 61 57 1d ascii='g.>.aW.'
[2026-06-10 22:29:44] channel recv len=32 entropy=4.60 bs_len=15 u16le=21314 u32le=1004354 ascii='BS.....Q.h%.bWWBS..qW..#.}.J"*7.'
[2026-06-10 22:29:44] channel BS frame #795: body_len=11 head=80 ec 83 51 c4 68 25 b6 62 57 57 ascii='...Q.h%.bWW'
[2026-06-10 22:29:44] channel BS frame #796: body_len=13 head=71 57 b1 df 23 0a 7d 0f 4a 22 2a 37 b5 ascii='qW..#.}.J"*7.'
[2026-06-10 22:29:44] channel recv len=11 entropy=3.46 bs_len=11 u16le=21314 u32le=742210 ascii='BS..g.>.h.c'
[2026-06-10 22:29:44] channel BS frame #797: body_len=7 head=67 db 3e 05 68 a7 63 ascii='g.>.h.c'
[2026-06-10 22:29:44] channel recv len=32 entropy=4.62 bs_len=15 u16le=21314 u32le=1004354 ascii='BS..n.a5.h].n.UBS..d!5.#.}.J"*7.'
[2026-06-10 22:29:44] channel BS frame #798: body_len=11 head=6e 83 61 35 c4 68 5d af 6e 9f 55 ascii='n.a5.h].n.U'
[2026-06-10 22:29:44] channel BS frame #799: body_len=13 head=64 21 35 df 23 0a 7d 0f 4a 22 2a 37 b5 ascii='d!5.#.}.J"*7.'
[2026-06-10 22:29:44] channel recv len=11 entropy=3.46 bs_len=11 u16le=21314 u32le=742210 ascii="BS..g.> '.."
[2026-06-10 22:29:44] channel BS frame #800: body_len=7 head=67 db 3e 20 27 02 f3 ascii="g.> '.."
[2026-06-10 22:29:44] channel recv len=32 entropy=4.69 bs_len=15 u16le=21314 u32le=1004354 ascii='BS..w.4..h..1-.BS......#.}.J"*7.'
[2026-06-10 22:29:44] channel BS frame #801: body_len=11 head=77 cd 34 fa c4 68 d3 8c 31 2d df ascii='w.4..h..1-.'
[2026-06-10 22:29:44] channel BS frame #802: body_len=13 head=ce e0 1a df 23 0a 7d 0f 4a 22 2a 37 b5 ascii='....#.}.J"*7.'
[2026-06-10 22:29:44] channel recv len=11 entropy=3.46 bs_len=11 u16le=21314 u32le=742210 ascii='BS..g.>4Y..'
[2026-06-10 22:29:44] channel BS frame #803: body_len=7 head=67 db 3e 34 59 c7 19 ascii='g.>4Y..'
[2026-06-10 22:29:44] channel recv len=32 entropy=4.60 bs_len=15 u16le=21314 u32le=1004354 ascii='BS...`r..h7..S.BS......#.}.J"*7.'
[2026-06-10 22:29:44] channel BS frame #804: body_len=11 head=88 60 72 8d c4 68 37 ed 13 53 bc ascii='.`r..h7..S.'
[2026-06-10 22:29:44] channel BS frame #805: body_len=13 head=a3 e7 1a df 23 0a 7d 0f 4a 22 2a 37 b5 ascii='....#.}.J"*7.'
[2026-06-10 22:29:44] channel recv len=11 entropy=3.46 bs_len=11 u16le=21314 u32le=742210 ascii='BS..g.>...)'
[2026-06-10 22:29:44] channel BS frame #806: body_len=7 head=67 db 3e dc 12 1f 29 ascii='g.>...)'
[2026-06-10 22:29:44] channel recv len=5 entropy=2.32 bs_len=5 u16le=21314 u32le=348994 ascii='BS...'
[2026-06-10 22:29:44] channel BS frame #807: body_len=1 head=bf ascii='.'
[2026-06-10 22:29:44] channel replay observed client frame #807; server frames sent=274
[2026-06-10 22:29:44] channel recv len=32 entropy=4.60 bs_len=15 u16le=21314 u32le=1004354 ascii='BS.._+...h.%..9BS...S..#.}.J"*7.'
[2026-06-10 22:29:44] channel BS frame #808: body_len=11 head=5f 2b 12 aa c4 68 17 25 cf 0a 39 ascii='_+...h.%..9'
[2026-06-10 22:29:44] channel BS frame #809: body_len=13 head=a8 53 1a df 23 0a 7d 0f 4a 22 2a 37 b5 ascii='.S..#.}.J"*7.'
[2026-06-10 22:29:44] channel recv len=11 entropy=3.46 bs_len=11 u16le=21314 u32le=742210 ascii='BS..g.>.o..'
[2026-06-10 22:29:44] channel BS frame #810: body_len=7 head=67 db 3e c8 6f de 18 ascii='g.>.o..'
[2026-06-10 22:29:44] channel recv len=32 entropy=4.62 bs_len=15 u16le=21314 u32le=1004354 ascii='BS..;.#..hw}.i.BS...o..#.}.J"*7.'
[2026-06-10 22:29:44] channel BS frame #811: body_len=11 head=3b c9 23 8d c4 68 77 7d 8a 69 90 ascii=';.#..hw}.i.'
[2026-06-10 22:29:44] channel BS frame #812: body_len=13 head=ab 6f 1a df 23 0a 7d 0f 4a 22 2a 37 b5 ascii='.o..#.}.J"*7.'
[2026-06-10 22:29:45] channel recv len=32 entropy=4.69 bs_len=15 u16le=21314 u32le=1004354 ascii='BS..hk.Y.h.<..oBS......#.}.J"*7.'
[2026-06-10 22:29:45] channel BS frame #813: body_len=11 head=68 6b 7f 59 c4 68 13 3c 08 dd 6f ascii='hk.Y.h.<..o'
[2026-06-10 22:29:45] channel BS frame #814: body_len=13 head=a1 ca 1a df 23 0a 7d 0f 4a 22 2a 37 b5 ascii='....#.}.J"*7.'
[2026-06-10 22:29:45] channel recv len=32 entropy=4.60 bs_len=15 u16le=21314 u32le=1004354 ascii='BS..hk.Y.h....BBS......#.}.J"*7.'
[2026-06-10 22:29:45] channel BS frame #815: body_len=11 head=68 6b 7f 59 c4 68 15 09 98 9d 42 ascii='hk.Y.h....B'
[2026-06-10 22:29:45] channel BS frame #816: body_len=13 head=12 9c 1a df 23 0a 7d 0f 4a 22 2a 37 b5 ascii='....#.}.J"*7.'
[2026-06-10 22:29:45] channel recv len=32 entropy=4.54 bs_len=15 u16le=21314 u32le=1004354 ascii='BS..hk.Y.h.tZ..BS...h..#!k..Q4&.'
[2026-06-10 22:29:45] channel BS frame #817: body_len=11 head=68 6b 7f 59 c4 68 01 74 5a 16 ed ascii='hk.Y.h.tZ..'
[2026-06-10 22:29:45] channel BS frame #818: body_len=13 head=c6 68 1a df 23 21 6b c6 0e 51 34 26 b1 ascii='.h..#!k..Q4&.'
[2026-06-10 22:29:45] channel recv len=32 entropy=4.69 bs_len=15 u16le=21314 u32le=1004354 ascii='BS..hk.Y.h..j..BS..)*m.#.}.....X'
[2026-06-10 22:29:45] channel BS frame #819: body_len=11 head=68 6b 7f 59 c4 68 0e e5 6a dd b7 ascii='hk.Y.h..j..'
[2026-06-10 22:29:45] channel BS frame #820: body_len=13 head=29 2a 6d df 23 0a 7d 0f ca 02 a9 8f 58 ascii=')*m.#.}.....X'
[2026-06-10 22:29:45] channel recv len=33 entropy=4.05 bs_len=13 u16le=21314 u32le=873282 ascii='BS..w...z.#N,BS.....Sz.#N,BS....6'
[2026-06-10 22:29:45] channel BS frame #821: body_len=9 head=77 9f e4 cb 7a f6 23 4e 2c ascii='w...z.#N,'
[2026-06-10 22:29:45] channel BS frame #822: body_len=9 head=81 bc 00 53 7a f6 23 4e 2c ascii='...Sz.#N,'
[2026-06-10 22:29:45] channel BS frame #823: body_len=3 head=86 18 36 ascii='..6'
[2026-06-10 22:29:45] channel recv len=11 entropy=3.46 bs_len=11 u16le=21314 u32le=742210 ascii='BS..o...(\\.'
[2026-06-10 22:29:45] channel BS frame #824: body_len=7 head=6f ef a0 ed 28 5c dd ascii='o...(\\.'
[2026-06-10 22:29:46] channel recv len=11 entropy=3.46 bs_len=11 u16le=21314 u32le=742210 ascii='BS...q.9(`Z'
[2026-06-10 22:29:46] channel BS frame #825: body_len=7 head=8b 71 e0 39 28 60 5a ascii='.q.9(`Z'
[2026-06-10 22:29:47] channel recv len=9 entropy=3.17 bs_len=9 u16le=21314 u32le=611138 ascii='BS.......'
[2026-06-10 22:29:47] channel BS frame #826: body_len=5 head=10 e2 d1 f9 89 ascii='.....'
[2026-06-10 22:29:47] channel recv len=32 entropy=4.73 bs_len=15 u16le=21314 u32le=1004354 ascii='BS...k.Y.h.Se..BS..`u......Z..m.'
[2026-06-10 22:29:47] channel BS frame #827: body_len=11 head=f6 6b 7f 59 c4 68 81 53 65 cf ff ascii='.k.Y.h.Se..'
[2026-06-10 22:29:47] channel BS frame #828: body_len=13 head=60 75 80 8a 8b b4 98 c3 5a ca be 6d c6 ascii='`u......Z..m.'
[2026-06-10 22:29:47] channel recv len=32 entropy=4.56 bs_len=15 u16le=21314 u32le=1004354 ascii="BS..hk.Y.h.6.?.BS..k|..'..a..6.."
[2026-06-10 22:29:47] channel BS frame #829: body_len=11 head=68 6b 7f 59 c4 68 de 36 12 3f ed ascii='hk.Y.h.6.?.'
[2026-06-10 22:29:47] channel BS frame #830: body_len=13 head=6b 7c bb bb 27 86 c2 61 9d db 36 d3 b1 ascii="k|..'..a..6.."
[2026-06-10 22:29:47] channel recv len=32 entropy=4.56 bs_len=15 u16le=21314 u32le=1004354 ascii='BS..hk.Y.h.L.X&BS...-...aa.u._f/'
[2026-06-10 22:29:47] channel BS frame #831: body_len=11 head=68 6b 7f 59 c4 68 c4 4c 1f 58 26 ascii='hk.Y.h.L.X&'
[2026-06-10 22:29:47] channel BS frame #832: body_len=13 head=bb 2d 05 94 09 61 61 0a 75 09 5f 66 2f ascii='.-...aa.u._f/'
[2026-06-10 22:29:47] channel recv len=32 entropy=4.62 bs_len=15 u16le=21314 u32le=1004354 ascii='BS..hk.Y.h.....BS...,.0{1f..}k..'
[2026-06-10 22:29:47] channel BS frame #833: body_len=11 head=68 6b 7f 59 c4 68 06 d0 b9 bd a7 ascii='hk.Y.h.....'
[2026-06-10 22:29:47] channel BS frame #834: body_len=13 head=d1 2c a9 30 7b 31 66 b5 d0 7d 6b ab c5 ascii='.,.0{1f..}k..'
[2026-06-10 22:29:47] channel recv len=5 entropy=2.32 bs_len=5 u16le=21314 u32le=348994 ascii='BS...'
[2026-06-10 22:29:47] channel BS frame #835: body_len=1 head=12 ascii='.'
[2026-06-10 22:29:47] channel replay observed client frame #835; server frames sent=284
[2026-06-10 22:29:47] channel recv len=32 entropy=4.75 bs_len=15 u16le=21314 u32le=1004354 ascii='BS.. ....h..d.GBS..+o.........7.'
[2026-06-10 22:29:47] channel BS frame #836: body_len=11 head=20 1a c6 aa c4 68 a9 ae 64 f1 47 ascii=' ....h..d.G'
[2026-06-10 22:29:47] channel BS frame #837: body_len=13 head=2b 6f 80 18 e2 ce e2 b6 fb 8f a7 37 c2 ascii='+o.........7.'
[2026-06-10 22:29:47] channel recv len=32 entropy=4.69 bs_len=15 u16le=21314 u32le=1004354 ascii='BS..hk.Y.h.....BS..Gv...2.*.....'
[2026-06-10 22:29:47] channel BS frame #838: body_len=11 head=68 6b 7f 59 c4 68 8d 7f 98 a4 e3 ascii='hk.Y.h.....'
[2026-06-10 22:29:47] channel BS frame #839: body_len=13 head=47 76 ec d0 1d 32 d6 2a d5 09 ea ce c6 ascii='Gv...2.*.....'
[2026-06-10 22:29:48] channel recv len=32 entropy=4.66 bs_len=15 u16le=21314 u32le=1004354 ascii='BS..hk.Y.h..mOGBS....>..X?...9./'
[2026-06-10 22:29:48] channel BS frame #840: body_len=11 head=68 6b 7f 59 c4 68 eb 12 6d 4f 47 ascii='hk.Y.h..mOG'
[2026-06-10 22:29:48] channel BS frame #841: body_len=13 head=99 e2 3e dc 00 58 3f f9 a5 d6 39 de 2f ascii='..>..X?...9./'
[2026-06-10 22:29:48] channel recv len=32 entropy=4.69 bs_len=15 u16le=21314 u32le=1004354 ascii='BS..hk.Y.h%.5..BS.......+.M..../'
[2026-06-10 22:29:48] channel BS frame #842: body_len=11 head=68 6b 7f 59 c4 68 25 a5 35 bc 1d ascii='hk.Y.h%.5..'
[2026-06-10 22:29:48] channel BS frame #843: body_len=13 head=9c 81 a4 da 87 2b ed 4d cb 0e 0c 7f 2f ascii='.....+.M..../'
[2026-06-10 22:29:48] channel recv len=32 entropy=4.69 bs_len=15 u16le=21314 u32le=1004354 ascii='BS..hk.Y.huQq<.BS..Axm.#U.x..../'
[2026-06-10 22:29:48] channel BS frame #844: body_len=11 head=68 6b 7f 59 c4 68 75 51 71 3c 92 ascii='hk.Y.huQq<.'
[2026-06-10 22:29:48] channel BS frame #845: body_len=13 head=41 78 6d df 23 55 bc 78 d6 ff f9 f3 2f ascii='Axm.#U.x..../'
[2026-06-10 22:29:48] client->game 90 bytes
[2026-06-10 22:29:48] game recv len=90 entropy=6.14 bs_len=90 u16le=21314 u16be=16979 u32le=5919554 u32be=1112758784 ascii='BSZ......;.6n.EP..D.......P}Y..8!$s.G.......R&.....g."..)h..b..8..[.z..g..r"Zt.4...'
[2026-06-10 22:29:48] game client plain #18: type=0x1e body_len=86 head=1e 51 00 00 00 01 5f 08 ff 00 00 04 a4 91 a2 45 field32=81 payload_len=81 field32b=4278738689
[2026-06-10 22:29:48] game replay observed 1 complete client BS frame(s); total=18
[2026-06-10 22:29:48] channel recv len=32 entropy=4.62 bs_len=15 u16le=21314 u32le=1004354 ascii="BS..hk.Y.hm..X.BS..D'm.#l....DV/"
[2026-06-10 22:29:48] channel BS frame #846: body_len=11 head=68 6b 7f 59 c4 68 6d 07 d0 58 09 ascii='hk.Y.hm..X.'
[2026-06-10 22:29:48] channel BS frame #847: body_len=13 head=44 27 6d df 23 6c ca ec e4 a8 44 56 2f ascii="D'm.#l....DV/"
[2026-06-10 22:29:49] channel recv len=11 entropy=3.28 bs_len=11 u16le=21314 u32le=742210 ascii='BS..g.>.g.O'
[2026-06-10 22:29:49] channel BS frame #848: body_len=7 head=67 db 3e f1 67 f5 4f ascii='g.>.g.O'
[2026-06-10 22:29:49] channel recv len=11 entropy=3.46 bs_len=11 u16le=21314 u32le=742210 ascii='BS....-%g.2'
[2026-06-10 22:29:49] channel BS frame #849: body_len=7 head=99 a6 2d 25 67 e1 32 ascii='..-%g.2'
[2026-06-10 22:29:49] channel recv len=11 entropy=3.46 bs_len=11 u16le=21314 u32le=742210 ascii='BS..M|7%g..'
[2026-06-10 22:29:49] channel BS frame #850: body_len=7 head=4d 7c 37 25 67 9e 9f ascii='M|7%g..'
[2026-06-10 22:29:49] channel recv len=11 entropy=3.46 bs_len=11 u16le=21314 u32le=742210 ascii='BS..!.....Z'
[2026-06-10 22:29:49] channel BS frame #851: body_len=7 head=21 c6 f7 ef c8 bd 5a ascii='!.....Z'
[2026-06-10 22:29:49] channel recv len=32 entropy=3.91 bs_len=6 u16le=21314 u32le=414530 ascii='BS..T.BS..{.*.z.#N,BS.....Sz.#N,'
[2026-06-10 22:29:49] channel BS frame #852: body_len=2 head=54 cf ascii='T.'
[2026-06-10 22:29:49] channel BS frame #853: body_len=9 head=7b e9 2a bc 7a f6 23 4e 2c ascii='{.*.z.#N,'
[2026-06-10 22:29:49] channel BS frame #854: body_len=9 head=81 bc 00 53 7a f6 23 4e 2c ascii='...Sz.#N,'
[2026-06-10 22:29:49] channel recv len=11 entropy=3.46 bs_len=11 u16le=21314 u32le=742210 ascii='BS.........'
[2026-06-10 22:29:49] channel BS frame #855: body_len=7 head=91 f8 da a3 c8 81 dd ascii='.......'
[2026-06-10 22:29:50] channel recv len=49 entropy=4.57 bs_len=15 u16le=21314 u32le=1004354 ascii="BS..3L...h2d..hBS...'L.S...../1.BS..u...S...../1."
[2026-06-10 22:29:50] channel BS frame #856: body_len=11 head=33 4c ea 13 c4 68 32 64 13 bc 68 ascii='3L...h2d..h'
[2026-06-10 22:29:50] channel BS frame #857: body_len=13 head=8c 27 4c f7 53 f6 cd a0 d0 cd 2f 31 b1 ascii=".'L.S...../1."
[2026-06-10 22:29:50] channel BS frame #858: body_len=13 head=75 e3 06 f7 53 f6 cd a0 d0 cd 2f 31 b1 ascii='u...S...../1.'
[2026-06-10 22:29:50] channel recv len=5 entropy=2.32 bs_len=5 u16le=21314 u32le=348994 ascii='BS...'
[2026-06-10 22:29:50] channel BS frame #859: body_len=1 head=12 ascii='.'
[2026-06-10 22:29:50] channel replay observed client frame #859; server frames sent=294
[2026-06-10 22:29:51] channel recv len=49 entropy=4.72 bs_len=15 u16le=21314 u32le=1004354 ascii='BS.. ....h.J...BS..+.L.S.&..6.A.BS..u...S.&..6.A.'
[2026-06-10 22:29:51] channel BS frame #860: body_len=11 head=20 1a c6 aa c4 68 85 4a d9 ab a2 ascii=' ....h.J...'
[2026-06-10 22:29:51] channel BS frame #861: body_len=13 head=2b 97 4c f7 53 a2 26 05 fc 36 ac 41 b1 ascii='+.L.S.&..6.A.'
[2026-06-10 22:29:51] channel BS frame #862: body_len=13 head=75 e3 06 f7 53 a2 26 05 fc 36 ac 41 b1 ascii='u...S.&..6.A.'
[2026-06-10 22:29:51] channel recv len=11 entropy=3.46 bs_len=11 u16le=21314 u32le=742210 ascii='BS..g.>;.cv'
[2026-06-10 22:29:51] channel BS frame #863: body_len=7 head=67 db 3e 3b c8 63 76 ascii='g.>;.cv'
[2026-06-10 22:29:51] channel recv len=49 entropy=4.68 bs_len=15 u16le=21314 u32le=1004354 ascii='BS..=..>.h.q|Q.BS...Qa.SF0\\..h..BS..u...SF0\\..h..'
[2026-06-10 22:29:51] channel BS frame #864: body_len=11 head=3d a7 a6 3e c4 68 fb 71 7c 51 d2 ascii='=..>.h.q|Q.'
[2026-06-10 22:29:51] channel BS frame #865: body_len=13 head=a5 51 61 f7 53 46 30 5c 07 12 68 e1 b1 ascii='.Qa.SF0\\..h..'
[2026-06-10 22:29:51] channel BS frame #866: body_len=13 head=75 e3 06 f7 53 46 30 5c 07 12 68 e1 b1 ascii='u...SF0\\..h..'
[2026-06-10 22:29:51] channel recv len=11 entropy=3.46 bs_len=11 u16le=21314 u32le=742210 ascii='BS..g.>.}..'
[2026-06-10 22:29:51] channel BS frame #867: body_len=7 head=67 db 3e 0f 7d 8e 02 ascii='g.>.}..'
[2026-06-10 22:29:51] channel recv len=11 entropy=3.46 bs_len=11 u16le=21314 u32le=742210 ascii='BS...|..<.h'
[2026-06-10 22:29:51] channel BS frame #868: body_len=7 head=bb 7c 83 0c 3c 1f 68 ascii='.|..<.h'
[2026-06-10 22:29:52] channel recv len=49 entropy=4.69 bs_len=15 u16le=21314 u32le=1004354 ascii='BS...x.>.h.h.b.BS....a.S....]...BS..u...S....]...'
[2026-06-10 22:29:52] channel BS frame #869: body_len=11 head=0a 78 e3 3e c4 68 ff 68 99 62 c5 ascii='.x.>.h.h.b.'
[2026-06-10 22:29:52] channel BS frame #870: body_len=13 head=cc 1d 61 f7 53 ba 97 a3 10 5d f2 91 b1 ascii='..a.S....]...'
[2026-06-10 22:29:52] channel BS frame #871: body_len=13 head=75 e3 06 f7 53 ba 97 a3 10 5d f2 91 b1 ascii='u...S....]...'
[2026-06-10 22:29:52] channel recv len=11 entropy=3.28 bs_len=11 u16le=21314 u32le=742210 ascii='BS..g.>.g..'
[2026-06-10 22:29:52] channel BS frame #872: body_len=7 head=67 db 3e f1 67 ef cd ascii='g.>.g..'
[2026-06-10 22:29:52] channel recv len=11 entropy=3.46 bs_len=11 u16le=21314 u32le=742210 ascii='BS..N...h.8'
[2026-06-10 22:29:52] channel BS frame #873: body_len=7 head=4e be b6 af 68 9b 38 ascii='N...h.8'
[2026-06-10 22:29:52] channel recv len=11 entropy=3.46 bs_len=11 u16le=21314 u32le=742210 ascii='BS..9.Mk...'
[2026-06-10 22:29:52] channel BS frame #874: body_len=7 head=39 f4 4d 6b c0 92 1e ascii='9.Mk...'
[2026-06-10 22:29:52] channel recv len=11 entropy=3.28 bs_len=11 u16le=21314 u32le=742210 ascii='BS.......m.'
[2026-06-10 22:29:52] channel BS frame #875: body_len=7 head=04 bf c6 e4 04 6d d7 ascii='.....m.'
[2026-06-10 22:29:52] channel recv len=11 entropy=3.46 bs_len=11 u16le=21314 u32le=742210 ascii='BS..p.....b'
[2026-06-10 22:29:52] channel BS frame #876: body_len=7 head=70 d7 9e cc fe c5 62 ascii='p.....b'
[2026-06-10 22:29:52] channel recv len=49 entropy=4.68 bs_len=15 u16le=21314 u32le=1004354 ascii='BS..Jg...h..e..BS....L.S...(.B.\\BS..u...S...(.B.\\'
[2026-06-10 22:29:52] channel BS frame #877: body_len=11 head=4a 67 df 13 c4 68 c2 7f 65 ff 04 ascii='Jg...h..e..'
[2026-06-10 22:29:52] channel BS frame #878: body_len=13 head=18 82 4c f7 53 b3 c1 ce 28 a1 42 f9 5c ascii='..L.S...(.B.\\'
[2026-06-10 22:29:52] channel BS frame #879: body_len=13 head=75 e3 06 f7 53 b3 c1 ce 28 a1 42 f9 5c ascii='u...S...(.B.\\'
[2026-06-10 22:29:52] channel recv len=11 entropy=3.46 bs_len=11 u16le=21314 u32le=742210 ascii='BS..g.>.!..'
[2026-06-10 22:29:52] channel BS frame #880: body_len=7 head=67 db 3e 95 21 80 83 ascii='g.>.!..'
[2026-06-10 22:29:53] channel recv len=11 entropy=3.46 bs_len=11 u16le=21314 u32le=742210 ascii='BS...4.9/uv'
[2026-06-10 22:29:53] channel BS frame #881: body_len=7 head=97 34 e4 39 2f 75 76 ascii='.4.9/uv'
[2026-06-10 22:29:53] channel recv len=11 entropy=3.46 bs_len=11 u16le=21314 u32le=742210 ascii='BS.....z...'
[2026-06-10 22:29:53] channel BS frame #882: body_len=7 head=85 82 ed 7a 05 83 e9 ascii='...z...'
[2026-06-10 22:29:53] channel recv len=11 entropy=3.28 bs_len=11 u16le=21314 u32le=742210 ascii='BS...~....7'
[2026-06-10 22:29:53] channel BS frame #883: body_len=7 head=8e 7e c0 10 00 cd 37 ascii='.~....7'
[2026-06-10 22:29:53] channel recv len=49 entropy=4.78 bs_len=15 u16le=21314 u32le=1004354 ascii='BS.......h,..*.BS....a.Ss7...>..BS..u...Ss7...>..'
[2026-06-10 22:29:53] channel BS frame #884: body_len=11 head=c2 10 df 13 c4 68 2c 01 b7 2a 93 ascii='.....h,..*.'
[2026-06-10 22:29:53] channel BS frame #885: body_len=13 head=ea fa 61 f7 53 73 37 8b cc e4 3e 94 b1 ascii='..a.Ss7...>..'
[2026-06-10 22:29:53] channel BS frame #886: body_len=13 head=75 e3 06 f7 53 73 37 8b cc e4 3e 94 b1 ascii='u...Ss7...>..'
[2026-06-10 22:29:53] channel recv len=7 entropy=2.81 bs_len=7 u16le=21314 u32le=480066 ascii='BS..p;.'
[2026-06-10 22:29:53] channel BS frame #887: body_len=3 head=70 3b d2 ascii='p;.'
[2026-06-10 22:29:53] channel recv len=11 entropy=3.28 bs_len=11 u16le=21314 u32le=742210 ascii='BS.....Z..J'
[2026-06-10 22:29:53] channel BS frame #888: body_len=7 head=f7 ef a0 5a 00 d9 4a ascii='...Z..J'
[2026-06-10 22:29:53] channel recv len=5 entropy=2.32 bs_len=5 u16le=21314 u32le=348994 ascii='BS..l'
[2026-06-10 22:29:53] channel BS frame #889: body_len=1 head=6c ascii='l'
[2026-06-10 22:29:53] channel replay observed client frame #889; server frames sent=298
[2026-06-10 22:29:53] channel recv len=11 entropy=3.46 bs_len=11 u16le=21314 u32le=742210 ascii='BS........e'
[2026-06-10 22:29:53] channel BS frame #890: body_len=7 head=8e 10 cd 94 11 b0 65 ascii='......e'
[2026-06-10 22:29:54] channel recv len=9 entropy=3.17 bs_len=9 u16le=21314 u32le=611138 ascii='BS..r..g.'
[2026-06-10 22:29:54] channel BS frame #891: body_len=5 head=72 82 d1 67 89 ascii='r..g.'
[2026-06-10 22:29:54] channel recv len=11 entropy=3.46 bs_len=11 u16le=21314 u32le=742210 ascii='BS....>...Y'
[2026-06-10 22:29:54] channel BS frame #892: body_len=7 head=f9 db 3e 0c c1 0f 59 ascii='..>...Y'
[2026-06-10 22:29:54] channel recv len=11 entropy=3.28 bs_len=11 u16le=21314 u32le=742210 ascii='BS..W.SG".]'
[2026-06-10 22:29:54] channel BS frame #893: body_len=7 head=57 f5 53 47 22 8a 5d ascii='W.SG".]'
[2026-06-10 22:29:54] channel recv len=49 entropy=4.57 bs_len=15 u16le=21314 u32le=1004354 ascii='BS..0..>.h.;...BS...+..SS......\\BS..u...SS......\\'
[2026-06-10 22:29:54] channel BS frame #894: body_len=11 head=30 93 cb 3e c4 68 1d 3b 0a c2 ae ascii='0..>.h.;...'
[2026-06-10 22:29:54] channel BS frame #895: body_len=13 head=af 2b ff f7 53 53 de d7 d6 d7 91 f9 5c ascii='.+..SS......\\'
[2026-06-10 22:29:54] channel BS frame #896: body_len=13 head=75 e3 06 f7 53 53 de d7 d6 d7 91 f9 5c ascii='u...SS......\\'
[2026-06-10 22:29:54] channel recv len=11 entropy=3.46 bs_len=11 u16le=21314 u32le=742210 ascii='BS..g.>..J.'
[2026-06-10 22:29:54] channel BS frame #897: body_len=7 head=67 db 3e c9 ff 4a 90 ascii='g.>..J.'
[2026-06-10 22:29:55] channel recv len=49 entropy=4.72 bs_len=15 u16le=21314 u32le=1004354 ascii='BS...R.>.hG.CO.BS..t.L.SQL...d.\\BS..u...SQL...d.\\'
[2026-06-10 22:29:55] channel BS frame #898: body_len=11 head=a2 52 c2 3e c4 68 47 d0 43 4f f8 ascii='.R.>.hG.CO.'
[2026-06-10 22:29:55] channel BS frame #899: body_len=13 head=74 9e 4c f7 53 51 4c ca f9 87 64 da 5c ascii='t.L.SQL...d.\\'
[2026-06-10 22:29:55] channel BS frame #900: body_len=13 head=75 e3 06 f7 53 51 4c ca f9 87 64 da 5c ascii='u...SQL...d.\\'
[2026-06-10 22:29:55] channel recv len=49 entropy=4.65 bs_len=15 u16le=21314 u32le=1004354 ascii='BS..hk.Y.h.A.m.BS....L.S......3\\BS..u...S......3\\'
[2026-06-10 22:29:55] channel BS frame #901: body_len=11 head=68 6b 7f 59 c4 68 07 41 f5 6d d8 ascii='hk.Y.h.A.m.'
[2026-06-10 22:29:55] channel BS frame #902: body_len=13 head=b6 a4 4c f7 53 f9 e4 f7 d1 f1 b9 33 5c ascii='..L.S......3\\'
[2026-06-10 22:29:55] channel BS frame #903: body_len=13 head=75 e3 06 f7 53 f9 e4 f7 d1 f1 b9 33 5c ascii='u...S......3\\'
[2026-06-10 22:29:55] channel recv len=49 entropy=4.65 bs_len=15 u16le=21314 u32le=1004354 ascii='BS..hk.Y.h..[&.BS...pa.S.....?.\\BS..u...S.....?.\\'
[2026-06-10 22:29:55] channel BS frame #904: body_len=11 head=68 6b 7f 59 c4 68 1f 16 5b 26 e2 ascii='hk.Y.h..[&.'
[2026-06-10 22:29:55] channel BS frame #905: body_len=13 head=f8 70 61 f7 53 f6 b8 e1 e5 11 3f da 5c ascii='.pa.S.....?.\\'
[2026-06-10 22:29:55] channel BS frame #906: body_len=13 head=75 e3 06 f7 53 f6 b8 e1 e5 11 3f da 5c ascii='u...S.....?.\\'
[2026-06-10 22:29:56] channel recv len=11 entropy=3.46 bs_len=11 u16le=21314 u32le=742210 ascii='BS..g.>...M'
[2026-06-10 22:29:56] channel BS frame #907: body_len=7 head=67 db 3e dc 14 ae 4d ascii='g.>...M'
[2026-06-10 22:29:56] channel recv len=49 entropy=4.72 bs_len=15 u16le=21314 u32le=1004354 ascii='BS...R.>.h.....BS..-.a.S.......\\BS..u...S.......\\'
[2026-06-10 22:29:56] channel BS frame #908: body_len=11 head=cf 52 c2 3e c4 68 1f 16 18 0c f2 ascii='.R.>.h.....'
[2026-06-10 22:29:56] channel BS frame #909: body_len=13 head=2d 9f 61 f7 53 b8 9f 04 bd 15 9e aa 5c ascii='-.a.S.......\\'
[2026-06-10 22:29:56] channel BS frame #910: body_len=13 head=75 e3 06 f7 53 b8 9f 04 bd 15 9e aa 5c ascii='u...S.......\\'
[2026-06-10 22:29:56] channel recv len=11 entropy=3.46 bs_len=11 u16le=21314 u32le=742210 ascii='BS..g.>....'
[2026-06-10 22:29:56] channel BS frame #911: body_len=7 head=67 db 3e 0c c1 ea ae ascii='g.>....'
[2026-06-10 22:29:56] channel recv len=11 entropy=3.28 bs_len=11 u16le=21314 u32le=742210 ascii='BS..A....R.'
[2026-06-10 22:29:56] channel BS frame #912: body_len=7 head=41 95 83 00 11 52 ce ascii='A....R.'
[2026-06-10 22:29:56] channel recv len=11 entropy=3.46 bs_len=11 u16le=21314 u32le=742210 ascii='BS......:.x'
[2026-06-10 22:29:56] channel BS frame #913: body_len=7 head=9b 95 83 0c 3a 1e 78 ascii='....:.x'
[2026-06-10 22:29:56] channel recv len=49 entropy=4.61 bs_len=15 u16le=21314 u32le=1004354 ascii='BS...%.>.hh.L..BS...VL.S.C4.e..\\BS..u...S.C4.e..\\'
[2026-06-10 22:29:56] channel BS frame #914: body_len=11 head=9d 25 c2 3e c4 68 68 89 4c 1e 02 ascii='.%.>.hh.L..'
[2026-06-10 22:29:56] channel BS frame #915: body_len=13 head=a3 56 4c f7 53 f7 43 34 ff 65 0c da 5c ascii='.VL.S.C4.e..\\'
[2026-06-10 22:29:56] channel BS frame #916: body_len=13 head=75 e3 06 f7 53 f7 43 34 ff 65 0c da 5c ascii='u...S.C4.e..\\'
[2026-06-10 22:29:56] channel recv len=11 entropy=3.28 bs_len=11 u16le=21314 u32le=742210 ascii='BS..g.>Z...'
[2026-06-10 22:29:56] channel BS frame #917: body_len=7 head=67 db 3e 5a 00 1e a6 ascii='g.>Z...'
[2026-06-10 22:29:56] channel recv len=5 entropy=2.32 bs_len=5 u16le=21314 u32le=348994 ascii='BS...'
[2026-06-10 22:29:56] channel BS frame #918: body_len=1 head=b6 ascii='.'
[2026-06-10 22:29:56] channel replay observed client frame #918; server frames sent=306
[2026-06-10 22:29:56] channel recv len=11 entropy=3.46 bs_len=11 u16le=21314 u32le=742210 ascii='BS..a..AJtw'
[2026-06-10 22:29:56] channel BS frame #919: body_len=7 head=61 17 e0 41 4a 74 77 ascii='a..AJtw'
[2026-06-10 22:29:57] channel recv len=49 entropy=4.72 bs_len=15 u16le=21314 u32le=1004354 ascii='BS..b%.>.h...lQBS...4a.S...:...\\BS..u...S...:...\\'
[2026-06-10 22:29:57] channel BS frame #920: body_len=11 head=62 25 c2 3e c4 68 1c ad f0 6c 51 ascii='b%.>.h...lQ'
[2026-06-10 22:29:57] channel BS frame #921: body_len=13 head=8b 34 61 f7 53 c8 ef cb 3a db 8b da 5c ascii='.4a.S...:...\\'
[2026-06-10 22:29:57] channel BS frame #922: body_len=13 head=75 e3 06 f7 53 c8 ef cb 3a db 8b da 5c ascii='u...S...:...\\'
[2026-06-10 22:29:57] channel recv len=7 entropy=2.81 bs_len=7 u16le=21314 u32le=480066 ascii='BS..p;.'
[2026-06-10 22:29:57] channel BS frame #923: body_len=3 head=70 3b d2 ascii='p;.'
[2026-06-10 22:29:57] channel recv len=11 entropy=3.46 bs_len=11 u16le=21314 u32le=742210 ascii='BS....../8.'
[2026-06-10 22:29:57] channel BS frame #924: body_len=7 head=f7 ef a0 ed 2f 38 a3 ascii='..../8.'
[2026-06-10 22:29:57] channel recv len=11 entropy=3.46 bs_len=11 u16le=21314 u32le=742210 ascii='BS.....G%).'
[2026-06-10 22:29:57] channel BS frame #925: body_len=7 head=96 95 83 47 25 29 c8 ascii='...G%).'
[2026-06-10 22:29:58] channel recv len=11 entropy=3.46 bs_len=11 u16le=21314 u32le=742210 ascii='BS..[....8}'
[2026-06-10 22:29:58] channel BS frame #926: body_len=7 head=5b bd 8a bb 15 38 7d ascii='[....8}'
[2026-06-10 22:29:58] channel recv len=9 entropy=3.17 bs_len=9 u16le=21314 u32le=611138 ascii='BS.. i.J.'
[2026-06-10 22:29:58] channel BS frame #927: body_len=5 head=20 69 9d 4a 89 ascii=' i.J.'
[2026-06-10 22:29:58] channel recv len=49 entropy=4.78 bs_len=15 u16le=21314 u32le=1004354 ascii='BS...k.Y.hp..4.BS...dL.S.:.z.G.\\BS..u...S.:.z.G.\\'
[2026-06-10 22:29:58] channel BS frame #928: body_len=11 head=f6 6b 7f 59 c4 68 70 d9 cd 34 1e ascii='.k.Y.hp..4.'
[2026-06-10 22:29:58] channel BS frame #929: body_len=13 head=92 64 4c f7 53 c3 3a ac 7a f1 47 f9 5c ascii='.dL.S.:.z.G.\\'
[2026-06-10 22:29:58] channel BS frame #930: body_len=13 head=75 e3 06 f7 53 c3 3a ac 7a f1 47 f9 5c ascii='u...S.:.z.G.\\'
[2026-06-10 22:29:58] channel recv len=11 entropy=3.28 bs_len=11 u16le=21314 u32le=742210 ascii='BS..g.> %%.'
[2026-06-10 22:29:58] channel BS frame #931: body_len=7 head=67 db 3e 20 25 25 e3 ascii='g.> %%.'
[2026-06-10 22:29:58] channel recv len=11 entropy=3.28 bs_len=11 u16le=21314 u32le=742210 ascii='BS.......8}'
[2026-06-10 22:29:58] channel BS frame #932: body_len=7 head=17 0b 83 bb 15 38 7d ascii='.....8}'
[2026-06-10 22:29:58] channel recv len=49 entropy=4.69 bs_len=15 u16le=21314 u32le=1004354 ascii='BS...%.>.h..*..BS......S.G.W...\\BS..u...S.G.W...\\'
[2026-06-10 22:29:58] channel BS frame #933: body_len=11 head=c8 25 c2 3e c4 68 db be 2a f6 08 ascii='.%.>.h..*..'
[2026-06-10 22:29:58] channel BS frame #934: body_len=13 head=17 c3 ff f7 53 e1 47 e7 57 fc 11 b9 5c ascii='....S.G.W...\\'
[2026-06-10 22:29:58] channel BS frame #935: body_len=13 head=75 e3 06 f7 53 e1 47 e7 57 fc 11 b9 5c ascii='u...S.G.W...\\'
[2026-06-10 22:29:59] channel recv len=49 entropy=4.73 bs_len=15 u16le=21314 u32le=1004354 ascii='BS..hk.Y.h.....BS...Ka.S.P..,.D\\BS..u...S.P..,.D\\'
[2026-06-10 22:29:59] channel BS frame #936: body_len=11 head=68 6b 7f 59 c4 68 d8 04 ba de c0 ascii='hk.Y.h.....'
[2026-06-10 22:29:59] channel BS frame #937: body_len=13 head=e1 4b 61 f7 53 af 50 b1 ca 2c 9e 44 5c ascii='.Ka.S.P..,.D\\'
[2026-06-10 22:29:59] channel BS frame #938: body_len=13 head=75 e3 06 f7 53 af 50 b1 ca 2c 9e 44 5c ascii='u...S.P..,.D\\'
[2026-06-10 22:29:59] channel recv len=11 entropy=3.28 bs_len=11 u16le=21314 u32le=742210 ascii='BS..g.> %%.'
[2026-06-10 22:29:59] channel BS frame #939: body_len=7 head=67 db 3e 20 25 25 e3 ascii='g.> %%.'
[2026-06-10 22:29:59] channel recv len=49 entropy=4.69 bs_len=15 u16le=21314 u32le=1004354 ascii='BS.....>.h...O.BS......S]..gin..BS..u...S]..gin..'
[2026-06-10 22:29:59] channel BS frame #940: body_len=11 head=18 bb c2 3e c4 68 82 ee bb 4f e3 ascii='...>.h...O.'
[2026-06-10 22:29:59] channel BS frame #941: body_len=13 head=c9 9d ff f7 53 5d f6 d8 67 69 6e 86 b1 ascii='....S]..gin..'
[2026-06-10 22:29:59] channel BS frame #942: body_len=13 head=75 e3 06 f7 53 5d f6 d8 67 69 6e 86 b1 ascii='u...S]..gin..'
[2026-06-10 22:29:59] channel recv len=5 entropy=2.32 bs_len=5 u16le=21314 u32le=348994 ascii='BS...'
[2026-06-10 22:29:59] channel BS frame #943: body_len=1 head=12 ascii='.'
[2026-06-10 22:29:59] channel replay observed client frame #943; server frames sent=316
[2026-06-10 22:30:00] channel recv len=49 entropy=4.72 bs_len=15 u16le=21314 u32le=1004354 ascii='BS.. ....hG....BS..z.a.S..k.&..\\BS..u...S..k.&..\\'
[2026-06-10 22:30:00] channel BS frame #944: body_len=11 head=20 1a c6 aa c4 68 47 d6 e7 c7 b5 ascii=' ....hG....'
[2026-06-10 22:30:00] channel BS frame #945: body_len=13 head=7a 1b 61 f7 53 cf 06 6b f2 26 ae 86 5c ascii='z.a.S..k.&..\\'
[2026-06-10 22:30:00] channel BS frame #946: body_len=13 head=75 e3 06 f7 53 cf 06 6b f2 26 ae 86 5c ascii='u...S..k.&..\\'
[2026-06-10 22:30:00] channel recv len=49 entropy=4.73 bs_len=15 u16le=21314 u32le=1004354 ascii='BS..hk.Y.h.w...BS...Ka.SW....ZC\\BS..u...SW....ZC\\'
[2026-06-10 22:30:00] channel BS frame #947: body_len=11 head=68 6b 7f 59 c4 68 b4 77 97 da 84 ascii='hk.Y.h.w...'
[2026-06-10 22:30:00] channel BS frame #948: body_len=13 head=e1 4b 61 f7 53 57 92 9c 1b e7 5a 43 5c ascii='.Ka.SW....ZC\\'
[2026-06-10 22:30:00] channel BS frame #949: body_len=13 head=75 e3 06 f7 53 57 92 9c 1b e7 5a 43 5c ascii='u...SW....ZC\\'
[2026-06-10 22:30:00] channel recv len=11 entropy=3.46 bs_len=11 u16le=21314 u32le=742210 ascii='BS..g.> %).'
[2026-06-10 22:30:00] channel BS frame #950: body_len=7 head=67 db 3e 20 25 29 c8 ascii='g.> %).'
[2026-06-10 22:30:00] channel recv len=49 entropy=4.78 bs_len=15 u16le=21314 u32le=1004354 ascii='BS..T..>.h..q..BS......S...m..D\\BS..u...S...m..D\\'
[2026-06-10 22:30:00] channel BS frame #951: body_len=11 head=54 0d cb 3e c4 68 1b 09 71 b5 2e ascii='T..>.h..q..'
[2026-06-10 22:30:00] channel BS frame #952: body_len=13 head=85 05 ff f7 53 8a e4 c3 6d d3 ba 44 5c ascii='....S...m..D\\'
[2026-06-10 22:30:00] channel BS frame #953: body_len=13 head=75 e3 06 f7 53 8a e4 c3 6d d3 ba 44 5c ascii='u...S...m..D\\'
[2026-06-10 22:30:00] channel recv len=7 entropy=2.81 bs_len=7 u16le=21314 u32le=480066 ascii='BS..p;.'
[2026-06-10 22:30:00] channel BS frame #954: body_len=3 head=70 3b d2 ascii='p;.'
[2026-06-10 22:30:01] channel recv len=11 entropy=3.46 bs_len=11 u16le=21314 u32le=742210 ascii='BS.......8}'
[2026-06-10 22:30:01] channel BS frame #955: body_len=7 head=f7 ef a0 dc 15 38 7d ascii='.....8}'
[2026-06-10 22:30:01] channel recv len=9 entropy=3.17 bs_len=9 u16le=21314 u32le=611138 ascii='BS.. i.J.'
[2026-06-10 22:30:01] channel BS frame #956: body_len=5 head=20 69 9d 4a 89 ascii=' i.J.'
[2026-06-10 22:30:02] channel recv len=11 entropy=3.46 bs_len=11 u16le=21314 u32le=742210 ascii='BS....>....'
[2026-06-10 22:30:02] channel BS frame #957: body_len=7 head=f9 db 3e dc 15 0c c8 ascii='..>....'
[2026-06-10 22:30:02] channel recv len=11 entropy=3.46 bs_len=11 u16le=21314 u32le=742210 ascii='BS..3!..h..'
[2026-06-10 22:30:02] channel BS frame #958: body_len=7 head=33 21 a2 af 68 d8 12 ascii='3!..h..'
[2026-06-10 22:30:02] channel recv len=49 entropy=4.73 bs_len=15 u16le=21314 u32le=1004354 ascii='BS..&..>.h..AZ.BS......Sz...CG.\\BS..u...Sz...CG.\\'
[2026-06-10 22:30:02] channel BS frame #959: body_len=11 head=26 91 e3 3e c4 68 0e e2 41 5a d8 ascii='&..>.h..AZ.'
[2026-06-10 22:30:02] channel BS frame #960: body_len=13 head=d4 86 d2 f7 53 7a 12 a7 c7 43 47 f9 5c ascii='....Sz...CG.\\'
[2026-06-10 22:30:02] channel BS frame #961: body_len=13 head=75 e3 06 f7 53 7a 12 a7 c7 43 47 f9 5c ascii='u...Sz...CG.\\'
[2026-06-10 22:30:02] channel recv len=49 entropy=4.69 bs_len=15 u16le=21314 u32le=1004354 ascii='BS..hk.Y.hv....BS...qa.Sy.P93.C\\BS..u...Sy.P93.C\\'
[2026-06-10 22:30:02] channel BS frame #962: body_len=11 head=68 6b 7f 59 c4 68 76 ec f6 eb c4 ascii='hk.Y.hv....'
[2026-06-10 22:30:02] channel BS frame #963: body_len=13 head=ca 71 61 f7 53 79 0b 50 39 33 d8 43 5c ascii='.qa.Sy.P93.C\\'
[2026-06-10 22:30:02] channel BS frame #964: body_len=13 head=75 e3 06 f7 53 79 0b 50 39 33 d8 43 5c ascii='u...Sy.P93.C\\'
[2026-06-10 22:30:02] channel recv len=5 entropy=2.32 bs_len=5 u16le=21314 u32le=348994 ascii='BS...'
[2026-06-10 22:30:02] channel BS frame #965: body_len=1 head=12 ascii='.'
[2026-06-10 22:30:02] channel replay observed client frame #965; server frames sent=326
[2026-06-10 22:30:02] channel recv len=49 entropy=4.62 bs_len=15 u16le=21314 u32le=1004354 ascii='BS.. ....h=.To.BS..h.L.S...;E...BS..u...S...;E...'
[2026-06-10 22:30:02] channel BS frame #966: body_len=11 head=20 1a c6 aa c4 68 3d f3 54 6f e7 ascii=' ....h=.To.'
[2026-06-10 22:30:02] channel BS frame #967: body_len=13 head=68 fa 4c f7 53 0f e3 d9 3b 45 e4 a9 b1 ascii='h.L.S...;E...'
[2026-06-10 22:30:02] channel BS frame #968: body_len=13 head=75 e3 06 f7 53 0f e3 d9 3b 45 e4 a9 b1 ascii='u...S...;E...'
[2026-06-10 22:30:03] channel recv len=49 entropy=4.69 bs_len=15 u16le=21314 u32le=1004354 ascii='BS..hk.Y.h...Y[BS..s]..S..t-QR..BS..u...S..t-QR..'
[2026-06-10 22:30:03] channel BS frame #969: body_len=11 head=68 6b 7f 59 c4 68 e1 0c f4 59 5b ascii='hk.Y.h...Y['
[2026-06-10 22:30:03] channel BS frame #970: body_len=13 head=73 5d ff f7 53 04 c3 74 2d 51 52 98 b1 ascii='s]..S..t-QR..'
[2026-06-10 22:30:03] channel BS frame #971: body_len=13 head=75 e3 06 f7 53 04 c3 74 2d 51 52 98 b1 ascii='u...S..t-QR..'
[2026-06-10 22:30:03] channel recv len=11 entropy=3.46 bs_len=11 u16le=21314 u32le=742210 ascii='BS..g.>....'
[2026-06-10 22:30:03] channel BS frame #972: body_len=7 head=67 db 3e dc 15 0c c8 ascii='g.>....'
[2026-06-10 22:30:03] channel recv len=49 entropy=4.61 bs_len=15 u16le=21314 u32le=1004354 ascii="BS..<..>.h..Ak.BS....L.S.S.'..b.BS..u...S.S.'..b."
[2026-06-10 22:30:03] channel BS frame #973: body_len=11 head=3c 91 e3 3e c4 68 b3 d4 41 6b 87 ascii='<..>.h..Ak.'
[2026-06-10 22:30:03] channel BS frame #974: body_len=13 head=db a6 4c f7 53 ca 53 ee 27 1a f8 62 b1 ascii="..L.S.S.'..b."
[2026-06-10 22:30:03] channel BS frame #975: body_len=13 head=75 e3 06 f7 53 ca 53 ee 27 1a f8 62 b1 ascii="u...S.S.'..b."
[2026-06-10 22:30:03] channel recv len=11 entropy=3.46 bs_len=11 u16le=21314 u32le=742210 ascii='BS..g.>.|.2'
[2026-06-10 22:30:03] channel BS frame #976: body_len=7 head=67 db 3e 0f 7c 18 32 ascii='g.>.|.2'
[2026-06-10 22:30:04] channel recv len=49 entropy=4.78 bs_len=15 u16le=21314 u32le=1004354 ascii='BS.....>.h.;...BS......Sn.0...b.BS..u...Sn.0...b.'
[2026-06-10 22:30:04] channel BS frame #977: body_len=11 head=b3 bb c2 3e c4 68 1d 3b b7 0c ec ascii='...>.h.;...'
[2026-06-10 22:30:04] channel BS frame #978: body_len=13 head=90 9c d2 f7 53 6e 14 30 8a c9 da 62 b1 ascii='....Sn.0...b.'
[2026-06-10 22:30:04] channel BS frame #979: body_len=13 head=75 e3 06 f7 53 6e 14 30 8a c9 da 62 b1 ascii='u...Sn.0...b.'
[2026-06-10 22:30:04] channel recv len=11 entropy=3.28 bs_len=11 u16le=21314 u32le=742210 ascii='BS..g.>.3D3'
[2026-06-10 22:30:04] channel BS frame #980: body_len=7 head=67 db 3e 13 33 44 33 ascii='g.>.3D3'
[2026-06-10 22:30:04] channel recv len=49 entropy=4.72 bs_len=15 u16le=21314 u32le=1004354 ascii='BS.....>.h."...BS..e...S.>.....\\BS..u...S.>.....\\'
[2026-06-10 22:30:04] channel BS frame #981: body_len=11 head=a7 bb c2 3e c4 68 17 22 e4 8c c0 ascii='...>.h."...'
[2026-06-10 22:30:04] channel BS frame #982: body_len=13 head=65 f8 d2 f7 53 8f 3e f9 a1 e5 aa ff 5c ascii='e...S.>.....\\'
[2026-06-10 22:30:04] channel BS frame #983: body_len=13 head=75 e3 06 f7 53 8f 3e f9 a1 e5 aa ff 5c ascii='u...S.>.....\\'
[2026-06-10 22:30:05] channel recv len=11 entropy=3.46 bs_len=11 u16le=21314 u32le=742210 ascii='BS..g.>.h.8'
[2026-06-10 22:30:05] channel BS frame #984: body_len=7 head=67 db 3e c8 68 9b 38 ascii='g.>.h.8'
[2026-06-10 22:30:05] channel recv len=6 entropy=2.58 bs_len=6 u16le=21314 u32le=414530 ascii='BS..-.'
[2026-06-10 22:30:05] channel BS frame #985: body_len=2 head=2d ab ascii='-.'
[2026-06-10 22:30:05] channel recv len=11 entropy=3.46 bs_len=11 u16le=21314 u32le=742210 ascii='BS.....w.7^'
[2026-06-10 22:30:05] channel BS frame #986: body_len=7 head=18 d1 f9 77 0a 37 5e ascii='...w.7^'
[2026-06-10 22:30:05] channel recv len=5 entropy=2.32 bs_len=5 u16le=21314 u32le=348994 ascii='BS..M'
[2026-06-10 22:30:05] channel BS frame #987: body_len=1 head=4d ascii='M'
[2026-06-10 22:30:05] channel replay observed client frame #987; server frames sent=336
[2026-06-10 22:30:05] channel recv len=6 entropy=2.58 bs_len=6 u16le=21314 u32le=414530 ascii='BS..T.'
[2026-06-10 22:30:05] channel BS frame #988: body_len=2 head=54 04 ascii='T.'
[2026-06-10 22:30:06] channel recv len=11 entropy=3.28 bs_len=11 u16le=21314 u32le=742210 ascii='BS.......##'
[2026-06-10 22:30:06] channel BS frame #989: body_len=7 head=91 14 f0 ee 0a 23 23 ascii='.....##'
[2026-06-10 22:30:06] channel recv len=11 entropy=3.46 bs_len=11 u16le=21314 u32le=742210 ascii='BS...n.`.,.'
[2026-06-10 22:30:06] channel BS frame #990: body_len=7 head=ec 6e d6 60 0a 2c b2 ascii='.n.`.,.'
[2026-06-10 22:30:06] channel recv len=32 entropy=3.98 bs_len=6 u16le=21314 u32le=414530 ascii='BS....BS../j-.z.#N,BS.....Sz.#N,'
[2026-06-10 22:30:06] channel BS frame #991: body_len=2 head=e5 8c ascii='..'
[2026-06-10 22:30:06] channel BS frame #992: body_len=9 head=2f 6a 2d cb 7a f6 23 4e 2c ascii='/j-.z.#N,'
[2026-06-10 22:30:06] channel BS frame #993: body_len=9 head=81 bc 00 53 7a f6 23 4e 2c ascii='...Sz.#N,'
[2026-06-10 22:30:07] channel recv len=32 entropy=3.89 bs_len=6 u16le=21314 u32le=414530 ascii='BS....BS...j#%z.#N,BS.....Sz.#N,'
[2026-06-10 22:30:07] channel BS frame #994: body_len=2 head=85 a7 ascii='..'
[2026-06-10 22:30:07] channel BS frame #995: body_len=9 head=9f 6a 23 25 7a f6 23 4e 2c ascii='.j#%z.#N,'
[2026-06-10 22:30:07] channel BS frame #996: body_len=9 head=81 bc 00 53 7a f6 23 4e 2c ascii='...Sz.#N,'
[2026-06-10 22:30:08] channel recv len=6 entropy=2.58 bs_len=6 u16le=21314 u32le=414530 ascii='BS....'
[2026-06-10 22:30:08] channel BS frame #997: body_len=2 head=85 a6 ascii='..'
[2026-06-10 22:30:08] channel recv len=5 entropy=2.32 bs_len=5 u16le=21314 u32le=348994 ascii='BS..l'
[2026-06-10 22:30:08] channel BS frame #998: body_len=1 head=6c ascii='l'
[2026-06-10 22:30:08] channel replay observed client frame #998; server frames sent=346
[2026-06-10 22:30:09] channel recv len=15 entropy=2.87 bs_len=15 u16le=21314 u32le=1004354 ascii='BS...&x7.......'
[2026-06-10 22:30:09] channel BS frame #999: body_len=11 head=f4 26 78 37 96 90 00 00 00 00 00 ascii='.&x7.......'
[2026-06-10 22:30:10] channel recv len=11 entropy=3.46 bs_len=11 u16le=21314 u32le=742210 ascii='BS..g.>C.$.'
[2026-06-10 22:30:10] channel BS frame #1000: body_len=7 head=67 db 3e 43 c0 24 a2 ascii='g.>C.$.'
[2026-06-10 22:30:10] channel client plain frame #1000: len=11 entropy=3.46 bs_len=11 u16le=21314 u32le=742210 ascii='BS..g .....'
[2026-06-10 22:30:11] channel recv len=11 entropy=3.46 bs_len=11 u16le=21314 u32le=742210 ascii='BS.......0.'
[2026-06-10 22:30:11] channel BS frame #1001: body_len=7 head=f6 01 f9 ba c0 30 df ascii='.....0.'
[2026-06-10 22:30:11] channel recv len=11 entropy=3.46 bs_len=11 u16le=21314 u32le=742210 ascii='BS.."...+[.'
[2026-06-10 22:30:11] channel BS frame #1002: body_len=7 head=22 db e3 10 2b 5b a6 ascii='"...+[.'
[2026-06-10 22:30:11] channel recv len=11 entropy=3.46 bs_len=11 u16le=21314 u32le=742210 ascii='BS...fR...o'
[2026-06-10 22:30:11] channel BS frame #1003: body_len=7 head=f6 66 52 c8 18 db 6f ascii='.fR...o'
[2026-06-10 22:30:11] channel recv len=5 entropy=2.32 bs_len=5 u16le=21314 u32le=348994 ascii='BS...'
[2026-06-10 22:30:11] channel BS frame #1004: body_len=1 head=cb ascii='.'
[2026-06-10 22:30:11] channel recv len=11 entropy=3.46 bs_len=11 u16le=21314 u32le=742210 ascii='BS.....o.R>'
[2026-06-10 22:30:11] channel BS frame #1005: body_len=7 head=a5 7f f6 6f da 52 3e ascii='...o.R>'
[2026-06-10 22:30:11] channel recv len=11 entropy=3.28 bs_len=11 u16le=21314 u32le=742210 ascii='BS..4o.....'
[2026-06-10 22:30:11] channel BS frame #1006: body_len=7 head=34 6f 99 1e 9d 0b 8a ascii='4o.....'
[2026-06-10 22:30:11] channel recv len=5 entropy=2.32 bs_len=5 u16le=21314 u32le=348994 ascii='BS...'
[2026-06-10 22:30:11] channel BS frame #1007: body_len=1 head=8f ascii='.'
[2026-06-10 22:30:11] channel replay observed client frame #1007; server frames sent=356
[2026-06-10 22:30:11] channel recv len=11 entropy=3.46 bs_len=11 u16le=21314 u32le=742210 ascii='BS..f..\\...'
[2026-06-10 22:30:11] channel BS frame #1008: body_len=7 head=66 8b a5 5c bf cd a7 ascii='f..\\...'
[2026-06-10 22:30:11] channel recv len=30 entropy=4.77 bs_len=30 u16le=21314 u32le=1987394 ascii='BS..;Q.........&tf.0>.@.+..`cc'
[2026-06-10 22:30:11] channel BS frame #1009: body_len=26 head=3b 51 b2 d3 a1 e8 94 ad 87 c9 99 26 74 66 a8 30 3e 99 40 a6 2b b9 ec 60 63 63 ascii=';Q.........&tf.0>.@.+..`cc'
[2026-06-10 22:30:11] channel recv len=11 entropy=3.46 bs_len=11 u16le=21314 u32le=742210 ascii='BS..@.[....'
[2026-06-10 22:30:11] channel BS frame #1010: body_len=7 head=40 a5 5b fb eb 17 f3 ascii='@.[....'
[2026-06-10 22:30:12] channel recv len=11 entropy=3.46 bs_len=11 u16le=21314 u32le=742210 ascii='BS....9.e.&'
[2026-06-10 22:30:12] channel BS frame #1011: body_len=7 head=96 db 39 c8 65 c9 26 ascii='..9.e.&'
[2026-06-10 22:30:12] channel recv len=11 entropy=3.46 bs_len=11 u16le=21314 u32le=742210 ascii='BS...{.3..k'
[2026-06-10 22:30:12] channel BS frame #1012: body_len=7 head=eb 7b 84 33 11 d6 6b ascii='.{.3..k'
[2026-06-10 22:30:12] channel recv len=11 entropy=3.46 bs_len=11 u16le=21314 u32le=742210 ascii='BS..\\.d.../'
[2026-06-10 22:30:12] channel BS frame #1013: body_len=7 head=5c b7 64 0d 18 1f 2f ascii='\\.d.../'
[2026-06-10 22:30:12] channel recv len=11 entropy=3.28 bs_len=11 u16le=21314 u32le=742210 ascii='BS..v..\\..v'
[2026-06-10 22:30:12] channel BS frame #1014: body_len=7 head=76 d2 1f 5c a6 d5 76 ascii='v..\\..v'
[2026-06-10 22:30:12] channel recv len=11 entropy=3.46 bs_len=11 u16le=21314 u32le=742210 ascii='BS.......M@'
[2026-06-10 22:30:12] channel BS frame #1015: body_len=7 head=8d b1 bb 1c 83 4d 40 ascii='.....M@'
[2026-06-10 22:30:12] channel recv len=11 entropy=3.10 bs_len=11 u16le=21314 u32le=742210 ascii='BS....By.X0'
[2026-06-10 22:30:12] channel BS frame #1016: body_len=7 head=c6 97 42 79 97 58 30 ascii='..By.X0'
[2026-06-10 22:30:13] channel recv len=11 entropy=3.46 bs_len=11 u16le=21314 u32le=742210 ascii='BS.........'
[2026-06-10 22:30:13] channel BS frame #1017: body_len=7 head=ce aa 98 0c bb c4 94 ascii='.......'
[2026-06-10 22:30:13] channel recv len=11 entropy=3.46 bs_len=11 u16le=21314 u32le=742210 ascii='BS..&....N.'
[2026-06-10 22:30:13] channel BS frame #1018: body_len=7 head=26 7f 89 e0 0e 4e c4 ascii='&....N.'
[2026-06-10 22:30:13] channel recv len=11 entropy=3.28 bs_len=11 u16le=21314 u32le=742210 ascii='BS..uE%.-..'
[2026-06-10 22:30:13] channel BS frame #1019: body_len=7 head=75 45 25 00 2d e1 b0 ascii='uE%.-..'
[2026-06-10 22:30:13] channel recv len=11 entropy=3.46 bs_len=11 u16le=21314 u32le=742210 ascii='BS..\\.,..`.'
[2026-06-10 22:30:13] channel BS frame #1020: body_len=7 head=5c a0 2c 04 af 60 a6 ascii='\\.,..`.'
[2026-06-10 22:30:13] channel recv len=11 entropy=3.46 bs_len=11 u16le=21314 u32le=742210 ascii='BS..k._...o'
[2026-06-10 22:30:13] channel BS frame #1021: body_len=7 head=6b fd 5f 84 06 b2 6f ascii='k._...o'
[2026-06-10 22:30:13] channel recv len=11 entropy=3.46 bs_len=11 u16le=21314 u32le=742210 ascii='BS..\\?o...V'
[2026-06-10 22:30:13] channel BS frame #1022: body_len=7 head=5c 3f 6f bb 01 b8 56 ascii='\\?o...V'
[2026-06-10 22:30:13] channel recv len=13 entropy=3.70 bs_len=13 u16le=21314 u32le=873282 ascii='BS...W=[a..Qv'
[2026-06-10 22:30:13] channel BS frame #1023: body_len=9 head=03 57 3d 5b 61 fb 9e 51 76 ascii='.W=[a..Qv'
[2026-06-10 22:30:13] channel recv len=19 entropy=4.25 bs_len=19 u16le=21314 u32le=1266498 ascii='BS......t.p}..|....'
[2026-06-10 22:30:13] channel BS frame #1024: body_len=15 head=d5 ce 9b 9e 74 87 70 7d 17 ae 7c 80 19 86 05 ascii='....t.p}..|....'
[2026-06-10 22:30:13] channel recv len=19 entropy=4.14 bs_len=19 u16le=21314 u32le=1266498 ascii='BS.....R.....-P..>.'
[2026-06-10 22:30:13] channel BS frame #1025: body_len=15 head=e5 e3 e0 52 b1 14 d2 ae b1 2d 50 a1 d0 3e a0 ascii='...R.....-P..>.'
[2026-06-10 22:30:13] channel recv len=17 entropy=4.09 bs_len=17 u16le=21314 u32le=1135426 ascii='BS....XJ.@..M..4.'
[2026-06-10 22:30:13] channel BS frame #1026: body_len=13 head=9d 01 58 4a 87 40 ea 9b 4d ef d0 34 0b ascii='..XJ.@..M..4.'
[2026-06-10 22:30:14] channel recv len=19 entropy=4.14 bs_len=19 u16le=21314 u32le=1266498 ascii='BS......|N.RP....R.'
[2026-06-10 22:30:14] channel BS frame #1027: body_len=15 head=f4 84 dd e3 7c 4e f9 52 50 d9 c4 0b e1 52 ed ascii='....|N.RP....R.'
[2026-06-10 22:30:14] channel recv len=19 entropy=4.14 bs_len=19 u16le=21314 u32le=1266498 ascii='BS....Z...%..}.....'
[2026-06-10 22:30:14] channel BS frame #1028: body_len=15 head=89 da 5a a2 ba ba 25 ad 85 7d c5 ec 15 a4 f9 ascii='..Z...%..}.....'
[2026-06-10 22:30:14] channel recv len=17 entropy=3.81 bs_len=17 u16le=21314 u32le=1135426 ascii='BS...*.fdt.Lz.BB.'
[2026-06-10 22:30:14] channel BS frame #1029: body_len=13 head=cf 2a fc 66 64 74 f4 4c 7a ac 42 42 cd ascii='.*.fdt.Lz.BB.'
[2026-06-10 22:30:14] channel recv len=19 entropy=4.25 bs_len=19 u16le=21314 u32le=1266498 ascii='BS..).....~$.......'
[2026-06-10 22:30:14] channel BS frame #1030: body_len=15 head=29 09 b5 82 d9 c6 7e 24 a9 f4 d0 a7 84 f0 c0 ascii=').....~$.......'
[2026-06-10 22:30:14] channel recv len=19 entropy=4.25 bs_len=19 u16le=21314 u32le=1266498 ascii="BS....H.....mAx..'."
[2026-06-10 22:30:14] channel BS frame #1031: body_len=15 head=8d b7 48 0a d1 cf d7 ed 6d 41 78 84 bb 27 cc ascii="..H.....mAx..'."
[2026-06-10 22:30:14] channel recv len=19 entropy=4.25 bs_len=19 u16le=21314 u32le=1266498 ascii='BS..........6g.W..['
[2026-06-10 22:30:14] channel BS frame #1032: body_len=15 head=c6 99 d3 8d d4 0e de a1 36 67 c1 57 f8 bd 5b ascii='........6g.W..['
[2026-06-10 22:30:14] channel recv len=11 entropy=3.46 bs_len=11 u16le=21314 u32le=742210 ascii='BS..$.5#...'
[2026-06-10 22:30:14] channel BS frame #1033: body_len=7 head=24 a2 35 23 94 e3 18 ascii='$.5#...'
[2026-06-10 22:30:14] channel recv len=11 entropy=3.46 bs_len=11 u16le=21314 u32le=742210 ascii='BS..... .?.'
[2026-06-10 22:30:14] channel BS frame #1034: body_len=7 head=19 a2 16 20 b3 3f 09 ascii='... .?.'
[2026-06-10 22:30:14] channel recv len=13 entropy=3.70 bs_len=13 u16le=21314 u32le=873282 ascii='BS..VU.......'
[2026-06-10 22:30:14] channel BS frame #1035: body_len=9 head=56 55 c7 d5 a8 04 92 c8 1b ascii='VU.......'
[2026-06-10 22:30:14] channel recv len=5 entropy=2.32 bs_len=5 u16le=21314 u32le=348994 ascii='BS...'
[2026-06-10 22:30:14] channel BS frame #1036: body_len=1 head=e6 ascii='.'
[2026-06-10 22:30:14] channel replay observed client frame #1036; server frames sent=360
[2026-06-10 22:30:14] channel recv len=17 entropy=3.97 bs_len=17 u16le=21314 u32le=1135426 ascii='BS...B.......?...'
[2026-06-10 22:30:14] channel BS frame #1037: body_len=13 head=f2 42 a6 91 99 1a 09 80 e5 3f af e2 cc ascii='.B.......?...'
[2026-06-10 22:30:14] channel recv len=15 entropy=3.77 bs_len=15 u16le=21314 u32le=1004354 ascii='BS..+V1..GB.Q.<'
[2026-06-10 22:30:14] channel BS frame #1038: body_len=11 head=2b 56 31 97 de 47 42 d0 51 e3 3c ascii='+V1..GB.Q.<'
[2026-06-10 22:30:15] channel recv len=17 entropy=3.97 bs_len=17 u16le=21314 u32le=1135426 ascii='BS...H.(b..(Q.W.I'
[2026-06-10 22:30:15] channel BS frame #1039: body_len=13 head=c8 48 83 28 62 ee df 28 51 9b 57 d0 49 ascii='.H.(b..(Q.W.I'
[2026-06-10 22:30:15] channel recv len=17 entropy=4.09 bs_len=17 u16le=21314 u32le=1135426 ascii='BS....:.3[..z...b'
[2026-06-10 22:30:15] channel BS frame #1040: body_len=13 head=19 a0 3a bb 33 5b 0b d0 7a aa 94 1d 62 ascii='..:.3[..z...b'
[2026-06-10 22:30:15] channel recv len=6 entropy=2.58 bs_len=6 u16le=21314 u32le=414530 ascii='BS....'
[2026-06-10 22:30:15] channel BS frame #1041: body_len=2 head=fd c6 ascii='..'
[2026-06-10 22:30:15] channel recv len=11 entropy=3.46 bs_len=11 u16le=21314 u32le=742210 ascii='BS.....\\M..'
[2026-06-10 22:30:15] channel BS frame #1042: body_len=7 head=2e d6 f9 5c 4d 98 e4 ascii='...\\M..'
[2026-06-10 22:30:15] channel recv len=11 entropy=3.28 bs_len=11 u16le=21314 u32le=742210 ascii='BS.....W...'
[2026-06-10 22:30:15] channel BS frame #1043: body_len=7 head=f6 fd 01 57 02 fd ed ascii='...W...'
[2026-06-10 22:30:15] channel recv len=11 entropy=3.28 bs_len=11 u16le=21314 u32le=742210 ascii='BS..j.^.X\\j'
[2026-06-10 22:30:15] channel BS frame #1044: body_len=7 head=6a f8 5e cd 58 5c 6a ascii='j.^.X\\j'
[2026-06-10 22:30:15] channel recv len=6 entropy=2.58 bs_len=6 u16le=21314 u32le=414530 ascii='BS....'
[2026-06-10 22:30:15] channel BS frame #1045: body_len=2 head=f3 97 ascii='..'
[2026-06-10 22:30:15] channel recv len=11 entropy=3.46 bs_len=11 u16le=21314 u32le=742210 ascii='BS......!l.'
[2026-06-10 22:30:15] channel BS frame #1046: body_len=7 head=8b 08 fe 0c 21 6c 2e ascii='....!l.'
[2026-06-10 22:30:15] channel recv len=11 entropy=3.46 bs_len=11 u16le=21314 u32le=742210 ascii='BS.."WH.4..'
[2026-06-10 22:30:15] channel BS frame #1047: body_len=7 head=22 57 48 9d 34 91 a8 ascii='"WH.4..'
[2026-06-10 22:30:15] channel recv len=11 entropy=3.46 bs_len=11 u16le=21314 u32le=742210 ascii='BS...f^...*'
[2026-06-10 22:30:15] channel BS frame #1048: body_len=7 head=bb 66 5e e9 8f 14 2a ascii='.f^...*'
[2026-06-10 22:30:16] channel recv len=11 entropy=3.10 bs_len=11 u16le=21314 u32le=742210 ascii='BS...V....S'
[2026-06-10 22:30:16] channel BS frame #1049: body_len=7 head=a6 56 a2 ba 80 80 53 ascii='.V....S'
[2026-06-10 22:30:16] channel recv len=5 entropy=2.32 bs_len=5 u16le=21314 u32le=348994 ascii='BS...'
[2026-06-10 22:30:16] channel BS frame #1050: body_len=1 head=ca ascii='.'
[2026-06-10 22:30:16] channel recv len=11 entropy=3.28 bs_len=11 u16le=21314 u32le=742210 ascii='BS...p.....'
[2026-06-10 22:30:16] channel BS frame #1051: body_len=7 head=cd 70 8a 1f d6 14 14 ascii='.p.....'
[2026-06-10 22:30:16] channel recv len=30 entropy=4.84 bs_len=30 u16le=21314 u32le=1987394 ascii='BS...*..US..<.......nu.0=."...'
[2026-06-10 22:30:16] channel BS frame #1052: body_len=26 head=93 2a e8 a3 55 53 dc d5 3c a2 c1 03 a7 1d c4 0c 6e 75 a4 30 3d 89 22 c8 01 a6 ascii='.*..US..<.......nu.0=."...'
[2026-06-10 22:30:16] channel recv len=11 entropy=3.46 bs_len=11 u16le=21314 u32le=742210 ascii='BS...V..c..'
[2026-06-10 22:30:16] channel BS frame #1053: body_len=7 head=b2 56 f2 f0 63 e0 a0 ascii='.V..c..'
[2026-06-10 22:30:17] channel recv len=11 entropy=3.46 bs_len=11 u16le=21314 u32le=742210 ascii='BS....$J...'
[2026-06-10 22:30:17] channel BS frame #1054: body_len=7 head=b8 17 24 4a aa 84 fb ascii='..$J...'
[2026-06-10 22:30:17] channel recv len=11 entropy=3.28 bs_len=11 u16le=21314 u32le=742210 ascii='BS...{7R.{l'
[2026-06-10 22:30:17] channel BS frame #1055: body_len=7 head=fd 7b 37 52 fc 7b 6c ascii='.{7R.{l'
[2026-06-10 22:30:17] channel recv len=6 entropy=2.58 bs_len=6 u16le=21314 u32le=414530 ascii='BS....'
[2026-06-10 22:30:17] channel BS frame #1056: body_len=2 head=0e f2 ascii='..'
[2026-06-10 22:30:17] channel recv len=11 entropy=3.46 bs_len=11 u16le=21314 u32le=742210 ascii='BS...b.h.O.'
[2026-06-10 22:30:17] channel BS frame #1057: body_len=7 head=b1 62 f9 68 fc 4f d9 ascii='.b.h.O.'
[2026-06-10 22:30:17] channel recv len=11 entropy=3.28 bs_len=11 u16le=21314 u32le=742210 ascii='BS.....R.S.'
[2026-06-10 22:30:17] channel BS frame #1058: body_len=7 head=ee 19 c5 52 fc 53 96 ascii='...R.S.'
[2026-06-10 22:30:17] channel recv len=5 entropy=2.32 bs_len=5 u16le=21314 u32le=348994 ascii='BS...'
[2026-06-10 22:30:17] channel BS frame #1059: body_len=1 head=c7 ascii='.'
[2026-06-10 22:30:17] channel replay observed client frame #1059; server frames sent=368
[2026-06-10 22:30:17] channel recv len=11 entropy=3.28 bs_len=11 u16le=21314 u32le=742210 ascii='BS...ESu...'
[2026-06-10 22:30:17] channel BS frame #1060: body_len=7 head=ec 45 53 75 fc a6 02 ascii='.ESu...'
[2026-06-10 22:30:17] channel recv len=6 entropy=2.58 bs_len=6 u16le=21314 u32le=414530 ascii='BS....'
[2026-06-10 22:30:17] channel BS frame #1061: body_len=2 head=03 04 ascii='..'
[2026-06-10 22:30:19] channel recv len=11 entropy=3.46 bs_len=11 u16le=21314 u32le=742210 ascii='BS.......:.'
[2026-06-10 22:30:19] channel BS frame #1062: body_len=7 head=bb cc fe 1f fc 3a 92 ascii='.....:.'
[2026-06-10 22:30:19] channel recv len=13 entropy=3.70 bs_len=13 u16le=21314 u32le=873282 ascii='BS..E7.......'
[2026-06-10 22:30:19] channel BS frame #1063: body_len=9 head=45 37 a6 d0 af c5 d3 e0 1f ascii='E7.......'
[2026-06-10 22:30:19] channel recv len=17 entropy=4.09 bs_len=17 u16le=21314 u32le=1135426 ascii='BS.......k...j...'
[2026-06-10 22:30:19] channel BS frame #1064: body_len=13 head=91 9a a3 15 9f 6b d2 df 16 6a e5 db f5 ascii='.....k...j...'
[2026-06-10 22:30:19] channel recv len=19 entropy=4.25 bs_len=19 u16le=21314 u32le=1266498 ascii='BS..........w...2..'
[2026-06-10 22:30:19] channel BS frame #1065: body_len=15 head=15 fc 90 88 04 da d4 8c 77 0f ec d2 32 f0 97 ascii='........w...2..'
[2026-06-10 22:30:19] channel recv len=17 entropy=3.97 bs_len=17 u16le=21314 u32le=1135426 ascii='BS..~C"Qta$.D.FqF'
[2026-06-10 22:30:19] channel BS frame #1066: body_len=13 head=7e 43 22 51 74 61 24 01 44 da 46 71 46 ascii='~C"Qta$.D.FqF'
[2026-06-10 22:30:19] channel recv len=19 entropy=4.25 bs_len=19 u16le=21314 u32le=1266498 ascii='BS..a>.(..@.~..sA.;'
[2026-06-10 22:30:19] channel BS frame #1067: body_len=15 head=61 3e ee 28 94 ed 40 ec 7e c8 db 73 41 12 3b ascii='a>.(..@.~..sA.;'
[2026-06-10 22:30:19] channel recv len=19 entropy=4.25 bs_len=19 u16le=21314 u32le=1266498 ascii='BS......-.>...CG:b.'
[2026-06-10 22:30:19] channel BS frame #1068: body_len=15 head=b5 f1 1f dc 2d ff 3e 97 09 c4 43 47 3a 62 f4 ascii='....-.>...CG:b.'
[2026-06-10 22:30:19] channel recv len=17 entropy=4.09 bs_len=17 u16le=21314 u32le=1135426 ascii='BS....C...+p.~aA.'
[2026-06-10 22:30:19] channel BS frame #1069: body_len=13 head=f8 8b 43 df 8f 88 2b 70 f5 7e 61 41 d6 ascii='..C...+p.~aA.'
[2026-06-10 22:30:20] channel recv len=17 entropy=4.09 bs_len=17 u16le=21314 u32le=1135426 ascii='BS.....9.$!......'
[2026-06-10 22:30:20] channel BS frame #1070: body_len=13 head=cc 96 f3 39 bd 24 21 9c c3 db 86 cf 8a ascii='...9.$!......'
[2026-06-10 22:30:20] channel recv len=19 entropy=4.14 bs_len=19 u16le=21314 u32le=1266498 ascii='BS..6.v./0.#.6.....'
[2026-06-10 22:30:20] channel BS frame #1071: body_len=15 head=36 b9 76 96 2f 30 af 23 b1 36 85 bc cd f3 10 ascii='6.v./0.#.6.....'
[2026-06-10 22:30:20] channel recv len=19 entropy=4.14 bs_len=19 u16le=21314 u32le=1266498 ascii='BS..lV...........Q.'
[2026-06-10 22:30:20] channel BS frame #1072: body_len=15 head=6c 56 08 17 f2 d4 bb ab d5 a9 13 e4 a0 51 ff ascii='lV...........Q.'
[2026-06-10 22:30:20] channel recv len=19 entropy=4.25 bs_len=19 u16le=21314 u32le=1266498 ascii='BS.......(.[j3..#t.'
[2026-06-10 22:30:20] channel BS frame #1073: body_len=15 head=c5 0c af 14 b8 28 92 5b 6a 33 0d 15 23 74 d9 ascii='.....(.[j3..#t.'
[2026-06-10 22:30:20] channel recv len=17 entropy=4.09 bs_len=17 u16le=21314 u32le=1135426 ascii='BS..A.QHm0.....>.'
[2026-06-10 22:30:20] channel BS frame #1074: body_len=13 head=41 ab 51 48 6d 30 82 e1 01 02 a1 3e d8 ascii='A.QHm0.....>.'
[2026-06-10 22:30:20] channel recv len=19 entropy=4.25 bs_len=19 u16le=21314 u32le=1266498 ascii='BS..\\........ .@.]6'
[2026-06-10 22:30:20] channel BS frame #1075: body_len=15 head=5c 07 da 99 9a a3 85 0e aa 20 b9 40 8e 5d 36 ascii='\\........ .@.]6'
[2026-06-10 22:30:20] channel recv len=17 entropy=3.85 bs_len=17 u16le=21314 u32le=1135426 ascii='BS..+%.-%.fz..[^.'
[2026-06-10 22:30:20] channel BS frame #1076: body_len=13 head=2b 25 dd 2d 25 9a 66 7a a2 ec 5b 5e ec ascii='+%.-%.fz..[^.'
[2026-06-10 22:30:20] channel recv len=17 entropy=4.09 bs_len=17 u16le=21314 u32le=1135426 ascii='BS.....\\...@vA%s.'
[2026-06-10 22:30:20] channel BS frame #1077: body_len=13 head=0f fc fb 5c 8f a0 d0 40 76 41 25 73 9d ascii='...\\...@vA%s.'
[2026-06-10 22:30:20] channel recv len=19 entropy=4.25 bs_len=19 u16le=21314 u32le=1266498 ascii='BS..ar.......13....'
[2026-06-10 22:30:20] channel BS frame #1078: body_len=15 head=61 72 bc bb 06 c4 f8 f9 1a 31 33 83 94 e1 92 ascii='ar.......13....'
[2026-06-10 22:30:20] channel recv len=5 entropy=2.32 bs_len=5 u16le=21314 u32le=348994 ascii='BS...'
[2026-06-10 22:30:20] channel BS frame #1079: body_len=1 head=16 ascii='.'
[2026-06-10 22:30:20] channel replay observed client frame #1079; server frames sent=378
[2026-06-10 22:30:20] channel recv len=17 entropy=4.09 bs_len=17 u16le=21314 u32le=1135426 ascii='BS..7g.[....D.q.w'
[2026-06-10 22:30:20] channel BS frame #1080: body_len=13 head=37 67 cc 5b c8 fc c6 a3 44 0d 71 d8 77 ascii='7g.[....D.q.w'
[2026-06-10 22:30:21] channel recv len=17 entropy=3.97 bs_len=17 u16le=21314 u32le=1135426 ascii='BS..!)...L..I1!..'
[2026-06-10 22:30:21] channel BS frame #1081: body_len=13 head=21 29 ea 86 99 4c 9d 06 49 31 21 87 bc ascii='!)...L..I1!..'
[2026-06-10 22:30:21] channel recv len=17 entropy=4.09 bs_len=17 u16le=21314 u32le=1135426 ascii='BS......&$.e.p..x'
[2026-06-10 22:30:21] channel BS frame #1082: body_len=13 head=b7 91 c2 9f 26 24 d5 65 bf 70 cd a3 78 ascii='....&$.e.p..x'
[2026-06-10 22:30:21] channel recv len=17 entropy=4.09 bs_len=17 u16le=21314 u32le=1135426 ascii='BS.....7E.U.....&'
[2026-06-10 22:30:21] channel BS frame #1083: body_len=13 head=91 a0 c0 37 45 1c 55 8f b5 b0 9a ba 26 ascii='...7E.U.....&'
[2026-06-10 22:30:21] channel recv len=17 entropy=4.09 bs_len=17 u16le=21314 u32le=1135426 ascii='BS...-uI...i.m.U}'
[2026-06-10 22:30:21] channel BS frame #1084: body_len=13 head=0c 2d 75 49 e1 a5 1f 69 cb 6d 8e 55 7d ascii='.-uI...i.m.U}'
[2026-06-10 22:30:21] channel recv len=13 entropy=3.70 bs_len=13 u16le=21314 u32le=873282 ascii='BS....Y_2sk..'
[2026-06-10 22:30:21] channel BS frame #1085: body_len=9 head=1b 99 59 5f 32 73 6b fb 8d ascii='..Y_2sk..'
[2026-06-10 22:30:21] channel recv len=13 entropy=3.70 bs_len=13 u16le=21314 u32le=873282 ascii='BS...9b....P.'
[2026-06-10 22:30:21] channel BS frame #1086: body_len=9 head=ca 39 62 c6 f5 f1 1b 50 df ascii='.9b....P.'
[2026-06-10 22:30:21] channel recv len=13 entropy=3.55 bs_len=13 u16le=21314 u32le=873282 ascii='BS..8|.QQJ}..'
[2026-06-10 22:30:21] channel BS frame #1087: body_len=9 head=38 7c b3 51 51 4a 7d 9b 14 ascii='8|.QQJ}..'
[2026-06-10 22:30:21] channel recv len=13 entropy=3.70 bs_len=13 u16le=21314 u32le=873282 ascii='BS.....*..;..'
[2026-06-10 22:30:21] channel BS frame #1088: body_len=9 head=12 7f 8a 2a e5 ed 3b e4 cd ascii='...*..;..'
[2026-06-10 22:30:22] channel recv len=17 entropy=3.97 bs_len=17 u16le=21314 u32le=1135426 ascii='BS..C.)~..Fy.....'
[2026-06-10 22:30:22] channel BS frame #1089: body_len=13 head=43 f3 29 7e 15 fc 46 79 b0 7f a1 95 00 ascii='C.)~..Fy.....'
[2026-06-10 22:30:22] channel recv len=17 entropy=4.09 bs_len=17 u16le=21314 u32le=1135426 ascii='BS...^..(........'
[2026-06-10 22:30:22] channel BS frame #1090: body_len=13 head=0f 5e ea 09 28 d6 83 85 91 0b 8d b1 81 ascii='.^..(........'
[2026-06-10 22:30:22] channel recv len=17 entropy=3.97 bs_len=17 u16le=21314 u32le=1135426 ascii='BS...kS@Y(....;..'
[2026-06-10 22:30:22] channel BS frame #1091: body_len=13 head=04 6b 53 40 59 28 90 a5 c3 81 3b e7 c1 ascii='.kS@Y(....;..'
[2026-06-10 22:30:22] channel recv len=19 entropy=4.14 bs_len=19 u16le=21314 u32le=1266498 ascii='BS...B.g..."s.6i...'
[2026-06-10 22:30:22] channel BS frame #1092: body_len=15 head=18 42 cf 67 98 da 81 22 73 10 36 69 c4 14 c9 ascii='.B.g..."s.6i...'
[2026-06-10 22:30:22] channel recv len=17 entropy=4.09 bs_len=17 u16le=21314 u32le=1135426 ascii='BS...f`...Y*...c.'
[2026-06-10 22:30:22] channel BS frame #1093: body_len=13 head=0d 66 60 99 17 16 59 2a fa ab b7 63 f3 ascii='.f`...Y*...c.'
[2026-06-10 22:30:22] channel recv len=17 entropy=4.09 bs_len=17 u16le=21314 u32le=1135426 ascii='BS..Z...D.sj.G1Ke'
[2026-06-10 22:30:22] channel BS frame #1094: body_len=13 head=5a cd d3 e5 44 b9 73 6a 8d 47 31 4b 65 ascii='Z...D.sj.G1Ke'
[2026-06-10 22:30:22] channel recv len=17 entropy=3.85 bs_len=17 u16le=21314 u32le=1135426 ascii='BS..>...`Q.B..!F.'
[2026-06-10 22:30:22] channel BS frame #1095: body_len=13 head=3e f9 f8 d9 60 51 ee 42 c7 fe 21 46 c7 ascii='>...`Q.B..!F.'
[2026-06-10 22:30:22] channel recv len=19 entropy=4.14 bs_len=19 u16le=21314 u32le=1266498 ascii='BS..,..v.=........v'
[2026-06-10 22:30:22] channel BS frame #1096: body_len=15 head=2c 9d e0 76 01 3d de fe 17 a3 84 18 f5 b4 76 ascii=',..v.=........v'
[2026-06-10 22:30:22] channel recv len=17 entropy=3.97 bs_len=17 u16le=21314 u32le=1135426 ascii="BS...BtR.'`.j...."
[2026-06-10 22:30:22] channel BS frame #1097: body_len=13 head=af 42 74 52 a7 27 60 ee 6a c2 d1 f8 c0 ascii=".BtR.'`.j...."
[2026-06-10 22:30:22] channel recv len=9 entropy=3.17 bs_len=9 u16le=21314 u32le=611138 ascii='BS...i...'
[2026-06-10 22:30:22] channel BS frame #1098: body_len=5 head=08 69 f8 d4 1d ascii='.i...'
[2026-06-10 22:30:23] channel recv len=19 entropy=4.25 bs_len=19 u16le=21314 u32le=1266498 ascii='BS....LW.g..,qc..s.'
[2026-06-10 22:30:23] channel BS frame #1099: body_len=15 head=b7 dc 4c 57 04 67 c2 03 2c 71 63 ca d1 73 1e ascii='..LW.g..,qc..s.'
[2026-06-10 22:30:23] channel recv len=17 entropy=4.09 bs_len=17 u16le=21314 u32le=1135426 ascii='BS.....-r.tC..5..'
[2026-06-10 22:30:23] channel BS frame #1100: body_len=13 head=87 e9 1d 2d 72 a0 74 43 05 f6 35 aa ae ascii='...-r.tC..5..'
[2026-06-10 22:30:23] channel recv len=9 entropy=3.17 bs_len=9 u16le=21314 u32le=611138 ascii='BS....b=.'
[2026-06-10 22:30:23] channel BS frame #1101: body_len=5 head=ab 0c 62 3d 1d ascii='..b=.'
[2026-06-10 22:30:23] channel recv len=17 entropy=4.09 bs_len=17 u16le=21314 u32le=1135426 ascii='BS....MnO...>....'
[2026-06-10 22:30:23] channel BS frame #1102: body_len=13 head=b7 dc 4d 6e 4f 8e a8 ac 3e eb c5 e8 18 ascii='..MnO...>....'
[2026-06-10 22:30:23] channel recv len=9 entropy=3.17 bs_len=9 u16le=21314 u32le=611138 ascii='BS....b=.'
[2026-06-10 22:30:23] channel BS frame #1103: body_len=5 head=a2 0c 62 3d 1d ascii='..b=.'
[2026-06-10 22:30:23] channel recv len=17 entropy=4.09 bs_len=17 u16le=21314 u32le=1135426 ascii='BS....Ms.........'
[2026-06-10 22:30:23] channel BS frame #1104: body_len=13 head=b7 dc 4d 73 96 e2 ae ce a8 ff 10 d8 94 ascii='..Ms.........'
[2026-06-10 22:30:23] channel recv len=13 entropy=3.70 bs_len=13 u16le=21314 u32le=873282 ascii='BS..C&cF...\\R'
[2026-06-10 22:30:23] channel BS frame #1105: body_len=9 head=43 26 63 46 04 8c e0 5c 52 ascii='C&cF...\\R'
[2026-06-10 22:30:23] channel recv len=9 entropy=3.17 bs_len=9 u16le=21314 u32le=611138 ascii='BS..v8...'
[2026-06-10 22:30:23] channel BS frame #1106: body_len=5 head=76 38 17 c7 1d ascii='v8...'
[2026-06-10 22:30:23] channel recv len=5 entropy=2.32 bs_len=5 u16le=21314 u32le=348994 ascii='BS...'
[2026-06-10 22:30:23] channel BS frame #1107: body_len=1 head=bb ascii='.'
[2026-06-10 22:30:23] channel recv len=17 entropy=4.09 bs_len=17 u16le=21314 u32le=1135426 ascii='BS....Z...._...\\ '
[2026-06-10 22:30:23] channel BS frame #1108: body_len=13 head=b0 14 5a 82 d6 1b 12 5f b9 01 c6 5c 20 ascii='..Z...._...\\ '
[2026-06-10 22:30:23] channel recv len=5 entropy=2.32 bs_len=5 u16le=21314 u32le=348994 ascii='BS...'
[2026-06-10 22:30:23] channel BS frame #1109: body_len=1 head=bb ascii='.'
[2026-06-10 22:30:23] channel replay observed client frame #1109; server frames sent=388
[2026-06-10 22:30:23] channel recv len=9 entropy=3.17 bs_len=9 u16le=21314 u32le=611138 ascii='BS.._.6..'
[2026-06-10 22:30:23] channel BS frame #1110: body_len=5 head=5f a1 36 c5 1d ascii='_.6..'
[2026-06-10 22:30:23] channel recv len=13 entropy=3.70 bs_len=13 u16le=21314 u32le=873282 ascii='BS....O....V8'
[2026-06-10 22:30:23] channel BS frame #1111: body_len=9 head=b7 dc 4f 86 87 85 f5 56 38 ascii='..O....V8'
[2026-06-10 22:30:23] channel recv len=17 entropy=4.09 bs_len=17 u16le=21314 u32le=1135426 ascii='BS..L..}.x...:l..'
[2026-06-10 22:30:23] channel BS frame #1112: body_len=13 head=4c 98 87 7d d2 78 05 af 18 3a 6c eb cb ascii='L..}.x...:l..'
[2026-06-10 22:30:23] channel recv len=19 entropy=4.25 bs_len=19 u16le=21314 u32le=1266498 ascii='BS....R.<......\\..A'
[2026-06-10 22:30:23] channel BS frame #1113: body_len=15 head=b2 a8 52 1e 3c db ff d4 fd fb 94 5c f1 99 41 ascii='..R.<......\\..A'
[2026-06-10 22:30:24] channel recv len=30 entropy=4.62 bs_len=30 u16le=21314 u32le=1987394 ascii='BS..m....X;S.`...SH././s....>.'
[2026-06-10 22:30:24] channel BS frame #1114: body_len=26 head=6d dd ad 05 e7 58 3b 53 c1 60 d0 96 fc 53 48 0b 2f cf 2f 73 80 b2 05 d3 3e ed ascii='m....X;S.`...SH././s....>.'
[2026-06-10 22:30:24] channel recv len=17 entropy=3.97 bs_len=17 u16le=21314 u32le=1135426 ascii='BS..Y...!..l..*.S'
[2026-06-10 22:30:24] channel BS frame #1115: body_len=13 head=59 f4 87 93 21 f8 1a 6c 84 a4 2a b1 53 ascii='Y...!..l..*.S'
[2026-06-10 22:30:24] channel recv len=19 entropy=4.25 bs_len=19 u16le=21314 u32le=1266498 ascii='BS.....y.......-`..'
[2026-06-10 22:30:24] channel BS frame #1116: body_len=15 head=d0 a4 be 79 15 87 e2 c6 ae fd 05 2d 60 9c a5 ascii='...y.......-`..'
[2026-06-10 22:30:24] channel recv len=17 entropy=4.09 bs_len=17 u16le=21314 u32le=1135426 ascii='BS..H....g.A..n.G'
[2026-06-10 22:30:24] channel BS frame #1117: body_len=13 head=48 8f b8 8c cc 67 02 41 8b b6 6e 0a 47 ascii='H....g.A..n.G'
[2026-06-10 22:30:24] channel recv len=17 entropy=4.09 bs_len=17 u16le=21314 u32le=1135426 ascii='BS...8...7....;..'
[2026-06-10 22:30:24] channel BS frame #1118: body_len=13 head=95 38 0e e4 e5 37 7f d0 1b f3 3b ec f0 ascii='.8...7....;..'
[2026-06-10 22:30:24] channel recv len=17 entropy=4.09 bs_len=17 u16le=21314 u32le=1135426 ascii='BS..yf7.@..~!..vD'
[2026-06-10 22:30:24] channel BS frame #1119: body_len=13 head=79 66 37 d5 40 d3 c0 7e 21 a3 13 76 44 ascii='yf7.@..~!..vD'
[2026-06-10 22:30:24] channel recv len=17 entropy=3.97 bs_len=17 u16le=21314 u32le=1135426 ascii='BS....q./.*..>.S.'
[2026-06-10 22:30:24] channel BS frame #1120: body_len=13 head=a9 1f 71 98 2f c6 2a bc 9d 3e b2 53 fb ascii='..q./.*..>.S.'
[2026-06-10 22:30:24] channel recv len=19 entropy=4.14 bs_len=19 u16le=21314 u32le=1266498 ascii='BS....bT:..o.^...6t'
[2026-06-10 22:30:24] channel BS frame #1121: body_len=15 head=fe a7 62 54 3a a6 9d 6f a6 5e f7 98 d5 36 74 ascii='..bT:..o.^...6t'
[2026-06-10 22:30:24] channel recv len=19 entropy=4.14 bs_len=19 u16le=21314 u32le=1266498 ascii='BS....(..S...c....`'
[2026-06-10 22:30:24] channel BS frame #1122: body_len=15 head=0a c5 28 fa 90 53 09 c3 2e 63 d6 91 04 f4 60 ascii='..(..S...c....`'
[2026-06-10 22:30:24] channel recv len=17 entropy=4.09 bs_len=17 u16le=21314 u32le=1135426 ascii='BS....bM..x<.e.m.'
[2026-06-10 22:30:24] channel BS frame #1123: body_len=13 head=ac 81 62 4d a8 85 78 3c f7 65 8d 6d 9a ascii='..bM..x<.e.m.'
[2026-06-10 22:30:25] channel recv len=19 entropy=4.25 bs_len=19 u16le=21314 u32le=1266498 ascii='BS....M..Q...o...`+'
[2026-06-10 22:30:25] channel BS frame #1124: body_len=15 head=d7 91 4d 8f 9e 51 ca de 92 6f af ec 8a 60 2b ascii='..M..Q...o...`+'
[2026-06-10 22:30:25] channel recv len=17 entropy=4.09 bs_len=17 u16le=21314 u32le=1135426 ascii='BS...97b..s/..v..'
[2026-06-10 22:30:25] channel BS frame #1125: body_len=13 head=e4 39 37 62 ab c2 73 2f 2e 9a 76 eb 95 ascii='.97b..s/..v..'
[2026-06-10 22:30:25] channel recv len=15 entropy=3.91 bs_len=15 u16le=21314 u32le=1004354 ascii='BS.....`.w..I.J'
[2026-06-10 22:30:25] channel BS frame #1126: body_len=11 head=e0 be d7 60 b4 77 bd ec 49 bc 4a ascii='...`.w..I.J'
[2026-06-10 22:30:25] channel recv len=17 entropy=3.97 bs_len=17 u16le=21314 u32le=1135426 ascii='BS.......vSA.(.@.'
[2026-06-10 22:30:25] channel BS frame #1127: body_len=13 head=85 8b 1c 13 b4 76 53 41 ef 28 89 40 fd ascii='.....vSA.(.@.'
[2026-06-10 22:30:25] channel recv len=17 entropy=3.97 bs_len=17 u16le=21314 u32le=1135426 ascii='BS....7...Y..c...'
[2026-06-10 22:30:25] channel BS frame #1128: body_len=13 head=90 a7 37 00 df c3 59 12 c6 63 18 13 87 ascii='..7...Y..c...'
[2026-06-10 22:30:25] channel recv len=17 entropy=3.97 bs_len=17 u16le=21314 u32le=1135426 ascii='BS......I.^.6.c@.'
[2026-06-10 22:30:25] channel BS frame #1129: body_len=13 head=af 8b af 9f 49 f3 5e c1 36 cc 63 40 a3 ascii='....I.^.6.c@.'
[2026-06-10 22:30:25] channel recv len=19 entropy=4.14 bs_len=19 u16le=21314 u32le=1266498 ascii='BS........!.H......'
[2026-06-10 22:30:25] channel BS frame #1130: body_len=15 head=ae d3 13 09 bc fe 21 d0 48 ee 7f 88 1d 18 f1 ascii='......!.H......'
[2026-06-10 22:30:25] channel recv len=19 entropy=4.14 bs_len=19 u16le=21314 u32le=1266498 ascii='BS..N....K.2.FQ.>..'
[2026-06-10 22:30:25] channel BS frame #1131: body_len=15 head=4e bb aa 9f 9b 4b 9f 32 a8 46 51 dc 3e eb b6 ascii='N....K.2.FQ.>..'
[2026-06-10 22:30:25] channel recv len=19 entropy=4.04 bs_len=19 u16le=21314 u32le=1266498 ascii='BS......N...k......'
[2026-06-10 22:30:25] channel BS frame #1132: body_len=15 head=06 13 06 09 4e c6 ea 85 6b 9d b4 e1 be bf ce ascii='....N...k......'
[2026-06-10 22:30:25] channel recv len=17 entropy=3.97 bs_len=17 u16le=21314 u32le=1135426 ascii='BS...==.[....2.Z_'
[2026-06-10 22:30:25] channel BS frame #1133: body_len=13 head=09 3d 3d 96 5b 99 f3 7f af 32 0b 5a 5f ascii='.==.[....2.Z_'
[2026-06-10 22:30:26] channel recv len=17 entropy=3.85 bs_len=17 u16le=21314 u32le=1135426 ascii='BS...I......{....'
[2026-06-10 22:30:26] channel BS frame #1134: body_len=13 head=f5 49 11 f8 e6 c4 1c 1c 7b 01 06 dd 03 ascii='.I......{....'
[2026-06-10 22:30:26] channel recv len=19 entropy=4.25 bs_len=19 u16le=21314 u32le=1266498 ascii='BS..D..T....}..p.Q.'
[2026-06-10 22:30:26] channel BS frame #1135: body_len=15 head=44 84 a6 54 9a bb fe 2e 7d 9c ab 70 fb 51 e6 ascii='D..T....}..p.Q.'
[2026-06-10 22:30:26] channel recv len=19 entropy=4.14 bs_len=19 u16le=21314 u32le=1266498 ascii='BS.......<....L...{'
[2026-06-10 22:30:26] channel BS frame #1136: body_len=15 head=09 a4 aa 8e d7 3c fc 99 fc da 4c a8 fe 98 7b ascii='.....<....L...{'
[2026-06-10 22:30:26] channel recv len=19 entropy=4.25 bs_len=19 u16le=21314 u32le=1266498 ascii='BS...j."..O.b0....*'
[2026-06-10 22:30:26] channel BS frame #1137: body_len=15 head=9c 6a d6 22 d3 ea 4f 1f 62 30 dd ef a9 06 2a ascii='.j."..O.b0....*'
[2026-06-10 22:30:26] channel recv len=17 entropy=4.09 bs_len=17 u16le=21314 u32le=1135426 ascii='BS..y(......v.QE.'
[2026-06-10 22:30:26] channel BS frame #1138: body_len=13 head=79 28 c2 18 ca e5 82 97 76 8b 51 45 af ascii='y(......v.QE.'
[2026-06-10 22:30:26] channel recv len=19 entropy=4.25 bs_len=19 u16le=21314 u32le=1266498 ascii='BS..v.:..Jj....a.u.'
[2026-06-10 22:30:26] channel BS frame #1139: body_len=15 head=76 ee 3a cb d0 4a 6a e6 fa c7 b6 61 d4 75 83 ascii='v.:..Jj....a.u.'
[2026-06-10 22:30:26] channel recv len=17 entropy=3.97 bs_len=17 u16le=21314 u32le=1135426 ascii='BS...u.r.aa..+..|'
[2026-06-10 22:30:26] channel BS frame #1140: body_len=13 head=9c 75 fc 72 b0 61 61 c8 bb 2b 94 f0 7c ascii='.u.r.aa..+..|'
[2026-06-10 22:30:26] channel recv len=17 entropy=3.97 bs_len=17 u16le=21314 u32le=1135426 ascii='BS....R|.Q...Z..7'
[2026-06-10 22:30:26] channel BS frame #1141: body_len=13 head=c3 a4 52 7c b7 51 00 0b 1f 5a cf de 37 ascii='..R|.Q...Z..7'
[2026-06-10 22:30:26] channel recv len=17 entropy=3.97 bs_len=17 u16le=21314 u32le=1135426 ascii='BS..E/N..._\\#.f..'
[2026-06-10 22:30:26] channel BS frame #1142: body_len=13 head=45 2f 4e e1 ae 9d 5f 5c 23 a0 66 00 af ascii='E/N..._\\#.f..'
[2026-06-10 22:30:26] channel recv len=5 entropy=2.32 bs_len=5 u16le=21314 u32le=348994 ascii='BS..E'
[2026-06-10 22:30:26] channel BS frame #1143: body_len=1 head=45 ascii='E'
[2026-06-10 22:30:26] channel replay observed client frame #1143; server frames sent=398
[2026-06-10 22:30:26] channel recv len=17 entropy=4.09 bs_len=17 u16le=21314 u32le=1135426 ascii='BS..J.zN#@.hV.8..'
[2026-06-10 22:30:26] channel BS frame #1144: body_len=13 head=4a 85 7a 4e 23 40 dd 68 56 8e 38 a2 a6 ascii='J.zN#@.hV.8..'
[2026-06-10 22:30:26] channel recv len=19 entropy=4.04 bs_len=19 u16le=21314 u32le=1266498 ascii='BS..V.V{....e...k..'
[2026-06-10 22:30:26] channel BS frame #1145: body_len=15 head=56 ac 56 7b bf 16 a6 da 65 b2 00 c5 6b dd 1b ascii='V.V{....e...k..'
[2026-06-10 22:30:27] channel recv len=17 entropy=3.97 bs_len=17 u16le=21314 u32le=1135426 ascii='BS..I!.....pBL=..'
[2026-06-10 22:30:27] channel BS frame #1146: body_len=13 head=49 21 f4 e0 14 9f 18 70 42 4c 3d 04 e6 ascii='I!.....pBL=..'
[2026-06-10 22:30:27] channel recv len=13 entropy=3.70 bs_len=13 u16le=21314 u32le=873282 ascii='BS.....1..c..'
[2026-06-10 22:30:27] channel BS frame #1147: body_len=9 head=eb 9b f3 31 ab dc 63 f1 c0 ascii='...1..c..'
[2026-06-10 22:30:27] channel recv len=17 entropy=4.09 bs_len=17 u16le=21314 u32le=1135426 ascii='BS..W....u....3;^'
[2026-06-10 22:30:27] channel BS frame #1148: body_len=13 head=57 15 cc 1b c5 75 1c 8e 10 83 33 3b 5e ascii='W....u....3;^'
[2026-06-10 22:30:27] channel recv len=17 entropy=3.97 bs_len=17 u16le=21314 u32le=1135426 ascii='BS...V.A......M.a'
[2026-06-10 22:30:27] channel BS frame #1149: body_len=13 head=9b 56 fb 41 8a 2e be e4 84 d5 4d 11 61 ascii='.V.A......M.a'
[2026-06-10 22:30:27] channel recv len=19 entropy=4.14 bs_len=19 u16le=21314 u32le=1266498 ascii='BS..!.. ........c.<'
[2026-06-10 22:30:27] channel BS frame #1150: body_len=15 head=21 a2 a3 20 05 f8 b2 e4 1f ee c2 ec 63 c2 3c ascii='!.. ........c.<'
[2026-06-10 22:30:27] channel recv len=19 entropy=4.25 bs_len=19 u16le=21314 u32le=1266498 ascii='BS...o.....^*..R..P'
[2026-06-10 22:30:27] channel BS frame #1151: body_len=15 head=e5 6f 85 09 a4 dd ea 5e 2a 89 ff 52 e1 ae 50 ascii='.o.....^*..R..P'
[2026-06-10 22:30:27] channel recv len=19 entropy=4.25 bs_len=19 u16le=21314 u32le=1266498 ascii='BS...q.....p.....Q$'
[2026-06-10 22:30:27] channel BS frame #1152: body_len=15 head=f6 71 e6 b4 8b b8 1d 70 fe f2 a0 bd e4 51 24 ascii='.q.....p.....Q$'
[2026-06-10 22:30:27] channel recv len=19 entropy=4.14 bs_len=19 u16le=21314 u32le=1266498 ascii='BS............p....'
[2026-06-10 22:30:27] channel BS frame #1153: body_len=15 head=0e f8 d6 e8 87 ca 18 da ad d0 70 13 b0 a8 ba ascii='..........p....'
[2026-06-10 22:30:27] channel recv len=17 entropy=3.97 bs_len=17 u16le=21314 u32le=1135426 ascii='BS....."h.}......'
[2026-06-10 22:30:27] channel BS frame #1154: body_len=13 head=f9 f9 c3 22 68 fe 7d a5 10 ec ee be 05 ascii='..."h.}......'
[2026-06-10 22:30:27] channel recv len=19 entropy=4.25 bs_len=19 u16le=21314 u32le=1266498 ascii='BS..YC9...Q;70tf.j.'
[2026-06-10 22:30:27] channel BS frame #1155: body_len=15 head=59 43 39 cc f0 0e 51 3b 37 30 74 66 93 6a df ascii='YC9...Q;70tf.j.'
[2026-06-10 22:30:27] channel recv len=19 entropy=4.25 bs_len=19 u16le=21314 u32le=1266498 ascii='BS..CL.....v...>.&.'
[2026-06-10 22:30:27] channel BS frame #1156: body_len=15 head=43 4c a8 d2 f5 d8 9f 76 86 df a5 3e bc 26 e3 ascii='CL.....v...>.&.'
[2026-06-10 22:30:27] channel recv len=19 entropy=4.04 bs_len=19 u16le=21314 u32le=1266498 ascii='BS...+.............'
[2026-06-10 22:30:27] channel BS frame #1157: body_len=15 head=01 2b bb bb 00 b9 0b fb 1e 02 18 04 fa 19 e1 ascii='.+.............'
[2026-06-10 22:30:28] channel recv len=17 entropy=4.09 bs_len=17 u16le=21314 u32le=1135426 ascii='BS...V.@.M......e'
[2026-06-10 22:30:28] channel BS frame #1158: body_len=13 head=98 56 a7 40 83 4d f7 02 18 df a5 f4 65 ascii='.V.@.M......e'
[2026-06-10 22:30:28] channel recv len=11 entropy=3.46 bs_len=11 u16le=21314 u32le=742210 ascii='BS......b..'
[2026-06-10 22:30:28] channel BS frame #1159: body_len=7 head=15 cb 13 10 62 ef a6 ascii='....b..'
[2026-06-10 22:30:28] channel recv len=13 entropy=3.55 bs_len=13 u16le=21314 u32le=873282 ascii='BS..^D0...]0.'
[2026-06-10 22:30:28] channel BS frame #1160: body_len=9 head=5e 44 30 de c7 bc 5d 30 a6 ascii='^D0...]0.'
[2026-06-10 22:30:28] channel recv len=19 entropy=4.25 bs_len=19 u16le=21314 u32le=1266498 ascii='BS...T_....H...s..y'
[2026-06-10 22:30:28] channel BS frame #1161: body_len=15 head=bd 54 5f c7 d0 16 b5 48 11 a7 a5 73 d8 82 79 ascii='.T_....H...s..y'
[2026-06-10 22:30:28] channel recv len=15 entropy=3.91 bs_len=15 u16le=21314 u32le=1004354 ascii='BS...UI...6^...'
[2026-06-10 22:30:28] channel BS frame #1162: body_len=11 head=e1 55 49 ef a8 dc 36 5e e3 87 15 ascii='.UI...6^...'
[2026-06-10 22:30:28] channel recv len=17 entropy=4.09 bs_len=17 u16le=21314 u32le=1135426 ascii='BS..x......g..E}.'
[2026-06-10 22:30:28] channel BS frame #1163: body_len=13 head=78 c0 e3 9e 15 cc eb 67 ed 1a 45 7d 9f ascii='x......g..E}.'
[2026-06-10 22:30:28] channel recv len=15 entropy=3.91 bs_len=15 u16le=21314 u32le=1004354 ascii='BS..1}...-.C>X4'
[2026-06-10 22:30:28] channel BS frame #1164: body_len=11 head=31 7d e7 9b e2 2d a2 43 3e 58 34 ascii='1}...-.C>X4'
[2026-06-10 22:30:28] channel recv len=15 entropy=3.77 bs_len=15 u16le=21314 u32le=1004354 ascii='BS..<.....u.T..'
[2026-06-10 22:30:28] channel BS frame #1165: body_len=11 head=3c e1 c3 91 90 8e 75 0b 54 c3 06 ascii='<.....u.T..'
[2026-06-10 22:30:28] channel recv len=15 entropy=3.91 bs_len=15 u16le=21314 u32le=1004354 ascii='BS......lu[._..'
[2026-06-10 22:30:28] channel BS frame #1166: body_len=11 head=eb 8e d1 a9 6c 75 5b 1b 5f 9e cf ascii='....lu[._..'
[2026-06-10 22:30:28] channel recv len=17 entropy=4.09 bs_len=17 u16le=21314 u32le=1135426 ascii='BS..h.......Aj...'
[2026-06-10 22:30:28] channel BS frame #1167: body_len=13 head=68 c5 bc 99 b6 b9 f6 8c 41 6a ed bf a8 ascii='h.......Aj...'
[2026-06-10 22:30:28] channel recv len=19 entropy=4.14 bs_len=19 u16le=21314 u32le=1266498 ascii='BS.....l..3.ts...e.'
[2026-06-10 22:30:28] channel BS frame #1168: body_len=15 head=ca 89 89 6c d4 c6 33 12 74 73 8e be c0 65 8c ascii='...l..3.ts...e.'
[2026-06-10 22:30:28] channel recv len=11 entropy=3.46 bs_len=11 u16le=21314 u32le=742210 ascii='BS..*...V.6'
[2026-06-10 22:30:28] channel BS frame #1169: body_len=7 head=2a b2 03 b0 56 a8 36 ascii='*...V.6'
[2026-06-10 22:30:28] channel recv len=13 entropy=3.70 bs_len=13 u16le=21314 u32le=873282 ascii='BS..#G...4...'
[2026-06-10 22:30:28] channel BS frame #1170: body_len=9 head=23 47 a7 16 c3 34 1d d1 1c ascii='#G...4...'
[2026-06-10 22:30:29] channel recv len=11 entropy=3.46 bs_len=11 u16le=21314 u32le=742210 ascii='BS....O...|'
[2026-06-10 22:30:29] channel BS frame #1171: body_len=7 head=e1 bb 4f e6 0a fe 7c ascii='..O...|'
[2026-06-10 22:30:29] channel recv len=11 entropy=3.46 bs_len=11 u16le=21314 u32le=742210 ascii='BS..3.l.%_s'
[2026-06-10 22:30:29] channel BS frame #1172: body_len=7 head=33 d8 6c c7 25 5f 73 ascii='3.l.%_s'
[2026-06-10 22:30:29] channel recv len=11 entropy=3.46 bs_len=11 u16le=21314 u32le=742210 ascii='BS......X..'
[2026-06-10 22:30:29] channel BS frame #1173: body_len=7 head=87 b7 f0 e9 58 83 a8 ascii='....X..'
[2026-06-10 22:30:29] channel recv len=11 entropy=3.46 bs_len=11 u16le=21314 u32le=742210 ascii='BS......l..'
[2026-06-10 22:30:29] channel BS frame #1174: body_len=7 head=03 0d 2e 1f 6c 14 f2 ascii='....l..'
[2026-06-10 22:30:29] channel recv len=11 entropy=3.28 bs_len=11 u16le=21314 u32le=742210 ascii='BS.........'
[2026-06-10 22:30:29] channel BS frame #1175: body_len=7 head=cf f3 ee 90 ee bb ad ascii='.......'
[2026-06-10 22:30:29] channel recv len=5 entropy=2.32 bs_len=5 u16le=21314 u32le=348994 ascii='BS...'
[2026-06-10 22:30:29] channel BS frame #1176: body_len=1 head=e6 ascii='.'
[2026-06-10 22:30:29] channel replay observed client frame #1176; server frames sent=408
[2026-06-10 22:30:29] channel recv len=11 entropy=3.46 bs_len=11 u16le=21314 u32le=742210 ascii='BS.."...e5.'
[2026-06-10 22:30:29] channel BS frame #1177: body_len=7 head=22 85 ce 02 65 35 fc ascii='"...e5.'
[2026-06-10 22:30:29] channel recv len=13 entropy=3.70 bs_len=13 u16le=21314 u32le=873282 ascii='BS...jOL{...F'
[2026-06-10 22:30:29] channel BS frame #1178: body_len=9 head=8f 6a 4f 4c 7b b7 c3 c5 46 ascii='.jOL{...F'
[2026-06-10 22:30:30] channel recv len=17 entropy=3.97 bs_len=17 u16le=21314 u32le=1135426 ascii='BS.....9LL...^s..'
[2026-06-10 22:30:30] channel BS frame #1179: body_len=13 head=b1 e9 f3 39 4c 4c 0a 9a 9c 5e 73 8d d9 ascii='...9LL...^s..'
[2026-06-10 22:30:30] channel recv len=17 entropy=3.85 bs_len=17 u16le=21314 u32le=1135426 ascii='BS...Hf.2.Hd. .l.'
[2026-06-10 22:30:30] channel BS frame #1180: body_len=13 head=d0 48 66 bd 32 0c 48 64 d1 20 de 6c d1 ascii='.Hf.2.Hd. .l.'
[2026-06-10 22:30:30] channel recv len=15 entropy=3.91 bs_len=15 u16le=21314 u32le=1004354 ascii='BS..zC.AK.c.s..'
[2026-06-10 22:30:30] channel BS frame #1181: body_len=11 head=7a 43 1e 41 4b b1 63 06 73 83 8a ascii='zC.AK.c.s..'
[2026-06-10 22:30:30] channel recv len=13 entropy=3.70 bs_len=13 u16le=21314 u32le=873282 ascii='BS..a....*..e'
[2026-06-10 22:30:30] channel BS frame #1182: body_len=9 head=61 ac f2 e3 17 2a ad f0 65 ascii='a....*..e'
[2026-06-10 22:30:30] channel recv len=15 entropy=3.77 bs_len=15 u16le=21314 u32le=1004354 ascii='BS...Q.~.^..;.J'
[2026-06-10 22:30:30] channel BS frame #1183: body_len=11 head=8b 51 00 7e 0c 5e 0b ad 3b a6 4a ascii='.Q.~.^..;.J'
[2026-06-10 22:30:30] channel recv len=13 entropy=3.70 bs_len=13 u16le=21314 u32le=873282 ascii='BS..Hp...k|..'
[2026-06-10 22:30:30] channel BS frame #1184: body_len=9 head=48 70 8b 82 d9 6b 7c c7 0b ascii='Hp...k|..'
[2026-06-10 22:30:30] channel recv len=13 entropy=3.55 bs_len=13 u16le=21314 u32le=873282 ascii="BS...q.'....."
[2026-06-10 22:30:30] channel BS frame #1185: body_len=9 head=fa 71 9f 27 bd bd b5 bc 88 ascii=".q.'....."
[2026-06-10 22:30:30] channel recv len=15 entropy=3.77 bs_len=15 u16le=21314 u32le=1004354 ascii='BS...&.VG....S.'
[2026-06-10 22:30:30] channel BS frame #1186: body_len=11 head=07 26 fb 56 47 a7 d3 f7 c9 53 93 ascii='.&.VG....S.'
[2026-06-10 22:30:30] channel recv len=13 entropy=3.70 bs_len=13 u16le=21314 u32le=873282 ascii='BS....D~..5ML'
[2026-06-10 22:30:30] channel BS frame #1187: body_len=9 head=fb ca 44 7e ec cc 35 4d 4c ascii='..D~..5ML'
[2026-06-10 22:30:31] channel recv len=17 entropy=4.09 bs_len=17 u16le=21314 u32le=1135426 ascii='BS..o./....\\].%Ns'
[2026-06-10 22:30:31] channel BS frame #1188: body_len=13 head=6f ac 2f 9e 8b ae d9 5c 5d e7 25 4e 73 ascii='o./....\\].%Ns'
[2026-06-10 22:30:31] channel recv len=17 entropy=4.09 bs_len=17 u16le=21314 u32le=1135426 ascii='BS...f.*.../....2'
[2026-06-10 22:30:31] channel BS frame #1189: body_len=13 head=d2 66 e8 2a 0c d4 83 2f 86 e7 16 01 32 ascii='.f.*.../....2'
[2026-06-10 22:30:31] channel recv len=17 entropy=4.09 bs_len=17 u16le=21314 u32le=1135426 ascii='BS..a..x..0......'
[2026-06-10 22:30:31] channel BS frame #1190: body_len=13 head=61 1a a2 78 08 be 30 09 a4 97 8d e5 10 ascii='a..x..0......'
[2026-06-10 22:30:31] channel recv len=17 entropy=3.97 bs_len=17 u16le=21314 u32le=1135426 ascii='BS..#....v<..3.2.'
[2026-06-10 22:30:31] channel BS frame #1191: body_len=13 head=23 c8 11 c5 7f 76 3c 80 d9 33 85 32 07 ascii='#....v<..3.2.'
[2026-06-10 22:30:31] channel recv len=17 entropy=3.97 bs_len=17 u16le=21314 u32le=1135426 ascii='BS....yo...XK.O..'
[2026-06-10 22:30:31] channel BS frame #1192: body_len=13 head=d1 9c 79 6f f1 d8 00 58 4b 0d 4f ee b8 ascii='..yo...XK.O..'
[2026-06-10 22:30:31] channel recv len=17 entropy=3.97 bs_len=17 u16le=21314 u32le=1135426 ascii='BS....F5....U...F'
[2026-06-10 22:30:31] channel BS frame #1193: body_len=13 head=c5 b8 46 35 dd b9 0e bc 55 e4 9a 9d 46 ascii='..F5....U...F'
[2026-06-10 22:30:31] channel recv len=13 entropy=3.70 bs_len=13 u16le=21314 u32le=873282 ascii='BS....-...v..'
[2026-06-10 22:30:31] channel BS frame #1194: body_len=9 head=07 be 2d 19 bc b6 76 b2 f9 ascii='..-...v..'
[2026-06-10 22:30:31] channel recv len=15 entropy=3.64 bs_len=15 u16le=21314 u32le=1004354 ascii='BS....!..q.gq..'
[2026-06-10 22:30:31] channel BS frame #1195: body_len=11 head=fb b0 21 c3 fb 71 bd 67 71 b2 f9 ascii='..!..q.gq..'
[2026-06-10 22:30:31] channel recv len=13 entropy=3.70 bs_len=13 u16le=21314 u32le=873282 ascii='BS..........-'
[2026-06-10 22:30:31] channel BS frame #1196: body_len=9 head=fb 92 c4 d3 bc e9 13 fe 2d ascii='........-'
[2026-06-10 22:30:31] channel recv len=15 entropy=3.77 bs_len=15 u16le=21314 u32le=1004354 ascii='BS.....b.\\.5...'
[2026-06-10 22:30:31] channel BS frame #1197: body_len=11 head=00 b6 14 62 81 5c d0 35 0a 17 f8 ascii='...b.\\.5...'
[2026-06-10 22:30:32] channel recv len=17 entropy=3.97 bs_len=17 u16le=21314 u32le=1135426 ascii='BS...........E...'
[2026-06-10 22:30:32] channel BS frame #1198: body_len=13 head=e0 92 c6 ff dd 13 f8 c8 fd 45 c6 a9 06 ascii='.........E...'
[2026-06-10 22:30:32] channel recv len=17 entropy=3.97 bs_len=17 u16le=21314 u32le=1135426 ascii='BS....o........!)'
[2026-06-10 22:30:32] channel BS frame #1199: body_len=13 head=f3 ca 6f 84 dd 2e e9 81 1a e9 ac 21 29 ascii='..o........!)'
[2026-06-10 22:30:32] channel recv len=15 entropy=3.91 bs_len=15 u16le=21314 u32le=1004354 ascii='BS.....;.....8P'
[2026-06-10 22:30:32] channel BS frame #1200: body_len=11 head=1f bb b3 3b 91 01 bd f8 a4 38 50 ascii='...;.....8P'
[2026-06-10 22:30:32] channel recv len=17 entropy=3.85 bs_len=17 u16le=21314 u32le=1135426 ascii='BS.._....._0./.g#'
[2026-06-10 22:30:32] channel BS frame #1201: body_len=13 head=5f ff c1 ff dd af 5f 30 89 2f b3 67 23 ascii='_....._0./.g#'
[2026-06-10 22:30:32] channel recv len=15 entropy=3.91 bs_len=15 u16le=21314 u32le=1004354 ascii='BS....1.%...q.Z'
[2026-06-10 22:30:32] channel BS frame #1202: body_len=11 head=db 8f 31 c0 25 be b4 fe 71 b5 5a ascii='..1.%...q.Z'
[2026-06-10 22:30:32] channel recv len=17 entropy=3.97 bs_len=17 u16le=21314 u32le=1135426 ascii='BS..n.X.......?p.'
[2026-06-10 22:30:32] channel BS frame #1203: body_len=13 head=6e f6 58 ff dd b8 98 ba cb f6 3f 70 d5 ascii='n.X.......?p.'
[2026-06-10 22:30:32] channel recv len=9 entropy=3.17 bs_len=9 u16le=21314 u32le=611138 ascii='BS..3....'
[2026-06-10 22:30:32] channel BS frame #1204: body_len=5 head=33 eb f2 fc a2 ascii='3....'
[2026-06-10 22:30:32] channel recv len=11 entropy=3.46 bs_len=11 u16le=21314 u32le=742210 ascii='BS.....8r..'
[2026-06-10 22:30:32] channel BS frame #1205: body_len=7 head=88 15 cd 38 72 9e c0 ascii='...8r..'
[2026-06-10 22:30:32] channel recv len=5 entropy=2.32 bs_len=5 u16le=21314 u32le=348994 ascii='BS..&'
[2026-06-10 22:30:32] channel BS frame #1206: body_len=1 head=26 ascii='&'
[2026-06-10 22:30:32] channel replay observed client frame #1206; server frames sent=418
[2026-06-10 22:30:32] channel recv len=17 entropy=4.09 bs_len=17 u16le=21314 u32le=1135426 ascii='BS.....l.P.L1[R..'
[2026-06-10 22:30:32] channel BS frame #1207: body_len=13 head=be 1f bd 6c c3 50 db 4c 31 5b 52 9d 1a ascii='...l.P.L1[R..'
[2026-06-10 22:30:32] channel recv len=17 entropy=3.97 bs_len=17 u16le=21314 u32le=1135426 ascii='BS....;..7..=.h=.'
[2026-06-10 22:30:32] channel BS frame #1208: body_len=13 head=fa e9 3b ea ef 37 e0 d4 3d cc 68 3d 0d ascii='..;..7..=.h=.'
[2026-06-10 22:30:33] channel recv len=17 entropy=3.69 bs_len=17 u16le=21314 u32le=1135426 ascii='BS.. .;.Uf....f$.'
[2026-06-10 22:30:33] channel BS frame #1209: body_len=13 head=20 e9 3b e9 55 66 e9 1f e5 94 66 24 97 ascii=' .;.Uf....f$.'
[2026-06-10 22:30:33] channel recv len=17 entropy=4.09 bs_len=17 u16le=21314 u32le=1135426 ascii='BS..A....V...k..`'
[2026-06-10 22:30:33] channel BS frame #1210: body_len=13 head=41 ad 05 9f c3 56 ee d7 f8 6b d8 c6 60 ascii='A....V...k..`'
[2026-06-10 22:30:33] channel recv len=19 entropy=3.83 bs_len=19 u16le=21314 u32le=1266498 ascii='BS...A..(..A...+...'
[2026-06-10 22:30:33] channel BS frame #1211: body_len=15 head=e8 41 ad a6 28 aa fe 41 0e a1 0e 2b 13 ad 82 ascii='.A..(..A...+...'
[2026-06-10 22:30:33] channel recv len=17 entropy=4.09 bs_len=17 u16le=21314 u32le=1135426 ascii='BS...`8}.F.$.....'
[2026-06-10 22:30:33] channel BS frame #1212: body_len=13 head=e6 60 38 7d 9d 46 87 24 fa 15 b0 81 f8 ascii='.`8}.F.$.....'
[2026-06-10 22:30:33] channel recv len=17 entropy=4.09 bs_len=17 u16le=21314 u32le=1135426 ascii='BS....)J4G-....n*'
[2026-06-10 22:30:33] channel BS frame #1213: body_len=13 head=ab 01 29 4a 34 47 2d fa e9 e4 fd 6e 2a ascii='..)J4G-....n*'
[2026-06-10 22:30:33] channel recv len=15 entropy=3.77 bs_len=15 u16le=21314 u32le=1004354 ascii='BS.......MO.|..'
[2026-06-10 22:30:33] channel BS frame #1214: body_len=11 head=fe 93 b4 00 0b 4d 4f ae 7c 84 d2 ascii='.....MO.|..'
[2026-06-10 22:30:33] channel recv len=17 entropy=4.09 bs_len=17 u16le=21314 u32le=1135426 ascii='BS..p..Z.~3..yg..'
[2026-06-10 22:30:33] channel BS frame #1215: body_len=13 head=70 aa 99 5a b9 7e 33 2e 16 79 67 91 1c ascii='p..Z.~3..yg..'
[2026-06-10 22:30:33] channel recv len=17 entropy=4.09 bs_len=17 u16le=21314 u32le=1135426 ascii='BS.....7..-.....R'
[2026-06-10 22:30:33] channel BS frame #1216: body_len=13 head=1b 82 a8 37 b6 dc 2d c7 da 19 01 b4 52 ascii='...7..-.....R'
[2026-06-10 22:30:33] channel recv len=17 entropy=4.09 bs_len=17 u16le=21314 u32le=1135426 ascii='BS...`..[J.../.au'
[2026-06-10 22:30:33] channel BS frame #1217: body_len=13 head=98 60 f2 fa 5b 4a 91 a8 0b 2f b0 61 75 ascii='.`..[J.../.au'
[2026-06-10 22:30:34] channel recv len=17 entropy=4.09 bs_len=17 u16le=21314 u32le=1135426 ascii='BS........w5l./..'
[2026-06-10 22:30:34] channel BS frame #1218: body_len=13 head=b9 e4 e0 9d 9c c9 77 35 6c c7 2f 1d de ascii='......w5l./..'
[2026-06-10 22:30:34] channel recv len=17 entropy=4.09 bs_len=17 u16le=21314 u32le=1135426 ascii='BS...u.c#.8....)F'
[2026-06-10 22:30:34] channel BS frame #1219: body_len=13 head=fd 75 10 63 23 af 38 c5 aa 07 f4 29 46 ascii='.u.c#.8....)F'
[2026-06-10 22:30:34] channel recv len=17 entropy=3.97 bs_len=17 u16le=21314 u32le=1135426 ascii='BS....2~....8.|..'
[2026-06-10 22:30:34] channel BS frame #1220: body_len=13 head=c9 99 32 7e fa c5 0b a7 38 ce 7c 04 04 ascii='..2~....8.|..'
[2026-06-10 22:30:34] channel recv len=13 entropy=3.70 bs_len=13 u16le=21314 u32le=873282 ascii='BS...,.f.>..L'
[2026-06-10 22:30:34] channel BS frame #1221: body_len=9 head=89 2c 05 66 2e 3e c7 da 4c ascii='.,.f.>..L'
[2026-06-10 22:30:34] channel recv len=13 entropy=3.70 bs_len=13 u16le=21314 u32le=873282 ascii='BS..~..!..y..'
[2026-06-10 22:30:34] channel BS frame #1222: body_len=9 head=7e c2 03 21 f0 7f 79 fa bc ascii='~..!..y..'
[2026-06-10 22:30:34] channel recv len=19 entropy=4.14 bs_len=19 u16le=21314 u32le=1266498 ascii='BS...k2. ..7~.3..>.'
[2026-06-10 22:30:34] channel BS frame #1223: body_len=15 head=8f 6b 32 8f 20 c8 16 37 7e ff 33 85 e4 3e 82 ascii='.k2. ..7~.3..>.'
[2026-06-10 22:30:34] channel recv len=17 entropy=3.97 bs_len=17 u16le=21314 u32le=1135426 ascii="BS.....'.*..>.}.("
[2026-06-10 22:30:34] channel BS frame #1224: body_len=13 head=df 9a 0e 27 aa 2a 89 00 3e 9d 7d dc 28 ascii="...'.*..>.}.("
[2026-06-10 22:30:34] channel recv len=17 entropy=3.97 bs_len=17 u16le=21314 u32le=1135426 ascii='BS...17..SL!..VjD'
[2026-06-10 22:30:34] channel BS frame #1225: body_len=13 head=12 31 37 b2 88 53 4c 21 0b ea 56 6a 44 ascii='.17..SL!..VjD'
[2026-06-10 22:30:34] channel recv len=17 entropy=3.97 bs_len=17 u16le=21314 u32le=1135426 ascii='BS.......1&....27'
[2026-06-10 22:30:34] channel BS frame #1226: body_len=13 head=80 00 e4 18 9e 31 26 1f d1 19 fc 32 37 ascii='.....1&....27'
[2026-06-10 22:30:35] channel recv len=17 entropy=3.97 bs_len=17 u16le=21314 u32le=1135426 ascii='BS..-!..b........'
[2026-06-10 22:30:35] channel BS frame #1227: body_len=13 head=2d 21 95 96 62 eb f2 c7 e9 f5 bf f2 9f ascii='-!..b........'
[2026-06-10 22:30:35] channel recv len=17 entropy=3.97 bs_len=17 u16le=21314 u32le=1135426 ascii='BS.../J.._n:..}9:'
[2026-06-10 22:30:35] channel BS frame #1228: body_len=13 head=13 2f 4a b6 09 5f 6e 3a 84 a1 7d 39 3a ascii='./J.._n:..}9:'
[2026-06-10 22:30:35] channel recv len=17 entropy=4.09 bs_len=17 u16le=21314 u32le=1135426 ascii='BS....q.oT...jL%.'
[2026-06-10 22:30:35] channel BS frame #1229: body_len=13 head=d4 d6 71 c5 6f 54 b1 a3 f5 6a 4c 25 a8 ascii='..q.oT...jL%.'
[2026-06-10 22:30:35] channel recv len=17 entropy=3.85 bs_len=17 u16le=21314 u32le=1135426 ascii='BS....au~..h..S..'
[2026-06-10 22:30:35] channel BS frame #1230: body_len=13 head=d9 1b 61 75 7e 06 ba 68 15 88 53 11 d0 ascii='..au~..h..S..'
[2026-06-10 22:30:35] channel recv len=17 entropy=3.97 bs_len=17 u16le=21314 u32le=1135426 ascii='BS.......&.e.S."o'
[2026-06-10 22:30:35] channel BS frame #1231: body_len=13 head=8d aa d0 8a 8c 26 0a 65 ee 53 dc 22 6f ascii='.....&.e.S."o'
[2026-06-10 22:30:35] channel recv len=17 entropy=4.09 bs_len=17 u16le=21314 u32le=1135426 ascii='BS..+]Ln...h.Va.m'
[2026-06-10 22:30:35] channel BS frame #1232: body_len=13 head=2b 5d 4c 6e ae be da 68 dc 56 61 1a 6d ascii='+]Ln...h.Va.m'
[2026-06-10 22:30:35] channel recv len=5 entropy=2.32 bs_len=5 u16le=21314 u32le=348994 ascii='BS...'
[2026-06-10 22:30:35] channel BS frame #1233: body_len=1 head=b5 ascii='.'
[2026-06-10 22:30:35] channel replay observed client frame #1233; server frames sent=422
[2026-06-10 22:30:35] channel recv len=17 entropy=4.09 bs_len=17 u16le=21314 u32le=1135426 ascii='BS.........L.....'
[2026-06-10 22:30:35] channel BS frame #1234: body_len=13 head=02 a0 90 8b 1a 16 0d 4c 1e c8 17 f0 06 ascii='.......L.....'
[2026-06-10 22:30:35] channel recv len=17 entropy=3.97 bs_len=17 u16le=21314 u32le=1135426 ascii="BS....'....f..b.]"
[2026-06-10 22:30:35] channel BS frame #1235: body_len=13 head=94 05 27 04 ef 04 f0 66 e1 c4 62 ec 5d ascii="..'....f..b.]"
[2026-06-10 22:30:36] channel recv len=17 entropy=3.97 bs_len=17 u16le=21314 u32le=1135426 ascii='BS...............'
[2026-06-10 22:30:36] channel BS frame #1236: body_len=13 head=95 15 a5 86 86 a8 be a1 1c 0b fa fc 17 ascii='.............'
[2026-06-10 22:30:36] channel recv len=19 entropy=4.14 bs_len=19 u16le=21314 u32le=1266498 ascii='BS..S.......F..P-v.'
[2026-06-10 22:30:36] channel BS frame #1237: body_len=15 head=53 fa fe d0 dd c6 d5 9c 46 a2 b5 50 2d 76 04 ascii='S.......F..P-v.'
[2026-06-10 22:30:36] channel recv len=17 entropy=4.09 bs_len=17 u16le=21314 u32le=1135426 ascii='BS....].,..3t....'
[2026-06-10 22:30:36] channel BS frame #1238: body_len=13 head=9e b3 5d ed 2c ea 06 33 74 e9 ce b4 92 ascii='..].,..3t....'
[2026-06-10 22:30:36] channel recv len=17 entropy=4.09 bs_len=17 u16le=21314 u32le=1135426 ascii='BS..I.YW......4r{'
[2026-06-10 22:30:36] channel BS frame #1239: body_len=13 head=49 12 59 57 1e 85 fd 05 09 df 34 72 7b ascii='I.YW......4r{'
[2026-06-10 22:30:36] channel recv len=19 entropy=4.25 bs_len=19 u16le=21314 u32le=1266498 ascii='BS......m...w......'
[2026-06-10 22:30:36] channel BS frame #1240: body_len=15 head=01 bc 7f 88 6d c1 a3 96 77 ec 09 f7 ce d6 e5 ascii='....m...w......'
[2026-06-10 22:30:36] channel recv len=17 entropy=4.09 bs_len=17 u16le=21314 u32le=1135426 ascii='BS..x+)t...o...8.'
[2026-06-10 22:30:36] channel BS frame #1241: body_len=13 head=78 2b 29 74 13 0d b1 6f c9 a3 d2 38 07 ascii='x+)t...o...8.'
[2026-06-10 22:30:36] channel recv len=17 entropy=4.09 bs_len=17 u16le=21314 u32le=1135426 ascii='BS..l...p4.\\...L.'
[2026-06-10 22:30:36] channel BS frame #1242: body_len=13 head=6c 93 82 8a 70 34 a7 5c 19 f4 81 4c f2 ascii='l...p4.\\...L.'
[2026-06-10 22:30:36] channel recv len=11 entropy=3.46 bs_len=11 u16le=21314 u32le=742210 ascii='BS..=i<..[q'
[2026-06-10 22:30:36] channel BS frame #1243: body_len=7 head=3d 69 3c 1b de 5b 71 ascii='=i<..[q'
[2026-06-10 22:30:36] channel recv len=11 entropy=3.46 bs_len=11 u16le=21314 u32le=742210 ascii='BS...i<....'
[2026-06-10 22:30:36] channel BS frame #1244: body_len=7 head=db 69 3c 0f a3 83 80 ascii='.i<....'
[2026-06-10 22:30:37] channel recv len=11 entropy=3.46 bs_len=11 u16le=21314 u32le=742210 ascii='BS....5x:.<'
[2026-06-10 22:30:37] channel BS frame #1245: body_len=7 head=8d df 35 78 3a f3 3c ascii='..5x:.<'
[2026-06-10 22:30:37] channel recv len=13 entropy=3.70 bs_len=13 u16le=21314 u32le=873282 ascii='BS...y.6..);.'
[2026-06-10 22:30:37] channel BS frame #1246: body_len=9 head=86 79 d2 36 03 c4 29 3b e9 ascii='.y.6..);.'
[2026-06-10 22:30:37] channel recv len=19 entropy=4.14 bs_len=19 u16le=21314 u32le=1266498 ascii='BS..5...Yp.y ..r..{'
[2026-06-10 22:30:37] channel BS frame #1247: body_len=15 head=35 0c fa 0e 59 70 1b 79 20 fa aa 72 18 bb 7b ascii='5...Yp.y ..r..{'
[2026-06-10 22:30:37] channel recv len=19 entropy=4.14 bs_len=19 u16le=21314 u32le=1266498 ascii='BS..n.P..)......^..'
[2026-06-10 22:30:37] channel BS frame #1248: body_len=15 head=6e bd 50 bb f5 29 ae 0d d0 7f 12 95 5e bb a8 ascii='n.P..)......^..'
[2026-06-10 22:30:37] channel recv len=19 entropy=4.14 bs_len=19 u16le=21314 u32le=1266498 ascii='BS..9J...;}..8..W..'
[2026-06-10 22:30:37] channel BS frame #1249: body_len=15 head=39 4a 90 ca 0e 3b 7d db e2 38 f0 db 57 94 e8 ascii='9J...;}..8..W..'
[2026-06-10 22:30:37] channel recv len=17 entropy=3.85 bs_len=17 u16le=21314 u32le=1135426 ascii='BS..I.N..j.M.....'
[2026-06-10 22:30:37] channel BS frame #1250: body_len=13 head=49 ab 4e c4 00 6a 1d 4d d7 9d f7 8a ab ascii='I.N..j.M.....'
[2026-06-10 22:30:37] channel recv len=17 entropy=3.97 bs_len=17 u16le=21314 u32le=1135426 ascii='BS...M....R+}EF.}'
[2026-06-10 22:30:37] channel BS frame #1251: body_len=13 head=06 4d dc cd 98 a2 52 2b 7d 45 46 fb 7d ascii='.M....R+}EF.}'
[2026-06-10 22:30:37] channel recv len=11 entropy=3.28 bs_len=11 u16le=21314 u32le=742210 ascii='BS......g.v'
[2026-06-10 22:30:37] channel BS frame #1252: body_len=7 head=17 0b 1b fa 67 cf 76 ascii='....g.v'
[2026-06-10 22:30:37] channel recv len=13 entropy=3.55 bs_len=13 u16le=21314 u32le=873282 ascii='BS...`.X....X'
[2026-06-10 22:30:37] channel BS frame #1253: body_len=9 head=c3 60 c8 58 ea 8f de ef 58 ascii='.`.X....X'
[2026-06-10 22:30:37] channel recv len=19 entropy=4.25 bs_len=19 u16le=21314 u32le=1266498 ascii='BS..e{K..........C.'
[2026-06-10 22:30:37] channel BS frame #1254: body_len=15 head=65 7b 4b c4 fb be 18 ca b9 9c e2 d0 df 43 fe ascii='e{K..........C.'
[2026-06-10 22:30:37] channel recv len=17 entropy=4.09 bs_len=17 u16le=21314 u32le=1135426 ascii='BS.....t.5.......'
[2026-06-10 22:30:37] channel BS frame #1255: body_len=13 head=ef c0 bc 74 01 35 c4 84 e5 ea f2 ec f8 ascii='...t.5.......'
[2026-06-10 22:30:38] channel recv len=17 entropy=4.09 bs_len=17 u16le=21314 u32le=1135426 ascii='BS..........Q.b.4'
[2026-06-10 22:30:38] channel BS frame #1256: body_len=13 head=af 90 ab 2e 08 02 9b c8 51 ec 62 15 34 ascii='........Q.b.4'
[2026-06-10 22:30:38] channel recv len=17 entropy=3.97 bs_len=17 u16le=21314 u32le=1135426 ascii='BS..............-'
[2026-06-10 22:30:38] channel BS frame #1257: body_len=13 head=ec 07 1c e6 15 af ff bb c0 13 c0 95 2d ascii='............-'
[2026-06-10 22:30:38] channel recv len=19 entropy=4.14 bs_len=19 u16le=21314 u32le=1266498 ascii='BS..n....@...8.Y.B\\'
[2026-06-10 22:30:38] channel BS frame #1258: body_len=15 head=6e 08 d0 b5 b6 40 81 1a cd 38 17 59 16 42 5c ascii='n....@...8.Y.B\\'
[2026-06-10 22:30:38] channel recv len=17 entropy=4.09 bs_len=17 u16le=21314 u32le=1135426 ascii='BS......*Q.....1.'
[2026-06-10 22:30:38] channel BS frame #1259: body_len=13 head=e4 da 07 dd 2a 51 8e f9 d5 b2 05 31 ea ascii='....*Q.....1.'
[2026-06-10 22:30:38] channel recv len=17 entropy=3.97 bs_len=17 u16le=21314 u32le=1135426 ascii='BS.........pL....'
[2026-06-10 22:30:38] channel BS frame #1260: body_len=13 head=e2 da 07 87 c0 f6 c5 70 4c c0 e0 c9 9f ascii='.......pL....'
[2026-06-10 22:30:38] channel recv len=17 entropy=3.97 bs_len=17 u16le=21314 u32le=1135426 ascii='BS..+....v...jg.s'
[2026-06-10 22:30:38] channel BS frame #1261: body_len=13 head=2b 9c 11 fa 05 76 1d a5 da 6a 67 dc 73 ascii='+....v...jg.s'
[2026-06-10 22:30:38] channel recv len=19 entropy=4.25 bs_len=19 u16le=21314 u32le=1266498 ascii='BS..._.X.[.!i=..?..'
[2026-06-10 22:30:38] channel BS frame #1262: body_len=15 head=1a 5f a1 58 f5 5b 92 21 69 3d 8c 16 3f 9c be ascii='._.X.[.!i=..?..'
[2026-06-10 22:30:38] channel recv len=5 entropy=2.32 bs_len=5 u16le=21314 u32le=348994 ascii='BS...'
[2026-06-10 22:30:38] channel BS frame #1263: body_len=1 head=93 ascii='.'
[2026-06-10 22:30:38] channel replay observed client frame #1263; server frames sent=430
[2026-06-10 22:30:38] channel recv len=17 entropy=4.09 bs_len=17 u16le=21314 u32le=1135426 ascii='BS...4.*j.....dx.'
[2026-06-10 22:30:38] channel BS frame #1264: body_len=13 head=8d 34 c4 2a 6a 9c 92 1c d2 a6 64 78 87 ascii='.4.*j.....dx.'
[2026-06-10 22:30:38] channel recv len=17 entropy=3.97 bs_len=17 u16le=21314 u32le=1135426 ascii='BS.....f......u..'
[2026-06-10 22:30:38] channel BS frame #1265: body_len=13 head=88 c2 a5 66 d9 19 fd 19 95 f4 75 b3 87 ascii='...f......u..'
[2026-06-10 22:30:39] channel recv len=17 entropy=4.09 bs_len=17 u16le=21314 u32le=1135426 ascii='BS.....T.....4m..'
[2026-06-10 22:30:39] channel BS frame #1266: body_len=13 head=bf d2 f9 54 85 0d 09 c3 17 34 6d b7 82 ascii='...T.....4m..'
[2026-06-10 22:30:39] channel recv len=17 entropy=3.97 bs_len=17 u16le=21314 u32le=1135426 ascii='BS....SlU.i......'
[2026-06-10 22:30:39] channel BS frame #1267: body_len=13 head=86 c4 53 6c 55 b5 69 ac 14 af 99 c8 04 ascii='..SlU.i......'
[2026-06-10 22:30:39] channel recv len=13 entropy=3.70 bs_len=13 u16le=21314 u32le=873282 ascii='BS......\\. 5.'
[2026-06-10 22:30:39] channel BS frame #1268: body_len=9 head=15 c2 06 e4 5c 9c 20 35 bb ascii='....\\. 5.'
[2026-06-10 22:30:39] channel recv len=13 entropy=3.70 bs_len=13 u16le=21314 u32le=873282 ascii='BS...,.T7(.~n'
[2026-06-10 22:30:39] channel BS frame #1269: body_len=9 head=ad 2c a1 54 37 28 bc 7e 6e ascii='.,.T7(.~n'
[2026-06-10 22:30:39] channel recv len=17 entropy=4.09 bs_len=17 u16le=21314 u32le=1135426 ascii='BS...w.k..7......'
[2026-06-10 22:30:39] channel BS frame #1270: body_len=13 head=b3 77 c5 6b 17 80 37 ca 1e b0 15 03 ee ascii='.w.k..7......'
[2026-06-10 22:30:39] channel recv len=19 entropy=4.25 bs_len=19 u16le=21314 u32le=1266498 ascii='BS....g..<.KFD...XI'
[2026-06-10 22:30:39] channel BS frame #1271: body_len=15 head=15 fb 67 c3 be 3c 04 4b 46 44 ed ca a1 58 49 ascii='..g..<.KFD...XI'
[2026-06-10 22:30:39] channel recv len=17 entropy=3.97 bs_len=17 u16le=21314 u32le=1135426 ascii='BS.......r.=.....'
[2026-06-10 22:30:39] channel BS frame #1272: body_len=13 head=ba 08 a6 f1 ec 72 d4 3d c8 00 0f fb a2 ascii='.....r.=.....'
[2026-06-10 22:30:39] channel recv len=17 entropy=4.09 bs_len=17 u16le=21314 u32le=1135426 ascii='BS....,...i>....*'
[2026-06-10 22:30:39] channel BS frame #1273: body_len=13 head=8c 8a 2c a1 f9 98 69 3e f6 f5 f1 d2 2a ascii='..,...i>....*'
[2026-06-10 22:30:39] channel recv len=19 entropy=4.14 bs_len=19 u16le=21314 u32le=1266498 ascii='BS......(..9.+D ...'
[2026-06-10 22:30:39] channel BS frame #1274: body_len=15 head=ef cb c3 e6 28 8e 9d 39 ef 2b 44 20 d6 a7 15 ascii='....(..9.+D ...'
[2026-06-10 22:30:40] channel recv len=17 entropy=3.97 bs_len=17 u16le=21314 u32le=1135426 ascii='BS...!a.)7../va..'
[2026-06-10 22:30:40] channel BS frame #1275: body_len=13 head=10 21 61 cd 29 37 ce a2 2f 76 61 8b 04 ascii='.!a.)7../va..'
[2026-06-10 22:30:40] channel recv len=17 entropy=4.09 bs_len=17 u16le=21314 u32le=1135426 ascii='BS..v.Q.....]..tI'
[2026-06-10 22:30:40] channel BS frame #1276: body_len=13 head=76 c0 51 f3 c6 bf 95 0b 5d d3 09 74 49 ascii='v.Q.....]..tI'
[2026-06-10 22:30:40] channel recv len=17 entropy=4.09 bs_len=17 u16le=21314 u32le=1135426 ascii='BS..u.z.>.o..`.].'
[2026-06-10 22:30:40] channel BS frame #1277: body_len=13 head=75 d7 7a ff 3e 04 6f 0e f3 60 b1 5d f9 ascii='u.z.>.o..`.].'
[2026-06-10 22:30:40] channel recv len=17 entropy=4.09 bs_len=17 u16le=21314 u32le=1135426 ascii='BS..[.z$.....Y.aP'
[2026-06-10 22:30:40] channel BS frame #1278: body_len=13 head=5b 0d 7a 24 80 02 c4 e7 c3 59 03 61 50 ascii='[.z$.....Y.aP'
[2026-06-10 22:30:40] channel recv len=17 entropy=4.09 bs_len=17 u16le=21314 u32le=1135426 ascii='BS...^T.A.o,Y.V.g'
[2026-06-10 22:30:40] channel BS frame #1279: body_len=13 head=a0 5e 54 eb 41 f1 6f 2c 59 cf 56 c2 67 ascii='.^T.A.o,Y.V.g'
[2026-06-10 22:30:40] channel recv len=15 entropy=3.91 bs_len=15 u16le=21314 u32le=1004354 ascii='BS..Y....j....='
[2026-06-10 22:30:40] channel BS frame #1280: body_len=11 head=59 cb 97 fa b3 6a fc c4 01 c5 3d ascii='Y....j....='
[2026-06-10 22:30:40] channel recv len=15 entropy=3.91 bs_len=15 u16le=21314 u32le=1004354 ascii='BS......"b....)'
[2026-06-10 22:30:40] channel BS frame #1281: body_len=11 head=c9 8f a1 08 22 62 d6 b9 e6 11 29 ascii='...."b....)'
[2026-06-10 22:30:40] channel recv len=13 entropy=3.70 bs_len=13 u16le=21314 u32le=873282 ascii="BS.....'^...."
[2026-06-10 22:30:40] channel BS frame #1282: body_len=9 head=f4 a4 8b 27 5e a3 8c d2 ca ascii="...'^...."
[2026-06-10 22:30:40] channel recv len=13 entropy=3.55 bs_len=13 u16le=21314 u32le=873282 ascii='BS.....%r.).M'
[2026-06-10 22:30:40] channel BS frame #1283: body_len=9 head=d5 1a 00 25 72 fc 29 f9 4d ascii='...%r.).M'
[2026-06-10 22:30:40] channel recv len=13 entropy=3.70 bs_len=13 u16le=21314 u32le=873282 ascii='BS..N.....E.x'
[2026-06-10 22:30:40] channel BS frame #1284: body_len=9 head=4e 12 88 0b bd f2 45 04 78 ascii='N.....E.x'
[2026-06-10 22:30:41] channel recv len=17 entropy=4.09 bs_len=17 u16le=21314 u32le=1135426 ascii='BS.......+.9..../'
[2026-06-10 22:30:41] channel BS frame #1285: body_len=13 head=a6 17 da c1 90 2b c7 39 8a 06 12 84 2f ascii='.....+.9..../'
[2026-06-10 22:30:41] channel recv len=17 entropy=3.97 bs_len=17 u16le=21314 u32le=1135426 ascii='BS..D..W......5..'
[2026-06-10 22:30:41] channel BS frame #1286: body_len=13 head=44 d0 17 57 06 17 eb a6 cd 1f 35 a5 dd ascii='D..W......5..'
[2026-06-10 22:30:41] channel recv len=17 entropy=4.09 bs_len=17 u16le=21314 u32le=1135426 ascii='BS..x{..w.[.c...C'
[2026-06-10 22:30:41] channel BS frame #1287: body_len=13 head=78 7b f9 cb 77 ee 5b df 63 c2 a0 18 43 ascii='x{..w.[.c...C'
[2026-06-10 22:30:41] channel recv len=17 entropy=4.09 bs_len=17 u16le=21314 u32le=1135426 ascii='BS...@t.RD.V.....'
[2026-06-10 22:30:41] channel BS frame #1288: body_len=13 head=bb 40 74 b1 52 44 c6 56 04 7f 0d db a6 ascii='.@t.RD.V.....'
[2026-06-10 22:30:41] channel recv len=17 entropy=3.85 bs_len=17 u16le=21314 u32le=1135426 ascii='BS..Nj....A`.ON.A'
[2026-06-10 22:30:41] channel BS frame #1289: body_len=13 head=4e 6a 80 f7 b4 1b 41 60 e0 4f 4e 94 41 ascii='Nj....A`.ON.A'
[2026-06-10 22:30:41] channel recv len=17 entropy=3.97 bs_len=17 u16le=21314 u32le=1135426 ascii='BS...............'
[2026-06-10 22:30:41] channel BS frame #1290: body_len=13 head=02 02 d2 bf 16 dd d7 b3 e6 fd f9 aa bc ascii='.............'
[2026-06-10 22:30:41] channel recv len=5 entropy=2.32 bs_len=5 u16le=21314 u32le=348994 ascii='BS...'
[2026-06-10 22:30:41] channel BS frame #1291: body_len=1 head=86 ascii='.'
[2026-06-10 22:30:41] channel replay observed client frame #1291; server frames sent=440
[2026-06-10 22:30:41] channel recv len=13 entropy=3.70 bs_len=13 u16le=21314 u32le=873282 ascii='BS..v.]..[<6/'
[2026-06-10 22:30:41] channel BS frame #1292: body_len=9 head=76 e5 5d 1c 7f 5b 3c 36 2f ascii='v.]..[<6/'
[2026-06-10 22:30:41] channel recv len=13 entropy=3.55 bs_len=13 u16le=21314 u32le=873282 ascii='BS..GP.P..Z=.'
[2026-06-10 22:30:41] channel BS frame #1293: body_len=9 head=47 50 e1 50 fe a0 5a 3d f3 ascii='GP.P..Z=.'
[2026-06-10 22:30:42] channel recv len=17 entropy=3.97 bs_len=17 u16le=21314 u32le=1135426 ascii='BS...4r;.`v...]K.'
[2026-06-10 22:30:42] channel BS frame #1294: body_len=13 head=bc 34 72 3b ac 60 76 d6 93 bd 5d 4b bc ascii='.4r;.`v...]K.'
[2026-06-10 22:30:42] channel recv len=17 entropy=4.09 bs_len=17 u16le=21314 u32le=1135426 ascii='BS..X....^...T.t('
[2026-06-10 22:30:42] channel BS frame #1295: body_len=13 head=58 b6 f3 e3 ca 5e 8a 0c d3 54 84 74 28 ascii='X....^...T.t('
[2026-06-10 22:30:42] channel recv len=19 entropy=3.89 bs_len=19 u16le=21314 u32le=1266498 ascii='BS..@.-S..d...e....'
[2026-06-10 22:30:42] channel BS frame #1296: body_len=15 head=40 e9 2d 53 be 15 64 ee e9 e9 65 a5 b8 ea a2 ascii='@.-S..d...e....'
[2026-06-10 22:30:42] channel recv len=19 entropy=4.14 bs_len=19 u16le=21314 u32le=1266498 ascii='BS..h....I..76.,...'
[2026-06-10 22:30:42] channel BS frame #1297: body_len=15 head=68 bf 08 ce f4 49 1b 0e 37 36 08 2c 0f ca ac ascii='h....I..76.,...'
[2026-06-10 22:30:42] channel recv len=17 entropy=3.97 bs_len=17 u16le=21314 u32le=1135426 ascii='BS...........7MC.'
[2026-06-10 22:30:42] channel BS frame #1298: body_len=13 head=d1 ff 1e 0f c2 dd 07 0d 83 37 4d 43 0f ascii='.........7MC.'
[2026-06-10 22:30:42] channel recv len=17 entropy=3.97 bs_len=17 u16le=21314 u32le=1135426 ascii='BS...&...Fm .KOZx'
[2026-06-10 22:30:42] channel BS frame #1299: body_len=13 head=b2 26 f2 9b e0 46 6d 20 11 4b 4f 5a 78 ascii='.&...Fm .KOZx'
[2026-06-10 22:30:42] channel recv len=17 entropy=3.97 bs_len=17 u16le=21314 u32le=1135426 ascii='BS....J.l;F..0B..'
[2026-06-10 22:30:42] channel BS frame #1300: body_len=13 head=9f c6 4a 13 6c 3b 46 a1 c2 30 42 93 05 ascii='..J.l;F..0B..'
[2026-06-10 22:30:42] channel recv len=13 entropy=3.70 bs_len=13 u16le=21314 u32le=873282 ascii='BS..K.RbD..^.'
[2026-06-10 22:30:42] channel BS frame #1301: body_len=9 head=4b 1c 52 62 44 03 9e 5e d5 ascii='K.RbD..^.'
[2026-06-10 22:30:42] channel recv len=13 entropy=3.70 bs_len=13 u16le=21314 u32le=873282 ascii='BS....8..E...'
[2026-06-10 22:30:42] channel BS frame #1302: body_len=9 head=f0 db 38 c1 b2 45 b6 ff c0 ascii='..8..E...'
[2026-06-10 22:30:42] channel recv len=15 entropy=3.91 bs_len=15 u16le=21314 u32le=1004354 ascii='BS...._..hp.@{.'
[2026-06-10 22:30:42] channel BS frame #1303: body_len=11 head=7f 18 5f 1a de 68 70 90 40 7b 96 ascii='.._..hp.@{.'
[2026-06-10 22:30:43] channel recv len=15 entropy=3.77 bs_len=15 u16le=21314 u32le=1004354 ascii='BS....r..c?..S.'
[2026-06-10 22:30:43] channel BS frame #1304: body_len=11 head=bd d1 72 f6 f8 63 3f e5 0d 53 bc ascii='..r..c?..S.'
[2026-06-10 22:30:43] channel recv len=17 entropy=4.09 bs_len=17 u16le=21314 u32le=1135426 ascii='BS...6./=..*%L..U'
[2026-06-10 22:30:43] channel BS frame #1305: body_len=13 head=15 36 1a 2f 3d 19 7f 2a 25 4c ab e9 55 ascii='.6./=..*%L..U'
[2026-06-10 22:30:43] channel recv len=17 entropy=3.97 bs_len=17 u16le=21314 u32le=1135426 ascii='BS....J..NCK.MM!p'
[2026-06-10 22:30:43] channel BS frame #1306: body_len=13 head=9f c6 4a 08 87 4e 43 4b 0f 4d 4d 21 70 ascii='..J..NCK.MM!p'
[2026-06-10 22:30:43] channel recv len=17 entropy=3.97 bs_len=17 u16le=21314 u32le=1135426 ascii='BS..J.:...Z......'
[2026-06-10 22:30:43] channel BS frame #1307: body_len=13 head=4a ab 3a 1d b2 f1 5a bc b7 98 07 d3 ab ascii='J.:...Z......'
[2026-06-10 22:30:43] channel recv len=17 entropy=3.97 bs_len=17 u16le=21314 u32le=1135426 ascii='BS..,.>.*3.......'
[2026-06-10 22:30:43] channel BS frame #1308: body_len=13 head=2c e0 3e 83 2a 33 0b ee a1 9b 1e 0b d8 ascii=',.>.*3.......'
[2026-06-10 22:30:43] channel recv len=17 entropy=4.09 bs_len=17 u16le=21314 u32le=1135426 ascii='BS..O.G{.%"m.,.-.'
[2026-06-10 22:30:43] channel BS frame #1309: body_len=13 head=4f 9f 47 7b d8 25 22 6d 0c 2c b3 2d bc ascii='O.G{.%"m.,.-.'
[2026-06-10 22:30:43] channel recv len=17 entropy=3.97 bs_len=17 u16le=21314 u32le=1135426 ascii='BS..ByM..0.z..N.2'
[2026-06-10 22:30:43] channel BS frame #1310: body_len=13 head=42 79 4d 02 86 30 c4 7a 1c 82 4e f1 32 ascii='ByM..0.z..N.2'
[2026-06-10 22:30:43] channel recv len=17 entropy=4.09 bs_len=17 u16le=21314 u32le=1135426 ascii='BS...(...8..I..1T'
[2026-06-10 22:30:43] channel BS frame #1311: body_len=13 head=0a 28 7f ef e0 38 a1 b0 49 e1 c5 31 54 ascii='.(...8..I..1T'
[2026-06-10 22:30:44] channel recv len=17 entropy=4.09 bs_len=17 u16le=21314 u32le=1135426 ascii='BS.....[...x...MX'
[2026-06-10 22:30:44] channel BS frame #1312: body_len=13 head=ad f7 f5 5b 0a 81 89 78 c8 b6 c9 4d 58 ascii='...[...x...MX'
[2026-06-10 22:30:44] channel recv len=19 entropy=4.14 bs_len=19 u16le=21314 u32le=1266498 ascii='BS..{.!..d......."s'
[2026-06-10 22:30:44] channel BS frame #1313: body_len=15 head=7b c5 21 d6 f3 64 f7 b5 b5 85 11 da cf 22 73 ascii='{.!..d......."s'
[2026-06-10 22:30:44] channel recv len=17 entropy=4.09 bs_len=17 u16le=21314 u32le=1135426 ascii='BS..7W.......UF..'
[2026-06-10 22:30:44] channel BS frame #1314: body_len=13 head=37 57 f8 f6 1b d2 14 e2 e0 55 46 0a fc ascii='7W.......UF..'
[2026-06-10 22:30:44] channel recv len=17 entropy=3.85 bs_len=17 u16le=21314 u32le=1135426 ascii='BS.....0...,.....'
[2026-06-10 22:30:44] channel BS frame #1315: body_len=13 head=a0 00 9d 30 a4 7f 9e 2c bc cf 11 01 c1 ascii='...0...,.....'
[2026-06-10 22:30:44] channel recv len=17 entropy=3.97 bs_len=17 u16le=21314 u32le=1135426 ascii='BS...r...Y.......'
[2026-06-10 22:30:44] channel BS frame #1316: body_len=13 head=e1 72 dc 15 c5 59 f9 95 df ce 99 ce 8f ascii='.r...Y.......'
[2026-06-10 22:30:44] channel recv len=17 entropy=3.85 bs_len=17 u16le=21314 u32le=1135426 ascii='BS.....#..#>.2...'
[2026-06-10 22:30:44] channel BS frame #1317: body_len=13 head=dc 96 0e 23 b9 cf 23 3e 96 32 d8 a2 03 ascii='...#..#>.2...'
[2026-06-10 22:30:44] channel recv len=17 entropy=4.09 bs_len=17 u16le=21314 u32le=1135426 ascii='BS...D....(m.F.7&'
[2026-06-10 22:30:44] channel BS frame #1318: body_len=13 head=82 44 a7 96 1a a1 28 6d a6 46 03 37 26 ascii='.D....(m.F.7&'
[2026-06-10 22:30:44] channel recv len=5 entropy=2.32 bs_len=5 u16le=21314 u32le=348994 ascii='BS..t'
[2026-06-10 22:30:44] channel BS frame #1319: body_len=1 head=74 ascii='t'
[2026-06-10 22:30:44] channel replay observed client frame #1319; server frames sent=450
[2026-06-10 22:30:44] channel recv len=17 entropy=3.97 bs_len=17 u16le=21314 u32le=1135426 ascii='BS..6..TXp..`Vg..'
[2026-06-10 22:30:44] channel BS frame #1320: body_len=13 head=36 f3 fa 54 58 70 ea ce 60 56 67 00 cc ascii='6..TXp..`Vg..'
[2026-06-10 22:30:44] channel recv len=17 entropy=3.97 bs_len=17 u16le=21314 u32le=1135426 ascii='BS....#J.\\...Om..'
[2026-06-10 22:30:44] channel BS frame #1321: body_len=13 head=dd 14 23 4a de 5c cd 14 b3 4f 6d eb e9 ascii='..#J.\\...Om..'
[2026-06-10 22:30:45] channel recv len=17 entropy=3.97 bs_len=17 u16le=21314 u32le=1135426 ascii='BS...z).Z.@.VD..S'
[2026-06-10 22:30:45] channel BS frame #1322: body_len=13 head=eb 7a 29 8b 5a ae 40 f2 56 44 fa 86 53 ascii='.z).Z.@.VD..S'
[2026-06-10 22:30:45] channel recv len=19 entropy=4.04 bs_len=19 u16le=21314 u32le=1266498 ascii='BS..w#..b.....j.S-.'
[2026-06-10 22:30:45] channel BS frame #1323: body_len=15 head=77 23 b2 88 62 9b de 08 c3 fd 6a 05 53 2d b2 ascii='w#..b.....j.S-.'
[2026-06-10 22:30:45] channel recv len=15 entropy=3.77 bs_len=15 u16le=21314 u32le=1004354 ascii='BS..J.be...1...'
[2026-06-10 22:30:45] channel BS frame #1324: body_len=11 head=4a 86 62 65 9d 86 f5 31 19 d1 f3 ascii='J.be...1...'
[2026-06-10 22:30:45] channel recv len=13 entropy=3.55 bs_len=13 u16le=21314 u32le=873282 ascii='BS..J...p.0@.'
[2026-06-10 22:30:45] channel BS frame #1325: body_len=9 head=4a f8 d0 b3 70 94 30 40 94 ascii='J...p.0@.'
[2026-06-10 22:30:45] channel recv len=17 entropy=4.09 bs_len=17 u16le=21314 u32le=1135426 ascii='BS....*f....3....'
[2026-06-10 22:30:45] channel BS frame #1326: body_len=13 head=0a 9a 2a 66 a9 df 2e d2 33 af 1a 1f d3 ascii='..*f....3....'
[2026-06-10 22:30:45] channel recv len=19 entropy=4.04 bs_len=19 u16le=21314 u32le=1266498 ascii='BS..........{...fF.'
[2026-06-10 22:30:45] channel BS frame #1327: body_len=15 head=84 9d 8c 00 b9 ac d6 8d 7b 9d f0 96 66 46 7f ascii='........{...fF.'
[2026-06-10 22:30:45] channel recv len=17 entropy=3.97 bs_len=17 u16le=21314 u32le=1135426 ascii="BS..by.+'v..q..p+"
[2026-06-10 22:30:45] channel BS frame #1328: body_len=13 head=62 79 95 2b 27 76 b1 e4 71 aa ba 70 2b ascii="by.+'v..q..p+"
[2026-06-10 22:30:45] channel recv len=17 entropy=4.09 bs_len=17 u16le=21314 u32le=1135426 ascii='BS...T.......Q..1'
[2026-06-10 22:30:45] channel BS frame #1329: body_len=13 head=cf 54 19 9d dd de 04 05 bc 51 c1 a1 31 ascii='.T.......Q..1'
[2026-06-10 22:30:45] channel recv len=17 entropy=3.85 bs_len=17 u16le=21314 u32le=1135426 ascii='BS...=..k.......-'
[2026-06-10 22:30:45] channel BS frame #1330: body_len=13 head=af 3d b1 a7 6b a7 e8 cb cb ac 9b db 2d ascii='.=..k.......-'
[2026-06-10 22:30:46] channel recv len=17 entropy=4.09 bs_len=17 u16le=21314 u32le=1135426 ascii="BS..F.@|t-c...'.0"
[2026-06-10 22:30:46] channel BS frame #1331: body_len=13 head=46 17 40 7c 74 2d 63 a3 87 d7 27 b7 30 ascii="F.@|t-c...'.0"
[2026-06-10 22:30:46] channel recv len=6 entropy=2.58 bs_len=6 u16le=21314 u32le=414530 ascii='BS...~'
[2026-06-10 22:30:46] channel BS frame #1332: body_len=2 head=e8 7e ascii='.~'
[2026-06-10 22:30:46] channel recv len=17 entropy=4.09 bs_len=17 u16le=21314 u32le=1135426 ascii='BS..........>{...'
[2026-06-10 22:30:46] channel BS frame #1333: body_len=13 head=81 8f fd 99 8c 92 95 b0 3e 7b 9a 82 91 ascii='........>{...'
[2026-06-10 22:30:46] channel recv len=17 entropy=3.97 bs_len=17 u16le=21314 u32le=1135426 ascii="BS...T,...*P,'VM."
[2026-06-10 22:30:46] channel BS frame #1334: body_len=13 head=84 54 2c d1 03 9e 2a 50 2c 27 56 4d d0 ascii=".T,...*P,'VM."
[2026-06-10 22:30:46] channel recv len=17 entropy=4.09 bs_len=17 u16le=21314 u32le=1135426 ascii='BS.....`f...t!...'
[2026-06-10 22:30:46] channel BS frame #1335: body_len=13 head=fc 80 17 60 66 d2 fe cb 74 21 1f be 85 ascii='...`f...t!...'
[2026-06-10 22:30:46] channel recv len=17 entropy=4.09 bs_len=17 u16le=21314 u32le=1135426 ascii='BS..:.0.,.y......'
[2026-06-10 22:30:46] channel BS frame #1336: body_len=13 head=3a f5 30 f6 2c a0 79 84 80 ef bb cd 12 ascii=':.0.,.y......'
[2026-06-10 22:30:46] channel recv len=19 entropy=4.14 bs_len=19 u16le=21314 u32le=1266498 ascii='BS...P)..%..=..T..x'
[2026-06-10 22:30:46] channel BS frame #1337: body_len=15 head=c8 50 29 b0 9f 25 90 c8 3d 06 cc 54 fa b7 78 ascii='.P)..%..=..T..x'
[2026-06-10 22:30:46] channel recv len=17 entropy=3.97 bs_len=17 u16le=21314 u32le=1135426 ascii='BS...c..b........'
[2026-06-10 22:30:46] channel BS frame #1338: body_len=13 head=eb 63 de 8b 62 15 18 ca 1f dc 7f e9 e9 ascii='.c..b........'
[2026-06-10 22:30:46] channel recv len=6 entropy=2.58 bs_len=6 u16le=21314 u32le=414530 ascii='BS...Z'
[2026-06-10 22:30:46] channel BS frame #1339: body_len=2 head=b6 5a ascii='.Z'
[2026-06-10 22:30:46] channel recv len=19 entropy=4.14 bs_len=19 u16le=21314 u32le=1266498 ascii='BS....X..S..9. m.Y&'
[2026-06-10 22:30:46] channel BS frame #1340: body_len=15 head=ea ee 58 94 b1 53 c4 08 39 14 20 6d dd 59 26 ascii='..X..S..9. m.Y&'
[2026-06-10 22:30:46] channel recv len=17 entropy=4.09 bs_len=17 u16le=21314 u32le=1135426 ascii='BS............d.G'
[2026-06-10 22:30:46] channel BS frame #1341: body_len=13 head=0e f4 9b 1a 1e c0 e8 8e 0d a3 64 fb 47 ascii='..........d.G'
[2026-06-10 22:30:47] channel recv len=17 entropy=3.97 bs_len=17 u16le=21314 u32le=1135426 ascii='BS.............m\\'
[2026-06-10 22:30:47] channel BS frame #1342: body_len=13 head=98 fe fe 8f aa 95 9f 0d ee d5 b7 6d 5c ascii='...........m\\'
[2026-06-10 22:30:47] channel recv len=17 entropy=4.09 bs_len=17 u16le=21314 u32le=1135426 ascii='BS..AIc,mV..6.]7p'
[2026-06-10 22:30:47] channel BS frame #1343: body_len=13 head=41 49 63 2c 6d 56 e9 cf 36 05 5d 37 70 ascii='AIc,mV..6.]7p'
[2026-06-10 22:30:47] channel recv len=17 entropy=4.09 bs_len=17 u16le=21314 u32le=1135426 ascii='BS..a..c.;.(R...]'
[2026-06-10 22:30:47] channel BS frame #1344: body_len=13 head=61 a6 2e 63 f3 3b b0 28 52 88 97 0d 5d ascii='a..c.;.(R...]'
[2026-06-10 22:30:47] channel recv len=19 entropy=4.25 bs_len=19 u16le=21314 u32le=1266498 ascii='BS....L.&....c.wG.0'
[2026-06-10 22:30:47] channel BS frame #1345: body_len=15 head=c4 de 4c a5 26 e3 b3 b9 8c 63 a1 77 47 bc 30 ascii='..L.&....c.wG.0'
[2026-06-10 22:30:47] channel recv len=17 entropy=3.97 bs_len=17 u16le=21314 u32le=1135426 ascii='BS..............D'
[2026-06-10 22:30:47] channel BS frame #1346: body_len=13 head=04 11 e9 96 bc f5 da a6 fa 9a 97 a5 44 ascii='............D'
[2026-06-10 22:30:47] channel recv len=6 entropy=2.58 bs_len=6 u16le=21314 u32le=414530 ascii='BS....'
[2026-06-10 22:30:47] channel BS frame #1347: body_len=2 head=1e 8f ascii='..'
[2026-06-10 22:30:47] channel recv len=17 entropy=3.85 bs_len=17 u16le=21314 u32le=1135426 ascii='BS...{..s.......x'
[2026-06-10 22:30:47] channel BS frame #1348: body_len=13 head=c3 7b 00 f0 73 f8 0c a7 94 f8 ac e1 78 ascii='.{..s.......x'
[2026-06-10 22:30:47] channel recv len=19 entropy=4.25 bs_len=19 u16le=21314 u32le=1266498 ascii='BS.....W......(.U..'
[2026-06-10 22:30:47] channel BS frame #1349: body_len=15 head=b2 98 ac 57 99 e0 dd 1b e7 cd 28 9b 55 88 0e ascii='...W......(.U..'
[2026-06-10 22:30:47] channel recv len=19 entropy=4.25 bs_len=19 u16le=21314 u32le=1266498 ascii='BS....&...N.Q5..A.>'
[2026-06-10 22:30:47] channel BS frame #1350: body_len=15 head=95 d3 26 fe 09 05 4e ba 51 35 a2 a4 41 c9 3e ascii='..&...N.Q5..A.>'
[2026-06-10 22:30:47] channel recv len=22 entropy=4.06 bs_len=17 u16le=21314 u32le=1135426 ascii="BS......S'......XBS..."
[2026-06-10 22:30:47] channel BS frame #1351: body_len=13 head=bb 02 a2 82 53 27 f2 ac c6 c1 a9 8f 58 ascii="....S'......X"
[2026-06-10 22:30:47] channel BS frame #1352: body_len=1 head=12 ascii='.'
[2026-06-10 22:30:47] channel replay observed client frame #1352; server frames sent=460
[2026-06-10 22:30:47] channel recv len=19 entropy=4.00 bs_len=19 u16le=21314 u32le=1266498 ascii='BS../...D3.53.;.N23'
[2026-06-10 22:30:47] channel BS frame #1353: body_len=15 head=2f 99 94 85 44 33 e8 35 33 fe 3b 05 4e 32 33 ascii='/...D3.53.;.N23'
[2026-06-10 22:30:47] channel recv len=17 entropy=4.09 bs_len=17 u16le=21314 u32le=1135426 ascii='BS.....93...,k._.'
[2026-06-10 22:30:47] channel BS frame #1354: body_len=13 head=ee e6 d9 39 33 01 b0 f2 2c 6b bc 5f 02 ascii='...93...,k._.'
[2026-06-10 22:30:48] channel recv len=19 entropy=4.04 bs_len=19 u16le=21314 u32le=1266498 ascii='BS...dU.JH..V...&V.'
[2026-06-10 22:30:48] channel BS frame #1355: body_len=15 head=98 64 55 dc 4a 48 b3 e1 56 7f b3 e8 26 56 d9 ascii='.dU.JH..V...&V.'
[2026-06-10 22:30:48] channel recv len=19 entropy=3.79 bs_len=19 u16le=21314 u32le=1266498 ascii='BS...g........tm.G.'
[2026-06-10 22:30:48] channel BS frame #1356: body_len=15 head=c6 67 f5 ef b8 c6 ef c6 81 a0 74 6d f5 47 b6 ascii='.g........tm.G.'
[2026-06-10 22:30:48] channel recv len=17 entropy=4.09 bs_len=17 u16le=21314 u32le=1135426 ascii="BS....m'...#`...f"
[2026-06-10 22:30:48] channel BS frame #1357: body_len=13 head=97 df 6d 27 91 c8 b7 23 60 0b 02 92 66 ascii="..m'...#`...f"
[2026-06-10 22:30:48] channel recv len=6 entropy=2.58 bs_len=6 u16le=21314 u32le=414530 ascii='BS....'
[2026-06-10 22:30:48] channel BS frame #1358: body_len=2 head=a3 aa ascii='..'
[2026-06-10 22:30:48] channel recv len=17 entropy=3.85 bs_len=17 u16le=21314 u32le=1135426 ascii='BS......,..,.....'
[2026-06-10 22:30:48] channel BS frame #1359: body_len=13 head=18 f9 00 9e 2c b4 06 2c ca 86 96 89 a7 ascii='....,..,.....'
[2026-06-10 22:30:48] client->game 90 bytes
[2026-06-10 22:30:48] game recv len=90 entropy=6.19 bs_len=90 u16le=21314 u16be=16979 u32le=5919554 u32be=1112758784 ascii='BSZ......;.6t.,.....x..9.#...o..s...7.8.p.6.g3....X|..SG..K..1.M:..o.n7...m..).!...'
[2026-06-10 22:30:48] game client plain #19: type=0x1e body_len=86 head=1e 51 00 00 00 01 0a 08 ff 00 00 04 80 d5 f9 5f field32=81 payload_len=81 field32b=4278716929 strings=['1~Or']
[2026-06-10 22:30:48] game replay observed 1 complete client BS frame(s); total=19
[2026-06-10 22:30:48] channel recv len=17 entropy=3.97 bs_len=17 u16le=21314 u32le=1135426 ascii='BS....%.z.....b&.'
[2026-06-10 22:30:48] channel BS frame #1360: body_len=13 head=88 91 25 1f 7a 12 c1 ff c5 f1 62 26 1f ascii='..%.z.....b&.'
[2026-06-10 22:30:48] channel recv len=19 entropy=4.25 bs_len=19 u16le=21314 u32le=1266498 ascii='BS...-7$f{.~.....8.'
[2026-06-10 22:30:48] channel BS frame #1361: body_len=15 head=87 2d 37 24 66 7b f6 7e b0 1a b4 0d c6 38 1d ascii='.-7$f{.~.....8.'
[2026-06-10 22:30:48] channel recv len=19 entropy=4.04 bs_len=19 u16le=21314 u32le=1266498 ascii='BS..6[.9......U1.<.'
[2026-06-10 22:30:48] channel BS frame #1362: body_len=15 head=36 5b 81 39 0a ef e5 8a 0e fd 55 31 e5 3c ef ascii='6[.9......U1.<.'
[2026-06-10 22:30:48] channel recv len=17 entropy=4.09 bs_len=17 u16le=21314 u32le=1135426 ascii='BS..j.a..........'
[2026-06-10 22:30:48] channel BS frame #1363: body_len=13 head=6a b1 61 cd fd 1c be 01 e8 06 05 a0 aa ascii='j.a..........'
[2026-06-10 22:30:48] channel recv len=17 entropy=3.85 bs_len=17 u16le=21314 u32le=1135426 ascii='BS....9].kD..@B.)'
[2026-06-10 22:30:48] channel BS frame #1364: body_len=13 head=ee a1 39 5d a5 6b 44 91 d8 40 42 91 29 ascii='..9].kD..@B.)'
[2026-06-10 22:30:48] channel recv len=13 entropy=3.55 bs_len=13 u16le=21314 u32le=873282 ascii='BS...ri.(r.. '
[2026-06-10 22:30:48] channel BS frame #1365: body_len=9 head=0a 72 69 ef 28 72 8c a2 20 ascii='.ri.(r.. '
[2026-06-10 22:30:49] channel recv len=13 entropy=3.70 bs_len=13 u16le=21314 u32le=873282 ascii='BS.......h.l.'
[2026-06-10 22:30:49] channel BS frame #1366: body_len=9 head=09 96 b8 cb e3 68 e2 6c c7 ascii='.....h.l.'
[2026-06-10 22:30:49] channel recv len=13 entropy=3.70 bs_len=13 u16le=21314 u32le=873282 ascii='BS...V6D.[#.b'
[2026-06-10 22:30:49] channel BS frame #1367: body_len=9 head=be 56 36 44 b2 5b 23 1f 62 ascii='.V6D.[#.b'
[2026-06-10 22:30:49] channel recv len=13 entropy=3.70 bs_len=13 u16le=21314 u32le=873282 ascii='BS..)..N.V.#F'
[2026-06-10 22:30:49] channel BS frame #1368: body_len=9 head=29 87 97 4e ac 56 96 23 46 ascii=')..N.V.#F'
[2026-06-10 22:30:49] channel recv len=24 entropy=4.33 bs_len=9 u16le=21314 u32le=611138 ascii='BS....6.vBS..........d..'
[2026-06-10 22:30:49] channel BS frame #1369: body_len=5 head=ad b6 36 87 76 ascii='..6.v'
[2026-06-10 22:30:49] channel BS frame #1370: body_len=11 head=c9 e5 1f df d8 d6 8f 94 64 9c da ascii='........d..'
[2026-06-10 22:30:49] channel recv len=13 entropy=3.55 bs_len=13 u16le=21314 u32le=873282 ascii='BS....F..N.5.'
[2026-06-10 22:30:49] channel BS frame #1371: body_len=9 head=d5 16 46 00 a4 4e d7 35 82 ascii='..F..N.5.'
[2026-06-10 22:30:49] channel recv len=15 entropy=3.91 bs_len=15 u16le=21314 u32le=1004354 ascii='BS......E....4.'
[2026-06-10 22:30:49] channel BS frame #1372: body_len=11 head=f9 f8 01 13 45 cb ad 18 d0 34 14 ascii='....E....4.'
[2026-06-10 22:30:49] channel recv len=9 entropy=3.17 bs_len=9 u16le=21314 u32le=611138 ascii='BS.......'
[2026-06-10 22:30:49] channel BS frame #1373: body_len=5 head=c9 e4 9e c1 c8 ascii='.....'
[2026-06-10 22:30:49] channel recv len=9 entropy=3.17 bs_len=9 u16le=21314 u32le=611138 ascii='BS..v..]\\'
[2026-06-10 22:30:49] channel BS frame #1374: body_len=5 head=76 8d 8a 5d 5c ascii='v..]\\'
[2026-06-10 22:30:49] channel recv len=9 entropy=3.17 bs_len=9 u16le=21314 u32le=611138 ascii='BS....cr.'
[2026-06-10 22:30:49] channel BS frame #1375: body_len=5 head=f0 8d 63 72 c8 ascii='..cr.'
[2026-06-10 22:30:49] channel recv len=9 entropy=2.95 bs_len=9 u16le=21314 u32le=611138 ascii='BS..v..`S'
[2026-06-10 22:30:49] channel BS frame #1376: body_len=5 head=76 93 e9 60 53 ascii='v..`S'
[2026-06-10 22:30:49] channel recv len=9 entropy=3.17 bs_len=9 u16le=21314 u32le=611138 ascii='BS....O..'
[2026-06-10 22:30:49] channel BS frame #1377: body_len=5 head=0a 8f 4f 13 c6 ascii='..O..'
[2026-06-10 22:30:49] channel recv len=9 entropy=3.17 bs_len=9 u16le=21314 u32le=611138 ascii='BS.....<R'
[2026-06-10 22:30:49] channel BS frame #1378: body_len=5 head=98 8f a6 3c 52 ascii='...<R'
[2026-06-10 22:30:49] channel recv len=9 entropy=3.17 bs_len=9 u16le=21314 u32le=611138 ascii='BS....O..'
[2026-06-10 22:30:49] channel BS frame #1379: body_len=5 head=1e 8f 4f 13 c6 ascii='..O..'
[2026-06-10 22:30:49] channel recv len=9 entropy=2.95 bs_len=9 u16le=21314 u32le=611138 ascii='BS.....`S'
[2026-06-10 22:30:49] channel BS frame #1380: body_len=5 head=98 93 e9 60 53 ascii='...`S'
[2026-06-10 22:30:49] channel recv len=9 entropy=3.17 bs_len=9 u16le=21314 u32le=611138 ascii='BS....O..'
[2026-06-10 22:30:49] channel BS frame #1381: body_len=5 head=0a 8f 4f 13 c6 ascii='..O..'
[2026-06-10 22:30:50] channel recv len=9 entropy=3.17 bs_len=9 u16le=21314 u32le=611138 ascii='BS.......'
[2026-06-10 22:30:50] channel BS frame #1382: body_len=5 head=98 85 b8 d5 87 ascii='.....'
[2026-06-10 22:30:50] channel recv len=9 entropy=3.17 bs_len=9 u16le=21314 u32le=611138 ascii='BS....cr.'
[2026-06-10 22:30:50] channel BS frame #1383: body_len=5 head=fe 8d 63 72 c8 ascii='..cr.'
[2026-06-10 22:30:50] channel recv len=9 entropy=3.17 bs_len=9 u16le=21314 u32le=611138 ascii='BS..v..<R'
[2026-06-10 22:30:50] channel BS frame #1384: body_len=5 head=76 8f a6 3c 52 ascii='v..<R'
[2026-06-10 22:30:50] channel recv len=9 entropy=3.17 bs_len=9 u16le=21314 u32le=611138 ascii='BS.......'
[2026-06-10 22:30:50] channel BS frame #1385: body_len=5 head=1e 88 ec 86 a2 ascii='.....'
[2026-06-10 22:30:50] channel recv len=9 entropy=2.95 bs_len=9 u16le=21314 u32le=611138 ascii='BS....S1Z'
[2026-06-10 22:30:50] channel BS frame #1386: body_len=5 head=06 90 53 31 5a ascii='..S1Z'
[2026-06-10 22:30:50] channel recv len=9 entropy=3.17 bs_len=9 u16le=21314 u32le=611138 ascii='BS....cr.'
[2026-06-10 22:30:50] channel BS frame #1387: body_len=5 head=93 8d 63 72 c8 ascii='..cr.'
[2026-06-10 22:30:50] channel recv len=9 entropy=3.17 bs_len=9 u16le=21314 u32le=611138 ascii='BS..v..<R'
[2026-06-10 22:30:50] channel BS frame #1388: body_len=5 head=76 8f a6 3c 52 ascii='v..<R'
[2026-06-10 22:30:50] channel recv len=9 entropy=3.17 bs_len=9 u16le=21314 u32le=611138 ascii='BS....z..'
[2026-06-10 22:30:50] channel BS frame #1389: body_len=5 head=1e 89 7a b6 a5 ascii='..z..'
[2026-06-10 22:30:50] channel recv len=9 entropy=3.17 bs_len=9 u16le=21314 u32le=611138 ascii='BS..q..<R'
[2026-06-10 22:30:50] channel BS frame #1390: body_len=5 head=71 8f a6 3c 52 ascii='q..<R'
[2026-06-10 22:30:50] channel recv len=9 entropy=3.17 bs_len=9 u16le=21314 u32le=611138 ascii='BS.....#.'
[2026-06-10 22:30:50] channel BS frame #1391: body_len=5 head=1e 8e d9 23 c1 ascii='...#.'
[2026-06-10 22:30:50] channel recv len=9 entropy=3.17 bs_len=9 u16le=21314 u32le=611138 ascii='BS......?'
[2026-06-10 22:30:50] channel BS frame #1392: body_len=5 head=ef 8b bf f8 3f ascii='....?'
[2026-06-10 22:30:50] channel recv len=9 entropy=3.17 bs_len=9 u16le=21314 u32le=611138 ascii='BS....cr.'
[2026-06-10 22:30:50] channel BS frame #1393: body_len=5 head=19 8d 63 72 c8 ascii='..cr.'
[2026-06-10 22:30:50] channel recv len=9 entropy=3.17 bs_len=9 u16le=21314 u32le=611138 ascii='BS..v..<R'
[2026-06-10 22:30:50] channel BS frame #1394: body_len=5 head=76 8f a6 3c 52 ascii='v..<R'
[2026-06-10 22:30:50] channel recv len=9 entropy=3.17 bs_len=9 u16le=21314 u32le=611138 ascii='BS....cr.'
[2026-06-10 22:30:50] channel BS frame #1395: body_len=5 head=1e 8d 63 72 c8 ascii='..cr.'
[2026-06-10 22:30:50] channel recv len=9 entropy=3.17 bs_len=9 u16le=21314 u32le=611138 ascii='BS..v..<R'
[2026-06-10 22:30:50] channel BS frame #1396: body_len=5 head=76 8f a6 3c 52 ascii='v..<R'
[2026-06-10 22:30:50] channel recv len=9 entropy=3.17 bs_len=9 u16le=21314 u32le=611138 ascii='BS....O..'
[2026-06-10 22:30:50] channel BS frame #1397: body_len=5 head=1e 8f 4f 13 c6 ascii='..O..'
[2026-06-10 22:30:50] channel recv len=9 entropy=3.17 bs_len=9 u16le=21314 u32le=611138 ascii='BS.....<R'
[2026-06-10 22:30:50] channel BS frame #1398: body_len=5 head=98 8f a6 3c 52 ascii='...<R'
[2026-06-10 22:30:50] channel recv len=9 entropy=3.17 bs_len=9 u16le=21314 u32le=611138 ascii='BS.....#.'
[2026-06-10 22:30:50] channel BS frame #1399: body_len=5 head=1e 8e d9 23 c1 ascii='...#.'
[2026-06-10 22:30:50] channel recv len=5 entropy=2.32 bs_len=5 u16le=21314 u32le=348994 ascii='BS...'
[2026-06-10 22:30:50] channel BS frame #1400: body_len=1 head=9a ascii='.'
[2026-06-10 22:30:50] channel replay observed client frame #1400; server frames sent=470
[2026-06-10 22:30:50] channel recv len=9 entropy=3.17 bs_len=9 u16le=21314 u32le=611138 ascii='BS..Vs.60'
[2026-06-10 22:30:50] channel BS frame #1401: body_len=5 head=56 73 8b 36 30 ascii='Vs.60'
[2026-06-10 22:30:50] channel recv len=9 entropy=3.17 bs_len=9 u16le=21314 u32le=611138 ascii='BS....O..'
[2026-06-10 22:30:50] channel BS frame #1402: body_len=5 head=e3 8f 4f 13 c6 ascii='..O..'
[2026-06-10 22:30:50] channel recv len=9 entropy=2.95 bs_len=9 u16le=21314 u32le=611138 ascii='BS....a..'
[2026-06-10 22:30:50] channel BS frame #1403: body_len=5 head=98 98 61 b9 81 ascii='..a..'
[2026-06-10 22:30:50] channel recv len=9 entropy=2.95 bs_len=9 u16le=21314 u32le=611138 ascii='BS.....B.'
[2026-06-10 22:30:50] channel BS frame #1404: body_len=5 head=9d 8c f5 42 cf ascii='...B.'
[2026-06-10 22:30:51] channel recv len=9 entropy=3.17 bs_len=9 u16le=21314 u32le=611138 ascii='BS.......'
[2026-06-10 22:30:51] channel BS frame #1405: body_len=5 head=01 85 b8 d5 87 ascii='.....'
[2026-06-10 22:30:51] channel recv len=9 entropy=3.17 bs_len=9 u16le=21314 u32le=611138 ascii='BS.....#.'
[2026-06-10 22:30:51] channel BS frame #1406: body_len=5 head=fe 8e d9 23 c1 ascii='...#.'
[2026-06-10 22:30:51] channel recv len=9 entropy=3.17 bs_len=9 u16le=21314 u32le=611138 ascii='BS.....<R'
[2026-06-10 22:30:51] channel BS frame #1407: body_len=5 head=ef 8f a6 3c 52 ascii='...<R'
[2026-06-10 22:30:51] channel recv len=9 entropy=3.17 bs_len=9 u16le=21314 u32le=611138 ascii='BS.....#.'
[2026-06-10 22:30:51] channel BS frame #1408: body_len=5 head=1e 8e d9 23 c1 ascii='...#.'
[2026-06-10 22:30:51] channel recv len=9 entropy=3.17 bs_len=9 u16le=21314 u32le=611138 ascii='BS.....<R'
[2026-06-10 22:30:51] channel BS frame #1409: body_len=5 head=ef 8f a6 3c 52 ascii='...<R'
[2026-06-10 22:30:51] channel recv len=9 entropy=3.17 bs_len=9 u16le=21314 u32le=611138 ascii='BS....H>~'
[2026-06-10 22:30:51] channel BS frame #1410: body_len=5 head=1e 81 48 3e 7e ascii='..H>~'
[2026-06-10 22:30:51] channel recv len=9 entropy=3.17 bs_len=9 u16le=21314 u32le=611138 ascii='BS.....<R'
[2026-06-10 22:30:51] channel BS frame #1411: body_len=5 head=7f 8f a6 3c 52 ascii='...<R'
[2026-06-10 22:30:51] channel recv len=9 entropy=3.17 bs_len=9 u16le=21314 u32le=611138 ascii='BS....O..'
[2026-06-10 22:30:51] channel BS frame #1412: body_len=5 head=1e 8f 4f 13 c6 ascii='..O..'
[2026-06-10 22:30:51] channel recv len=9 entropy=3.17 bs_len=9 u16le=21314 u32le=611138 ascii='BS....f.9'
[2026-06-10 22:30:51] channel BS frame #1413: body_len=5 head=98 96 66 94 39 ascii='..f.9'
[2026-06-10 22:30:51] channel recv len=9 entropy=3.17 bs_len=9 u16le=21314 u32le=611138 ascii='BS..z.cr.'
[2026-06-10 22:30:51] channel BS frame #1414: body_len=5 head=7a 8d 63 72 c8 ascii='z.cr.'
[2026-06-10 22:30:51] channel recv len=9 entropy=3.17 bs_len=9 u16le=21314 u32le=611138 ascii='BS..v..<R'
[2026-06-10 22:30:51] channel BS frame #1415: body_len=5 head=76 8f a6 3c 52 ascii='v..<R'
[2026-06-10 22:30:51] channel recv len=9 entropy=3.17 bs_len=9 u16le=21314 u32le=611138 ascii='BS.....#.'
[2026-06-10 22:30:51] channel BS frame #1416: body_len=5 head=1e 8e d9 23 c1 ascii='...#.'
[2026-06-10 22:30:51] channel recv len=9 entropy=3.17 bs_len=9 u16le=21314 u32le=611138 ascii='BS.....<R'
[2026-06-10 22:30:51] channel BS frame #1417: body_len=5 head=ef 8f a6 3c 52 ascii='...<R'
[2026-06-10 22:30:51] channel recv len=9 entropy=3.17 bs_len=9 u16le=21314 u32le=611138 ascii='BS.......'
[2026-06-10 22:30:51] channel BS frame #1418: body_len=5 head=1e 88 ec 86 a2 ascii='.....'
[2026-06-10 22:30:51] channel recv len=9 entropy=3.17 bs_len=9 u16le=21314 u32le=611138 ascii='BS.....<R'
[2026-06-10 22:30:51] channel BS frame #1419: body_len=5 head=06 8f a6 3c 52 ascii='...<R'
[2026-06-10 22:30:51] channel recv len=9 entropy=3.17 bs_len=9 u16le=21314 u32le=611138 ascii='BS....O..'
[2026-06-10 22:30:51] channel BS frame #1420: body_len=5 head=1e 8f 4f 13 c6 ascii='..O..'
[2026-06-10 22:30:51] channel recv len=9 entropy=3.17 bs_len=9 u16le=21314 u32le=611138 ascii='BS.....<R'
[2026-06-10 22:30:51] channel BS frame #1421: body_len=5 head=98 8f a6 3c 52 ascii='...<R'
[2026-06-10 22:30:51] channel recv len=9 entropy=3.17 bs_len=9 u16le=21314 u32le=611138 ascii='BS.....Rx'
[2026-06-10 22:30:51] channel BS frame #1422: body_len=5 head=1e 9c 91 52 78 ascii='...Rx'
[2026-06-10 22:30:51] channel recv len=9 entropy=3.17 bs_len=9 u16le=21314 u32le=611138 ascii='BS.....<R'
[2026-06-10 22:30:51] channel BS frame #1423: body_len=5 head=1c 8f a6 3c 52 ascii='...<R'
[2026-06-10 22:30:51] channel recv len=9 entropy=3.17 bs_len=9 u16le=21314 u32le=611138 ascii='BS....cr.'
[2026-06-10 22:30:51] channel BS frame #1424: body_len=5 head=1e 8d 63 72 c8 ascii='..cr.'
[2026-06-10 22:30:51] channel recv len=9 entropy=3.17 bs_len=9 u16le=21314 u32le=611138 ascii='BS..v..<R'
[2026-06-10 22:30:51] channel BS frame #1425: body_len=5 head=76 8f a6 3c 52 ascii='v..<R'
[2026-06-10 22:30:51] channel recv len=9 entropy=3.17 bs_len=9 u16le=21314 u32le=611138 ascii='BS....d_p'
[2026-06-10 22:30:51] channel BS frame #1426: body_len=5 head=1e 83 64 5f 70 ascii='..d_p'
[2026-06-10 22:30:51] channel recv len=9 entropy=3.17 bs_len=9 u16le=21314 u32le=611138 ascii='BS.....<R'
[2026-06-10 22:30:51] channel BS frame #1427: body_len=5 head=91 8f a6 3c 52 ascii='...<R'
[2026-06-10 22:30:51] channel recv len=9 entropy=3.17 bs_len=9 u16le=21314 u32le=611138 ascii='BS.....#.'
[2026-06-10 22:30:51] channel BS frame #1428: body_len=5 head=1e 8e d9 23 c1 ascii='...#.'
[2026-06-10 22:30:51] channel recv len=9 entropy=3.17 bs_len=9 u16le=21314 u32le=611138 ascii='BS.....<R'
[2026-06-10 22:30:51] channel BS frame #1429: body_len=5 head=ef 8f a6 3c 52 ascii='...<R'
[2026-06-10 22:30:52] channel recv len=9 entropy=3.17 bs_len=9 u16le=21314 u32le=611138 ascii='BS....d_p'
[2026-06-10 22:30:52] channel BS frame #1430: body_len=5 head=1e 83 64 5f 70 ascii='..d_p'
[2026-06-10 22:30:52] channel recv len=9 entropy=3.17 bs_len=9 u16le=21314 u32le=611138 ascii='BS.....<R'
[2026-06-10 22:30:52] channel BS frame #1431: body_len=5 head=91 8f a6 3c 52 ascii='...<R'
[2026-06-10 22:30:52] channel recv len=9 entropy=3.17 bs_len=9 u16le=21314 u32le=611138 ascii='BS....V..'
[2026-06-10 22:30:52] channel BS frame #1432: body_len=5 head=1e 8b 56 d7 ab ascii='..V..'
[2026-06-10 22:30:52] channel recv len=9 entropy=3.17 bs_len=9 u16le=21314 u32le=611138 ascii='BS.....<R'
[2026-06-10 22:30:52] channel BS frame #1433: body_len=5 head=9f 8f a6 3c 52 ascii='...<R'
[2026-06-10 22:30:52] channel recv len=9 entropy=3.17 bs_len=9 u16le=21314 u32le=611138 ascii='BS.....ow'
[2026-06-10 22:30:52] channel BS frame #1434: body_len=5 head=1e 82 f2 6f 77 ascii='...ow'
[2026-06-10 22:30:52] channel recv len=9 entropy=3.17 bs_len=9 u16le=21314 u32le=611138 ascii='BS.....<R'
[2026-06-10 22:30:52] channel BS frame #1435: body_len=5 head=e6 8f a6 3c 52 ascii='...<R'
[2026-06-10 22:30:52] channel recv len=9 entropy=3.17 bs_len=9 u16le=21314 u32le=611138 ascii='BS....O..'
[2026-06-10 22:30:52] channel BS frame #1436: body_len=5 head=1e 8f 4f 13 c6 ascii='..O..'
[2026-06-10 22:30:52] channel recv len=9 entropy=3.17 bs_len=9 u16le=21314 u32le=611138 ascii='BS.....<R'
[2026-06-10 22:30:52] channel BS frame #1437: body_len=5 head=98 8f a6 3c 52 ascii='...<R'
[2026-06-10 22:30:52] channel recv len=9 entropy=3.17 bs_len=9 u16le=21314 u32le=611138 ascii='BS....O..'
[2026-06-10 22:30:52] channel BS frame #1438: body_len=5 head=1e 8f 4f 13 c6 ascii='..O..'
[2026-06-10 22:30:52] channel recv len=9 entropy=3.17 bs_len=9 u16le=21314 u32le=611138 ascii='BS.....<R'
[2026-06-10 22:30:52] channel BS frame #1439: body_len=5 head=98 8f a6 3c 52 ascii='...<R'
[2026-06-10 22:30:52] channel recv len=9 entropy=3.17 bs_len=9 u16le=21314 u32le=611138 ascii='BS.....#.'
[2026-06-10 22:30:52] channel BS frame #1440: body_len=5 head=1e 8e d9 23 c1 ascii='...#.'
[2026-06-10 22:30:52] channel recv len=9 entropy=3.17 bs_len=9 u16le=21314 u32le=611138 ascii='BS.....<R'
[2026-06-10 22:30:52] channel BS frame #1441: body_len=5 head=ef 8f a6 3c 52 ascii='...<R'
[2026-06-10 22:30:52] channel recv len=9 entropy=3.17 bs_len=9 u16le=21314 u32le=611138 ascii='BS....O..'
[2026-06-10 22:30:52] channel BS frame #1442: body_len=5 head=1e 8f 4f 13 c6 ascii='..O..'
[2026-06-10 22:30:52] channel recv len=9 entropy=3.17 bs_len=9 u16le=21314 u32le=611138 ascii='BS.....<R'
[2026-06-10 22:30:52] channel BS frame #1443: body_len=5 head=98 8f a6 3c 52 ascii='...<R'
[2026-06-10 22:30:52] channel recv len=9 entropy=3.17 bs_len=9 u16le=21314 u32le=611138 ascii='BS.....#.'
[2026-06-10 22:30:52] channel BS frame #1444: body_len=5 head=1e 8e d9 23 c1 ascii='...#.'
[2026-06-10 22:30:52] channel recv len=9 entropy=3.17 bs_len=9 u16le=21314 u32le=611138 ascii='BS.....<R'
[2026-06-10 22:30:52] channel BS frame #1445: body_len=5 head=ef 8f a6 3c 52 ascii='...<R'
[2026-06-10 22:30:52] channel recv len=9 entropy=3.17 bs_len=9 u16le=21314 u32le=611138 ascii='BS.....#.'
[2026-06-10 22:30:52] channel BS frame #1446: body_len=5 head=1e 8e d9 23 c1 ascii='...#.'
[2026-06-10 22:30:52] channel recv len=9 entropy=3.17 bs_len=9 u16le=21314 u32le=611138 ascii='BS.....<R'
[2026-06-10 22:30:52] channel BS frame #1447: body_len=5 head=ef 8f a6 3c 52 ascii='...<R'
[2026-06-10 22:30:52] channel recv len=9 entropy=3.17 bs_len=9 u16le=21314 u32le=611138 ascii='BS....O..'
[2026-06-10 22:30:52] channel BS frame #1448: body_len=5 head=1e 8f 4f 13 c6 ascii='..O..'
[2026-06-10 22:30:52] channel recv len=9 entropy=3.17 bs_len=9 u16le=21314 u32le=611138 ascii='BS.....<R'
[2026-06-10 22:30:52] channel BS frame #1449: body_len=5 head=98 8f a6 3c 52 ascii='...<R'
[2026-06-10 22:30:52] channel recv len=9 entropy=3.17 bs_len=9 u16le=21314 u32le=611138 ascii='BS.....#.'
[2026-06-10 22:30:52] channel BS frame #1450: body_len=5 head=1e 8e d9 23 c1 ascii='...#.'
[2026-06-10 22:30:52] channel recv len=9 entropy=3.17 bs_len=9 u16le=21314 u32le=611138 ascii='BS.....<R'
[2026-06-10 22:30:52] channel BS frame #1451: body_len=5 head=ef 8f a6 3c 52 ascii='...<R'
[2026-06-10 22:30:52] channel recv len=9 entropy=3.17 bs_len=9 u16le=21314 u32le=611138 ascii='BS.....#.'
[2026-06-10 22:30:52] channel BS frame #1452: body_len=5 head=1e 8e d9 23 c1 ascii='...#.'
[2026-06-10 22:30:52] channel recv len=9 entropy=3.17 bs_len=9 u16le=21314 u32le=611138 ascii='BS.....<R'
[2026-06-10 22:30:52] channel BS frame #1453: body_len=5 head=ef 8f a6 3c 52 ascii='...<R'
[2026-06-10 22:30:52] channel recv len=9 entropy=3.17 bs_len=9 u16le=21314 u32le=611138 ascii='BS....O..'
[2026-06-10 22:30:52] channel BS frame #1454: body_len=5 head=1e 8f 4f 13 c6 ascii='..O..'
[2026-06-10 22:30:52] channel recv len=9 entropy=3.17 bs_len=9 u16le=21314 u32le=611138 ascii='BS.....<R'
[2026-06-10 22:30:52] channel BS frame #1455: body_len=5 head=98 8f a6 3c 52 ascii='...<R'
[2026-06-10 22:30:52] channel recv len=9 entropy=3.17 bs_len=9 u16le=21314 u32le=611138 ascii='BS.....#.'
[2026-06-10 22:30:52] channel BS frame #1456: body_len=5 head=1e 8e d9 23 c1 ascii='...#.'
[2026-06-10 22:30:52] channel recv len=9 entropy=3.17 bs_len=9 u16le=21314 u32le=611138 ascii='BS.....<R'
[2026-06-10 22:30:52] channel BS frame #1457: body_len=5 head=ef 8f a6 3c 52 ascii='...<R'
[2026-06-10 22:30:52] channel recv len=9 entropy=3.17 bs_len=9 u16le=21314 u32le=611138 ascii='BS....d_p'
[2026-06-10 22:30:52] channel BS frame #1458: body_len=5 head=1e 83 64 5f 70 ascii='..d_p'
[2026-06-10 22:30:53] channel recv len=9 entropy=3.17 bs_len=9 u16le=21314 u32le=611138 ascii='BS.....<R'
[2026-06-10 22:30:53] channel BS frame #1459: body_len=5 head=91 8f a6 3c 52 ascii='...<R'
[2026-06-10 22:30:53] channel recv len=9 entropy=3.17 bs_len=9 u16le=21314 u32le=611138 ascii='BS.....ow'
[2026-06-10 22:30:53] channel BS frame #1460: body_len=5 head=1e 82 f2 6f 77 ascii='...ow'
[2026-06-10 22:30:53] channel recv len=9 entropy=3.17 bs_len=9 u16le=21314 u32le=611138 ascii='BS.....<R'
[2026-06-10 22:30:53] channel BS frame #1461: body_len=5 head=e6 8f a6 3c 52 ascii='...<R'
[2026-06-10 22:30:53] channel recv len=9 entropy=3.17 bs_len=9 u16le=21314 u32le=611138 ascii='BS....Q..'
[2026-06-10 22:30:53] channel BS frame #1462: body_len=5 head=1e 85 51 fa 13 ascii='..Q..'
[2026-06-10 22:30:53] channel recv len=9 entropy=3.17 bs_len=9 u16le=21314 u32le=611138 ascii='BS..x..<R'
[2026-06-10 22:30:53] channel BS frame #1463: body_len=5 head=78 8f a6 3c 52 ascii='x..<R'
[2026-06-10 22:30:53] channel recv len=9 entropy=3.17 bs_len=9 u16le=21314 u32le=611138 ascii='BS....cr.'
[2026-06-10 22:30:53] channel BS frame #1464: body_len=5 head=1e 8d 63 72 c8 ascii='..cr.'
[2026-06-10 22:30:53] channel recv len=9 entropy=3.17 bs_len=9 u16le=21314 u32le=611138 ascii='BS..v..<R'
[2026-06-10 22:30:53] channel BS frame #1465: body_len=5 head=76 8f a6 3c 52 ascii='v..<R'
[2026-06-10 22:30:53] channel recv len=9 entropy=3.17 bs_len=9 u16le=21314 u32le=611138 ascii='BS....d_p'
[2026-06-10 22:30:53] channel BS frame #1466: body_len=5 head=1e 83 64 5f 70 ascii='..d_p'
[2026-06-10 22:30:53] channel recv len=9 entropy=3.17 bs_len=9 u16le=21314 u32le=611138 ascii='BS.....<R'
[2026-06-10 22:30:53] channel BS frame #1467: body_len=5 head=91 8f a6 3c 52 ascii='...<R'
[2026-06-10 22:30:53] channel recv len=9 entropy=3.17 bs_len=9 u16le=21314 u32le=611138 ascii='BS.....ow'
[2026-06-10 22:30:53] channel BS frame #1468: body_len=5 head=1e 82 f2 6f 77 ascii='...ow'
[2026-06-10 22:30:53] channel recv len=9 entropy=3.17 bs_len=9 u16le=21314 u32le=611138 ascii='BS.....<R'
[2026-06-10 22:30:53] channel BS frame #1469: body_len=5 head=e6 8f a6 3c 52 ascii='...<R'
[2026-06-10 22:30:53] channel recv len=9 entropy=3.17 bs_len=9 u16le=21314 u32le=611138 ascii='BS.......'
[2026-06-10 22:30:53] channel BS frame #1470: body_len=5 head=1e 88 ec 86 a2 ascii='.....'
[2026-06-10 22:30:53] channel recv len=9 entropy=3.17 bs_len=9 u16le=21314 u32le=611138 ascii='BS.....<R'
[2026-06-10 22:30:53] channel BS frame #1471: body_len=5 head=06 8f a6 3c 52 ascii='...<R'
[2026-06-10 22:30:53] channel recv len=9 entropy=3.17 bs_len=9 u16le=21314 u32le=611138 ascii='BS.....#.'
[2026-06-10 22:30:53] channel BS frame #1472: body_len=5 head=1e 8e d9 23 c1 ascii='...#.'
[2026-06-10 22:30:53] channel recv len=9 entropy=3.17 bs_len=9 u16le=21314 u32le=611138 ascii='BS.....<R'
[2026-06-10 22:30:53] channel BS frame #1473: body_len=5 head=ef 8f a6 3c 52 ascii='...<R'
[2026-06-10 22:30:53] channel recv len=9 entropy=3.17 bs_len=9 u16le=21314 u32le=611138 ascii='BS....O..'
[2026-06-10 22:30:53] channel BS frame #1474: body_len=5 head=1e 8f 4f 13 c6 ascii='..O..'
[2026-06-10 22:30:53] channel recv len=9 entropy=3.17 bs_len=9 u16le=21314 u32le=611138 ascii='BS.....<R'
[2026-06-10 22:30:53] channel BS frame #1475: body_len=5 head=98 8f a6 3c 52 ascii='...<R'
[2026-06-10 22:30:53] channel recv len=9 entropy=3.17 bs_len=9 u16le=21314 u32le=611138 ascii='BS....cr.'
[2026-06-10 22:30:53] channel BS frame #1476: body_len=5 head=1e 8d 63 72 c8 ascii='..cr.'
[2026-06-10 22:30:53] channel recv len=9 entropy=3.17 bs_len=9 u16le=21314 u32le=611138 ascii='BS..v..<R'
[2026-06-10 22:30:53] channel BS frame #1477: body_len=5 head=76 8f a6 3c 52 ascii='v..<R'
[2026-06-10 22:30:53] channel recv len=9 entropy=3.17 bs_len=9 u16le=21314 u32le=611138 ascii='BS.......'
[2026-06-10 22:30:53] channel BS frame #1478: body_len=5 head=1e 84 c7 ca 14 ascii='.....'
[2026-06-10 22:30:53] channel recv len=5 entropy=2.32 bs_len=5 u16le=21314 u32le=348994 ascii='BS..z'
[2026-06-10 22:30:53] channel BS frame #1479: body_len=1 head=7a ascii='z'
[2026-06-10 22:30:53] channel replay observed client frame #1479; server frames sent=480
[2026-06-10 22:30:53] channel recv len=9 entropy=3.17 bs_len=9 u16le=21314 u32le=611138 ascii='BS..Vi..R'
[2026-06-10 22:30:53] channel BS frame #1480: body_len=5 head=56 69 f1 cf 52 ascii='Vi..R'
[2026-06-10 22:30:53] channel recv len=9 entropy=3.17 bs_len=9 u16le=21314 u32le=611138 ascii='BS.....#.'
[2026-06-10 22:30:53] channel BS frame #1481: body_len=5 head=1e 8e d9 23 c1 ascii='...#.'
[2026-06-10 22:30:53] channel recv len=9 entropy=3.17 bs_len=9 u16le=21314 u32le=611138 ascii='BS.....<R'
[2026-06-10 22:30:53] channel BS frame #1482: body_len=5 head=ef 8f a6 3c 52 ascii='...<R'
[2026-06-10 22:30:53] channel recv len=9 entropy=3.17 bs_len=9 u16le=21314 u32le=611138 ascii='BS.......'
[2026-06-10 22:30:53] channel BS frame #1483: body_len=5 head=1e 88 ec 86 a2 ascii='.....'
[2026-06-10 22:30:53] channel recv len=9 entropy=3.17 bs_len=9 u16le=21314 u32le=611138 ascii='BS.....<R'
[2026-06-10 22:30:53] channel BS frame #1484: body_len=5 head=06 8f a6 3c 52 ascii='...<R'
[2026-06-10 22:30:53] channel recv len=9 entropy=3.17 bs_len=9 u16le=21314 u32le=611138 ascii='BS.....#.'
[2026-06-10 22:30:53] channel BS frame #1485: body_len=5 head=1e 8e d9 23 c1 ascii='...#.'
[2026-06-10 22:30:53] channel recv len=9 entropy=3.17 bs_len=9 u16le=21314 u32le=611138 ascii='BS.....<R'
[2026-06-10 22:30:53] channel BS frame #1486: body_len=5 head=ef 8f a6 3c 52 ascii='...<R'
[2026-06-10 22:30:53] channel recv len=9 entropy=3.17 bs_len=9 u16le=21314 u32le=611138 ascii='BS.....#.'
[2026-06-10 22:30:53] channel BS frame #1487: body_len=5 head=1e 8e d9 23 c1 ascii='...#.'
[2026-06-10 22:30:54] channel recv len=9 entropy=3.17 bs_len=9 u16le=21314 u32le=611138 ascii='BS.....<R'
[2026-06-10 22:30:54] channel BS frame #1488: body_len=5 head=ef 8f a6 3c 52 ascii='...<R'
[2026-06-10 22:30:54] channel recv len=9 entropy=3.17 bs_len=9 u16le=21314 u32le=611138 ascii='BS....O..'
[2026-06-10 22:30:54] channel BS frame #1489: body_len=5 head=1e 8f 4f 13 c6 ascii='..O..'
[2026-06-10 22:30:54] channel recv len=9 entropy=3.17 bs_len=9 u16le=21314 u32le=611138 ascii='BS.....<R'
[2026-06-10 22:30:54] channel BS frame #1490: body_len=5 head=98 8f a6 3c 52 ascii='...<R'
[2026-06-10 22:30:54] channel recv len=9 entropy=3.17 bs_len=9 u16le=21314 u32le=611138 ascii='BS.......'
[2026-06-10 22:30:54] channel BS frame #1491: body_len=5 head=1e 88 ec 86 a2 ascii='.....'
[2026-06-10 22:30:54] channel recv len=9 entropy=3.17 bs_len=9 u16le=21314 u32le=611138 ascii='BS.......'
[2026-06-10 22:30:54] channel BS frame #1492: body_len=5 head=06 9b db e8 88 ascii='.....'
[2026-06-10 22:30:54] channel recv len=9 entropy=3.17 bs_len=9 u16le=21314 u32le=611138 ascii='BS.....#.'
[2026-06-10 22:30:54] channel BS frame #1493: body_len=5 head=04 8e d9 23 c1 ascii='...#.'
[2026-06-10 22:30:54] channel recv len=9 entropy=3.17 bs_len=9 u16le=21314 u32le=611138 ascii='BS.....<R'
[2026-06-10 22:30:54] channel BS frame #1494: body_len=5 head=ef 8f a6 3c 52 ascii='...<R'
[2026-06-10 22:30:54] channel recv len=9 entropy=3.17 bs_len=9 u16le=21314 u32le=611138 ascii='BS.....#.'
[2026-06-10 22:30:54] channel BS frame #1495: body_len=5 head=1e 8e d9 23 c1 ascii='...#.'
[2026-06-10 22:30:54] channel recv len=9 entropy=3.17 bs_len=9 u16le=21314 u32le=611138 ascii='BS......>'
[2026-06-10 22:30:54] channel BS frame #1496: body_len=5 head=ef 97 f0 a4 3e ascii='....>'
[2026-06-10 22:30:54] channel recv len=9 entropy=3.17 bs_len=9 u16le=21314 u32le=611138 ascii='BS.....#.'
[2026-06-10 22:30:54] channel BS frame #1497: body_len=5 head=0d 8e d9 23 c1 ascii='...#.'
[2026-06-10 22:30:54] channel recv len=9 entropy=3.17 bs_len=9 u16le=21314 u32le=611138 ascii='BS.......'
[2026-06-10 22:30:54] channel BS frame #1498: body_len=5 head=ef 99 f7 89 86 ascii='.....'
[2026-06-10 22:30:54] channel recv len=9 entropy=3.17 bs_len=9 u16le=21314 u32le=611138 ascii='BS.....#.'
[2026-06-10 22:30:54] channel BS frame #1499: body_len=5 head=ea 8e d9 23 c1 ascii='...#.'
[2026-06-10 22:30:54] channel recv len=9 entropy=3.17 bs_len=9 u16le=21314 u32le=611138 ascii='BS.......'
[2026-06-10 22:30:54] channel BS frame #1500: body_len=5 head=ef 9b db e8 88 ascii='.....'
[2026-06-10 22:30:54] channel recv len=9 entropy=3.17 bs_len=9 u16le=21314 u32le=611138 ascii='BS....O..'
[2026-06-10 22:30:54] channel BS frame #1501: body_len=5 head=04 8f 4f 13 c6 ascii='..O..'
[2026-06-10 22:30:54] channel recv len=9 entropy=3.17 bs_len=9 u16le=21314 u32le=611138 ascii='BS.....<R'
[2026-06-10 22:30:54] channel BS frame #1502: body_len=5 head=98 8f a6 3c 52 ascii='...<R'
[2026-06-10 22:30:54] channel recv len=9 entropy=3.17 bs_len=9 u16le=21314 u32le=611138 ascii='BS....O..'
[2026-06-10 22:30:54] channel BS frame #1503: body_len=5 head=1e 8f 4f 13 c6 ascii='..O..'
[2026-06-10 22:30:54] channel recv len=9 entropy=3.17 bs_len=9 u16le=21314 u32le=611138 ascii='BS.....<R'
[2026-06-10 22:30:54] channel BS frame #1504: body_len=5 head=98 8f a6 3c 52 ascii='...<R'
[2026-06-10 22:30:54] channel recv len=9 entropy=3.17 bs_len=9 u16le=21314 u32le=611138 ascii='BS.......'
[2026-06-10 22:30:54] channel BS frame #1505: body_len=5 head=1e 8a c0 e7 ac ascii='.....'
[2026-06-10 22:30:54] channel recv len=9 entropy=3.17 bs_len=9 u16le=21314 u32le=611138 ascii='BS.....<R'
[2026-06-10 22:30:54] channel BS frame #1506: body_len=5 head=e8 8f a6 3c 52 ascii='...<R'
[2026-06-10 22:30:54] channel recv len=9 entropy=3.17 bs_len=9 u16le=21314 u32le=611138 ascii='BS.....#.'
[2026-06-10 22:30:54] channel BS frame #1507: body_len=5 head=1e 8e d9 23 c1 ascii='...#.'
[2026-06-10 22:30:54] channel recv len=9 entropy=3.17 bs_len=9 u16le=21314 u32le=611138 ascii='BS......0'
[2026-06-10 22:30:54] channel BS frame #1508: body_len=5 head=ef 95 dc c5 30 ascii='....0'
[2026-06-10 22:30:55] channel recv len=9 entropy=3.17 bs_len=9 u16le=21314 u32le=611138 ascii='BS.....#.'
[2026-06-10 22:30:55] channel BS frame #1509: body_len=5 head=e3 8e d9 23 c1 ascii='...#.'
[2026-06-10 22:30:55] channel recv len=11 entropy=3.46 bs_len=11 u16le=21314 u32le=742210 ascii='BS...._..\\.'
[2026-06-10 22:30:55] channel BS frame #1510: body_len=7 head=ef a7 5f c1 8f 5c d1 ascii='.._..\\.'
[2026-06-10 22:30:55] channel recv len=11 entropy=3.46 bs_len=11 u16le=21314 u32le=742210 ascii='BS..3..t..u'
[2026-06-10 22:30:55] channel BS frame #1511: body_len=7 head=33 d0 fe 74 f0 8d 75 ascii='3..t..u'
[2026-06-10 22:30:55] channel recv len=11 entropy=3.46 bs_len=11 u16le=21314 u32le=742210 ascii='BS..}....N.'
[2026-06-10 22:30:55] channel BS frame #1512: body_len=7 head=7d fa f1 d5 12 4e ac ascii='}....N.'
[2026-06-10 22:30:55] channel recv len=13 entropy=3.70 bs_len=13 u16le=21314 u32le=873282 ascii='BS....y..%..n'
[2026-06-10 22:30:55] channel BS frame #1513: body_len=9 head=0b cf 79 9f a1 25 cc 95 6e ascii='..y..%..n'
[2026-06-10 22:30:55] channel recv len=19 entropy=3.93 bs_len=19 u16le=21314 u32le=1266498 ascii='BS....E.E.B.FjL..}.'
[2026-06-10 22:30:55] channel BS frame #1514: body_len=15 head=f6 fc 45 fb 45 ae 42 07 46 6a 4c 93 cf 7d fc ascii='..E.E.B.FjL..}.'
[2026-06-10 22:30:55] channel recv len=17 entropy=3.85 bs_len=17 u16le=21314 u32le=1135426 ascii='BS..C....C..<.*..'
[2026-06-10 22:30:55] channel BS frame #1515: body_len=13 head=43 ce 85 9c 0a 43 e8 85 3c b9 2a 9f fe ascii='C....C..<.*..'
[2026-06-10 22:30:55] channel recv len=17 entropy=4.09 bs_len=17 u16le=21314 u32le=1135426 ascii='BS.....M.........'
[2026-06-10 22:30:55] channel BS frame #1516: body_len=13 head=f8 99 c6 4d ec 1b cc b4 d4 ba 0b 1d 8a ascii='...M.........'
[2026-06-10 22:30:56] channel recv len=19 entropy=4.25 bs_len=19 u16le=21314 u32le=1266498 ascii='BS......mJ..$.\\...L'
[2026-06-10 22:30:56] channel BS frame #1517: body_len=15 head=1b e9 84 fc 6d 4a 9c ec 24 ab 5c c0 8a e2 4c ascii='....mJ..$.\\...L'
[2026-06-10 22:30:56] channel recv len=6 entropy=2.58 bs_len=6 u16le=21314 u32le=414530 ascii="BS..'1"
[2026-06-10 22:30:56] channel BS frame #1518: body_len=2 head=27 31 ascii="'1"
[2026-06-10 22:30:56] channel recv len=17 entropy=4.09 bs_len=17 u16le=21314 u32le=1135426 ascii='BS...V.[.....M.X.'
[2026-06-10 22:30:56] channel BS frame #1519: body_len=13 head=b8 56 fa 5b 8d f7 f8 82 9f 4d 18 58 83 ascii='.V.[.....M.X.'
[2026-06-10 22:30:56] channel recv len=17 entropy=3.97 bs_len=17 u16le=21314 u32le=1135426 ascii='BS.....1....]....'
[2026-06-10 22:30:56] channel BS frame #1520: body_len=13 head=8e a7 88 31 c3 f7 9a a4 5d a4 ea d2 80 ascii='...1....]....'
[2026-06-10 22:30:56] channel recv len=19 entropy=4.14 bs_len=19 u16le=21314 u32le=1266498 ascii='BS..{.Ey !.h.5h...r'
[2026-06-10 22:30:56] channel BS frame #1521: body_len=15 head=7b e8 45 79 20 21 cc 68 a1 35 68 c4 b5 87 72 ascii='{.Ey !.h.5h...r'
[2026-06-10 22:30:56] channel recv len=17 entropy=4.09 bs_len=17 u16le=21314 u32le=1135426 ascii='BS..?...N......./'
[2026-06-10 22:30:56] channel BS frame #1522: body_len=13 head=3f ba 81 e6 4e 1a b4 e7 c2 07 a3 be 2f ascii='?...N......./'
[2026-06-10 22:30:56] channel recv len=17 entropy=3.97 bs_len=17 u16le=21314 u32le=1135426 ascii='BS..s..L.........'
[2026-06-10 22:30:56] channel BS frame #1523: body_len=13 head=73 da 84 4c 1e f8 8b c9 e8 17 de f4 f4 ascii='s..L.........'
[2026-06-10 22:30:56] channel recv len=9 entropy=3.17 bs_len=9 u16le=21314 u32le=611138 ascii='BS..... .'
[2026-06-10 22:30:56] channel BS frame #1524: body_len=5 head=8c b2 b6 20 ab ascii='... .'
[2026-06-10 22:30:56] channel recv len=17 entropy=3.97 bs_len=17 u16le=21314 u32le=1135426 ascii='BS.........A.....'
[2026-06-10 22:30:56] channel BS frame #1525: body_len=13 head=11 15 c9 ff 9b 12 1b 41 85 ec c5 8d be ascii='.......A.....'
[2026-06-10 22:30:56] channel recv len=19 entropy=4.25 bs_len=19 u16le=21314 u32le=1266498 ascii='BS...~...|....R..U$'
[2026-06-10 22:30:56] channel BS frame #1526: body_len=15 head=03 7e 19 fc 08 7c ad 9e de df 52 b5 d5 55 24 ascii='.~...|....R..U$'
[2026-06-10 22:30:56] channel recv len=5 entropy=2.32 bs_len=5 u16le=21314 u32le=348994 ascii='BS...'
[2026-06-10 22:30:56] channel BS frame #1527: body_len=1 head=86 ascii='.'
[2026-06-10 22:30:56] channel replay observed client frame #1527; server frames sent=484
[2026-06-10 22:30:56] channel recv len=17 entropy=4.09 bs_len=17 u16le=21314 u32le=1135426 ascii='BS..~......r...37'
[2026-06-10 22:30:56] channel BS frame #1528: body_len=13 head=7e 0c 1f f2 80 cc 88 72 d2 15 8b 33 37 ascii='~......r...37'
[2026-06-10 22:30:56] channel recv len=17 entropy=4.09 bs_len=17 u16le=21314 u32le=1135426 ascii='BS......Y.....N..'
[2026-06-10 22:30:56] channel BS frame #1529: body_len=13 head=87 0b 98 e4 59 a0 8e 06 15 df 4e db fd ascii='....Y.....N..'
[2026-06-10 22:30:57] channel recv len=17 entropy=4.09 bs_len=17 u16le=21314 u32le=1135426 ascii='BS.......y.......'
[2026-06-10 22:30:57] channel BS frame #1530: body_len=13 head=ec 05 fc f8 eb 79 82 c1 83 e6 dd 18 ef ascii='.....y.......'
[2026-06-10 22:30:57] channel recv len=5 entropy=2.32 bs_len=5 u16le=21314 u32le=348994 ascii='BS...'
[2026-06-10 22:30:57] channel BS frame #1531: body_len=1 head=b2 ascii='.'
[2026-06-10 22:30:57] channel recv len=11 entropy=3.46 bs_len=11 u16le=21314 u32le=742210 ascii='BS..,.t.E..'
[2026-06-10 22:30:57] channel BS frame #1532: body_len=7 head=2c a7 74 d1 45 1e ea ascii=',.t.E..'
[2026-06-10 22:30:57] channel recv len=13 entropy=3.70 bs_len=13 u16le=21314 u32le=873282 ascii='BS....O..6W.!'
[2026-06-10 22:30:57] channel BS frame #1533: body_len=9 head=94 9a 4f 97 a0 36 57 84 21 ascii='..O..6W.!'
[2026-06-10 22:30:57] channel recv len=17 entropy=4.09 bs_len=17 u16le=21314 u32le=1135426 ascii='BS..O.g.^.6..rV..'
[2026-06-10 22:30:57] channel BS frame #1534: body_len=13 head=4f d5 67 7f 5e 8d 36 f0 e7 72 56 a8 c2 ascii='O.g.^.6..rV..'
[2026-06-10 22:30:57] channel recv len=17 entropy=3.97 bs_len=17 u16le=21314 u32le=1135426 ascii='BS.....ds.[..S...'
[2026-06-10 22:30:57] channel BS frame #1535: body_len=13 head=f7 e3 c2 64 73 b0 5b d9 b9 53 07 ad a3 ascii='...ds.[..S...'
[2026-06-10 22:30:57] channel recv len=30 entropy=4.91 bs_len=30 u16le=21314 u32le=1987394 ascii='BS...P.yO.......W...6...l...F.'
[2026-06-10 22:30:57] channel BS frame #1536: body_len=26 head=93 50 f8 79 4f f7 f3 b6 e0 ae 0b 04 57 b3 ba f9 36 08 de fe 6c 1c 12 9e 46 a7 ascii='.P.yO.......W...6...l...F.'
[2026-06-10 22:30:57] channel recv len=17 entropy=3.85 bs_len=17 u16le=21314 u32le=1135426 ascii='BS..B7k..2..i....'
[2026-06-10 22:30:57] channel BS frame #1537: body_len=13 head=42 37 6b 17 1d 32 17 93 69 ad 9e ab d4 ascii='B7k..2..i....'
[2026-06-10 22:30:57] channel recv len=17 entropy=4.09 bs_len=17 u16le=21314 u32le=1135426 ascii='BS...ig.../3.....'
[2026-06-10 22:30:57] channel BS frame #1538: body_len=13 head=ee 69 67 ed 88 cf 2f 33 da d7 1b b3 a7 ascii='.ig.../3.....'
[2026-06-10 22:30:57] channel recv len=17 entropy=3.85 bs_len=17 u16le=21314 u32le=1135426 ascii='BS....C......]...'
[2026-06-10 22:30:57] channel BS frame #1539: body_len=13 head=a7 dd 43 81 fb ee 00 ce f0 5d ac ac c3 ascii='..C......]...'
[2026-06-10 22:30:58] channel recv len=17 entropy=4.09 bs_len=17 u16le=21314 u32le=1135426 ascii='BS..........v.O.:'
[2026-06-10 22:30:58] channel BS frame #1540: body_len=13 head=83 c5 92 cc 0a 8d a2 ce 76 b6 4f 04 3a ascii='........v.O.:'
[2026-06-10 22:30:58] channel recv len=17 entropy=4.09 bs_len=17 u16le=21314 u32le=1135426 ascii='BS..EL?.b.f..G.p@'
[2026-06-10 22:30:58] channel BS frame #1541: body_len=13 head=45 4c 3f 88 62 b4 66 06 a5 47 cc 70 40 ascii='EL?.b.f..G.p@'
[2026-06-10 22:30:58] channel recv len=13 entropy=3.55 bs_len=13 u16le=21314 u32le=873282 ascii='BS..U.}=....:'
[2026-06-10 22:30:58] channel BS frame #1542: body_len=9 head=55 f1 7d 3d e1 89 89 82 3a ascii='U.}=....:'
[2026-06-10 22:30:58] channel recv len=17 entropy=3.85 bs_len=17 u16le=21314 u32le=1135426 ascii='BS...mM...M...RB.'
[2026-06-10 22:30:58] channel BS frame #1543: body_len=13 head=fe 6d 4d c6 e7 d1 4d 19 80 1d 52 42 b8 ascii='.mM...M...RB.'
[2026-06-10 22:30:58] channel recv len=17 entropy=3.97 bs_len=17 u16le=21314 u32le=1135426 ascii="BS..SM'...?.2R. V"
[2026-06-10 22:30:58] channel BS frame #1544: body_len=13 head=53 4d 27 a1 0d 95 3f 12 32 52 1f 20 56 ascii="SM'...?.2R. V"
[2026-06-10 22:30:58] channel recv len=17 entropy=4.09 bs_len=17 u16le=21314 u32le=1135426 ascii='BS...&z.j..^.OA..'
[2026-06-10 22:30:58] channel BS frame #1545: body_len=13 head=da 26 7a 10 6a f9 a7 5e 83 4f 41 1e 0f ascii='.&z.j..^.OA..'
[2026-06-10 22:30:58] channel recv len=17 entropy=3.97 bs_len=17 u16le=21314 u32le=1135426 ascii='BS....t....7..6..'
[2026-06-10 22:30:58] channel BS frame #1546: body_len=13 head=eb 13 74 9d 88 c0 b8 37 d0 ee 36 d0 1c ascii='..t....7..6..'
[2026-06-10 22:30:58] channel recv len=19 entropy=4.25 bs_len=19 u16le=21314 u32le=1266498 ascii='BS.....g.V......f..'
[2026-06-10 22:30:58] channel BS frame #1547: body_len=15 head=a6 c2 81 67 d4 56 e7 a4 0a 85 a8 0c 66 8f e6 ascii='...g.V......f..'
[2026-06-10 22:30:58] channel recv len=17 entropy=4.09 bs_len=17 u16le=21314 u32le=1135426 ascii='BS......ib.......'
[2026-06-10 22:30:58] channel BS frame #1548: body_len=13 head=ff fa cc 9d 69 62 ae b4 af 8a ed c8 b2 ascii='....ib.......'
[2026-06-10 22:30:59] channel recv len=13 entropy=3.70 bs_len=13 u16le=21314 u32le=873282 ascii='BS..s3JP.....'
[2026-06-10 22:30:59] channel BS frame #1549: body_len=9 head=73 33 4a 50 e6 b9 ee f6 cb ascii='s3JP.....'
[2026-06-10 22:30:59] channel recv len=13 entropy=3.70 bs_len=13 u16le=21314 u32le=873282 ascii='BS....6..}...'
[2026-06-10 22:30:59] channel BS frame #1550: body_len=9 head=9d b1 36 bf ff 7d 83 f1 cb ascii='..6..}...'
[2026-06-10 22:30:59] channel recv len=5 entropy=2.32 bs_len=5 u16le=21314 u32le=348994 ascii='BS...'
[2026-06-10 22:30:59] channel BS frame #1551: body_len=1 head=e8 ascii='.'
[2026-06-10 22:30:59] channel replay observed client frame #1551; server frames sent=492
[2026-06-10 22:31:02] channel recv len=11 entropy=3.28 bs_len=11 u16le=21314 u32le=742210 ascii='BS..E.....M'
[2026-06-10 22:31:02] channel BS frame #1552: body_len=7 head=45 a4 a4 ff c4 dd 4d ascii='E.....M'
[2026-06-10 22:31:02] channel recv len=11 entropy=3.28 bs_len=11 u16le=21314 u32le=742210 ascii='BS..\\DL....'
[2026-06-10 22:31:02] channel BS frame #1553: body_len=7 head=5c 44 4c 15 85 85 c8 ascii='\\DL....'
[2026-06-10 22:31:02] channel recv len=5 entropy=2.32 bs_len=5 u16le=21314 u32le=348994 ascii='BS...'
[2026-06-10 22:31:02] channel BS frame #1554: body_len=1 head=d1 ascii='.'
[2026-06-10 22:31:02] channel replay sent server frame #500 after client frame #1554: len=10 entropy=3.32 bs_len=10 u16le=21314 u32le=676674 ascii='BS..|..u..'
[2026-06-10 22:31:02] channel replay observed client frame #1554; server frames sent=502
[2026-06-10 22:31:02] channel recv len=11 entropy=3.46 bs_len=11 u16le=21314 u32le=742210 ascii='BS..).O:.Q.'
[2026-06-10 22:31:02] channel BS frame #1555: body_len=7 head=29 d8 4f 3a f8 51 12 ascii=').O:.Q.'
[2026-06-10 22:31:02] channel recv len=11 entropy=3.46 bs_len=11 u16le=21314 u32le=742210 ascii='BS....L..x.'
[2026-06-10 22:31:02] channel BS frame #1556: body_len=7 head=be dd 4c c4 c6 78 ae ascii='..L..x.'
[2026-06-10 22:31:03] channel recv len=11 entropy=3.46 bs_len=11 u16le=21314 u32le=742210 ascii='BS..\\k..s..'
[2026-06-10 22:31:03] channel BS frame #1557: body_len=7 head=5c 6b bb 19 73 c9 05 ascii='\\k..s..'
[2026-06-10 22:31:04] channel recv len=11 entropy=3.46 bs_len=11 u16le=21314 u32le=742210 ascii='BS.........'
[2026-06-10 22:31:04] channel BS frame #1558: body_len=7 head=c8 dd bd ab d4 f1 cb ascii='.......'
[2026-06-10 22:31:04] channel recv len=11 entropy=3.46 bs_len=11 u16le=21314 u32le=742210 ascii='BS..pC.^G./'
[2026-06-10 22:31:04] channel BS frame #1559: body_len=7 head=70 43 b2 5e 47 be 2f ascii='pC.^G./'
[2026-06-10 22:31:04] channel recv len=11 entropy=3.46 bs_len=11 u16le=21314 u32le=742210 ascii='BS.....5...'
[2026-06-10 22:31:04] channel BS frame #1560: body_len=7 head=e7 d6 d9 35 d5 89 81 ascii='...5...'
[2026-06-10 22:31:05] channel recv len=11 entropy=3.46 bs_len=11 u16le=21314 u32le=742210 ascii='BS..7r...=.'
[2026-06-10 22:31:05] channel BS frame #1561: body_len=7 head=37 72 9f db d7 3d 90 ascii='7r...=.'
[2026-06-10 22:31:05] channel recv len=11 entropy=3.46 bs_len=11 u16le=21314 u32le=742210 ascii='BS......J.,'
[2026-06-10 22:31:05] channel BS frame #1562: body_len=7 head=17 ed 02 0a 4a de 2c ascii='....J.,'
[2026-06-10 22:31:05] channel recv len=11 entropy=3.46 bs_len=11 u16le=21314 u32le=742210 ascii='BS..rI....2'
[2026-06-10 22:31:05] channel BS frame #1563: body_len=7 head=72 49 d2 ee b0 e2 32 ascii='rI....2'
[2026-06-10 22:31:05] channel recv len=11 entropy=3.46 bs_len=11 u16le=21314 u32le=742210 ascii='BS......ev.'
[2026-06-10 22:31:05] channel BS frame #1564: body_len=7 head=a2 b5 88 a0 65 76 06 ascii='....ev.'
[2026-06-10 22:31:05] channel recv len=11 entropy=3.46 bs_len=11 u16le=21314 u32le=742210 ascii='BS..K@..A.x'
[2026-06-10 22:31:05] channel BS frame #1565: body_len=7 head=4b 40 07 b7 41 ec 78 ascii='K@..A.x'
[2026-06-10 22:31:05] channel recv len=11 entropy=3.46 bs_len=11 u16le=21314 u32le=742210 ascii='BS...Q...~.'
[2026-06-10 22:31:05] channel BS frame #1566: body_len=7 head=d4 51 d6 1b 83 7e a3 ascii='.Q...~.'
[2026-06-10 22:31:05] channel recv len=5 entropy=2.32 bs_len=5 u16le=21314 u32le=348994 ascii='BS...'
[2026-06-10 22:31:05] channel BS frame #1567: body_len=1 head=c5 ascii='.'
[2026-06-10 22:31:05] channel replay observed client frame #1567; server frames sent=512
[2026-06-10 22:31:05] channel recv len=13 entropy=3.55 bs_len=13 u16le=21314 u32le=873282 ascii='BS...S..r....'
[2026-06-10 22:31:05] channel BS frame #1568: body_len=9 head=d5 53 a8 a0 72 b4 9c ec 0b ascii='.S..r....'
[2026-06-10 22:31:05] channel recv len=17 entropy=3.97 bs_len=17 u16le=21314 u32le=1135426 ascii='BS..:#.B@2.a.r...'
[2026-06-10 22:31:05] channel BS frame #1569: body_len=13 head=3a 23 c5 42 40 32 d3 61 b6 72 93 0c 8b ascii=':#.B@2.a.r...'
[2026-06-10 22:31:06] channel recv len=17 entropy=4.09 bs_len=17 u16le=21314 u32le=1135426 ascii='BS..G .....1...:s'
[2026-06-10 22:31:06] channel BS frame #1570: body_len=13 head=47 20 fc 10 98 02 b6 31 e2 86 1d 3a 73 ascii='G .....1...:s'
[2026-06-10 22:31:06] channel recv len=19 entropy=4.04 bs_len=19 u16le=21314 u32le=1266498 ascii='BS....l.K.......%.S'
[2026-06-10 22:31:06] channel BS frame #1571: body_len=15 head=f1 a3 6c 98 4b e7 f4 b3 08 b1 97 16 25 f1 53 ascii='..l.K.......%.S'
[2026-06-10 22:31:06] channel recv len=17 entropy=4.09 bs_len=17 u16le=21314 u32le=1135426 ascii='BS..`h.H......~c.'
[2026-06-10 22:31:06] channel BS frame #1572: body_len=13 head=60 68 86 48 cf d3 06 f6 d6 96 7e 63 d1 ascii='`h.H......~c.'
[2026-06-10 22:31:06] channel recv len=19 entropy=4.25 bs_len=19 u16le=21314 u32le=1266498 ascii='BS...x....8[;..{.."'
[2026-06-10 22:31:06] channel BS frame #1573: body_len=15 head=ef 78 03 02 be e6 38 5b 3b 81 06 7b 2e eb 22 ascii='.x....8[;..{.."'
[2026-06-10 22:31:06] channel recv len=17 entropy=3.97 bs_len=17 u16le=21314 u32le=1135426 ascii='BS........"akA".y'
[2026-06-10 22:31:06] channel BS frame #1574: body_len=13 head=1c ed 9a b3 85 a6 22 61 6b 41 22 05 79 ascii='......"akA".y'
[2026-06-10 22:31:06] channel recv len=19 entropy=4.14 bs_len=19 u16le=21314 u32le=1266498 ascii='BS...b.z.z6.D....M.'
[2026-06-10 22:31:06] channel BS frame #1575: body_len=15 head=d9 62 d0 7a fa 7a 36 1c 44 9e 18 a6 03 4d 98 ascii='.b.z.z6.D....M.'
[2026-06-10 22:31:06] channel recv len=17 entropy=4.09 bs_len=17 u16le=21314 u32le=1135426 ascii='BS.....,.....^.).'
[2026-06-10 22:31:06] channel BS frame #1576: body_len=13 head=15 01 9c 2c f5 09 ef 96 a9 5e 19 29 e6 ascii='...,.....^.).'
[2026-06-10 22:31:06] channel recv len=19 entropy=4.14 bs_len=19 u16le=21314 u32le=1266498 ascii='BS...y..j>...w...1.'
[2026-06-10 22:31:06] channel BS frame #1577: body_len=15 head=10 79 14 da 6a 3e da b1 b7 77 a7 91 16 31 a4 ascii='.y..j>...w...1.'
[2026-06-10 22:31:06] channel recv len=17 entropy=4.09 bs_len=17 u16le=21314 u32le=1135426 ascii='BS...L...f...l...'
[2026-06-10 22:31:06] channel BS frame #1578: body_len=13 head=d6 4c a7 fe 92 66 cd 96 c8 6c 7f 09 a6 ascii='.L...f...l...'
[2026-06-10 22:31:06] channel recv len=17 entropy=3.97 bs_len=17 u16le=21314 u32le=1135426 ascii='BS..=U.....6..L.~'
[2026-06-10 22:31:06] channel BS frame #1579: body_len=13 head=3d 55 96 96 f8 85 ba 36 03 b3 4c ae 7e ascii='=U.....6..L.~'
[2026-06-10 22:31:07] channel recv len=26 entropy=4.39 bs_len=9 u16le=21314 u32le=611138 ascii='BS..QE.U~BS..^.Mp.!.......'
[2026-06-10 22:31:07] channel BS frame #1580: body_len=5 head=51 45 1e 55 7e ascii='QE.U~'
[2026-06-10 22:31:07] channel BS frame #1581: body_len=13 head=5e dc 4d 70 d3 21 bd 8a 8a d0 b0 1c b6 ascii='^.Mp.!.......'
[2026-06-10 22:31:07] channel recv len=15 entropy=3.91 bs_len=15 u16le=21314 u32le=1004354 ascii='BS..7.<...251..'
[2026-06-10 22:31:07] channel BS frame #1582: body_len=11 head=37 86 3c 97 92 f5 32 35 31 1c c5 ascii='7.<...251..'
[2026-06-10 22:31:07] channel recv len=15 entropy=3.77 bs_len=15 u16le=21314 u32le=1004354 ascii='BS...(=..C..?..'
[2026-06-10 22:31:07] channel BS frame #1583: body_len=11 head=af 28 3d 00 f0 43 ba 1e 3f d0 ae ascii='.(=..C..?..'
[2026-06-10 22:31:07] channel recv len=9 entropy=3.17 bs_len=9 u16le=21314 u32le=611138 ascii='BS....{ ~'
[2026-06-10 22:31:07] channel BS frame #1584: body_len=5 head=05 c2 7b 20 7e ascii='..{ ~'
[2026-06-10 22:31:07] channel recv len=17 entropy=4.09 bs_len=17 u16le=21314 u32le=1135426 ascii="BS..^.M.r.'(....."
[2026-06-10 22:31:07] channel BS frame #1585: body_len=13 head=5e dc 4d 8d 72 ae 27 28 ef 91 8c 92 d4 ascii="^.M.r.'(....."
[2026-06-10 22:31:07] channel recv len=17 entropy=3.97 bs_len=17 u16le=21314 u32le=1135426 ascii='BS..pSC..+..`q...'
[2026-06-10 22:31:07] channel BS frame #1586: body_len=13 head=70 53 43 18 b5 2b f4 ae 60 71 94 f3 1b ascii='pSC..+..`q...'
[2026-06-10 22:31:07] channel recv len=9 entropy=3.17 bs_len=9 u16le=21314 u32le=611138 ascii='BS......~'
[2026-06-10 22:31:07] channel BS frame #1587: body_len=5 head=a8 0a a7 c1 7e ascii='....~'
[2026-06-10 22:31:07] channel recv len=19 entropy=4.14 bs_len=19 u16le=21314 u32le=1266498 ascii='BS..^...D!.c.q.^...'
[2026-06-10 22:31:07] channel BS frame #1588: body_len=15 head=5e e8 f9 f3 44 21 cf 63 a7 71 04 5e 1e 15 9d ascii='^...D!.c.q.^...'
[2026-06-10 22:31:07] channel recv len=17 entropy=3.97 bs_len=17 u16le=21314 u32le=1135426 ascii="BS...S'O..I......"
[2026-06-10 22:31:07] channel BS frame #1589: body_len=13 head=e0 53 27 4f a9 d9 49 7f 13 e9 92 eb a4 ascii=".S'O..I......"
[2026-06-10 22:31:07] channel recv len=19 entropy=4.25 bs_len=19 u16le=21314 u32le=1266498 ascii='BS..4....C.._.....&'
[2026-06-10 22:31:07] channel BS frame #1590: body_len=15 head=34 2e f6 88 dc 43 fc 9a 5f 0c 14 92 b9 d9 26 ascii='4....C.._.....&'
[2026-06-10 22:31:07] channel recv len=17 entropy=4.09 bs_len=17 u16le=21314 u32le=1135426 ascii='BS......q....$..o'
[2026-06-10 22:31:07] channel BS frame #1591: body_len=13 head=f0 a5 bf 9e 71 e6 bd 81 c1 24 a4 01 6f ascii='....q....$..o'
[2026-06-10 22:31:07] channel recv len=17 entropy=4.09 bs_len=17 u16le=21314 u32le=1135426 ascii='BS.......`I....ev'
[2026-06-10 22:31:07] channel BS frame #1592: body_len=13 head=8c 14 1e da b8 60 49 b9 a0 97 e9 65 76 ascii='.....`I....ev'
[2026-06-10 22:31:08] channel recv len=17 entropy=3.97 bs_len=17 u16le=21314 u32le=1135426 ascii='BS..1.(.C...?O.5.'
[2026-06-10 22:31:08] channel BS frame #1593: body_len=13 head=31 0e 28 ba 43 94 9f 1d 3f 4f 0e 35 02 ascii='1.(.C...?O.5.'
[2026-06-10 22:31:08] channel recv len=17 entropy=4.09 bs_len=17 u16le=21314 u32le=1135426 ascii='BS...<.p6.....v..'
[2026-06-10 22:31:08] channel BS frame #1594: body_len=13 head=ab 3c c7 70 36 c9 d6 b2 f3 c6 76 b3 cc ascii='.<.p6.....v..'
[2026-06-10 22:31:08] channel recv len=6 entropy=2.58 bs_len=6 u16le=21314 u32le=414530 ascii='BS..:.'
[2026-06-10 22:31:08] channel BS frame #1595: body_len=2 head=3a 0d ascii=':.'
[2026-06-10 22:31:08] channel recv len=13 entropy=3.70 bs_len=13 u16le=21314 u32le=873282 ascii='BS...n..6._..'
[2026-06-10 22:31:08] channel BS frame #1596: body_len=9 head=a8 6e ff 8e 36 e1 5f b8 a6 ascii='.n..6._..'
[2026-06-10 22:31:08] channel recv len=13 entropy=3.70 bs_len=13 u16le=21314 u32le=873282 ascii='BS........T..'
[2026-06-10 22:31:08] channel BS frame #1597: body_len=9 head=b4 99 de 9f 12 08 54 7f af ascii='......T..'
[2026-06-10 22:31:08] channel recv len=13 entropy=3.70 bs_len=13 u16le=21314 u32le=873282 ascii='BS..`.g.....a'
[2026-06-10 22:31:08] channel BS frame #1598: body_len=9 head=60 ff 67 f2 f7 14 c1 a6 61 ascii='`.g.....a'
[2026-06-10 22:31:08] channel recv len=13 entropy=3.70 bs_len=13 u16le=21314 u32le=873282 ascii='BS.....L..q..'
[2026-06-10 22:31:08] channel BS frame #1599: body_len=9 head=96 a8 08 4c 9c a2 71 fd 11 ascii='...L..q..'
[2026-06-10 22:31:08] channel recv len=5 entropy=2.32 bs_len=5 u16le=21314 u32le=348994 ascii='BS...'
[2026-06-10 22:31:08] channel BS frame #1600: body_len=1 head=c4 ascii='.'
[2026-06-10 22:31:08] channel replay observed client frame #1600; server frames sent=522
[2026-06-10 22:31:08] channel recv len=13 entropy=3.55 bs_len=13 u16le=21314 u32le=873282 ascii='BS..5..?..Y.&'
[2026-06-10 22:31:08] channel BS frame #1601: body_len=9 head=35 dc dc 3f f4 80 59 81 26 ascii='5..?..Y.&'
[2026-06-10 22:31:08] channel recv len=17 entropy=3.97 bs_len=17 u16le=21314 u32le=1135426 ascii='BS.......Da.~.*.j'
[2026-06-10 22:31:08] channel BS frame #1602: body_len=13 head=d4 11 fc db f8 44 61 de 7e 8d 2a c6 6a ascii='.....Da.~.*.j'
[2026-06-10 22:31:09] channel recv len=19 entropy=4.14 bs_len=19 u16le=21314 u32le=1266498 ascii="BS..6K....B}.'n...."
[2026-06-10 22:31:09] channel BS frame #1603: body_len=15 head=36 4b cb 08 b8 df 42 7d f0 27 6e fd ea 80 c9 ascii="6K....B}.'n...."
[2026-06-10 22:31:09] channel recv len=17 entropy=4.09 bs_len=17 u16le=21314 u32le=1135426 ascii='BS...2.;..y....+.'
[2026-06-10 22:31:09] channel BS frame #1604: body_len=13 head=f2 32 17 3b b7 1c 79 ac d7 8b fa 2b e4 ascii='.2.;..y....+.'
[2026-06-10 22:31:09] channel recv len=13 entropy=3.70 bs_len=13 u16le=21314 u32le=873282 ascii='BS....,....NL'
[2026-06-10 22:31:09] channel BS frame #1605: body_len=9 head=1b ef 2c 8a e3 88 c9 4e 4c ascii='..,....NL'
[2026-06-10 22:31:09] channel recv len=13 entropy=3.55 bs_len=13 u16le=21314 u32le=873282 ascii='BS..$D|.....U'
[2026-06-10 22:31:09] channel BS frame #1606: body_len=9 head=24 44 7c a5 de a5 af fc 55 ascii='$D|.....U'
[2026-06-10 22:31:11] channel recv len=5 entropy=2.32 bs_len=5 u16le=21314 u32le=348994 ascii='BS...'
[2026-06-10 22:31:11] channel BS frame #1607: body_len=1 head=95 ascii='.'
[2026-06-10 22:31:11] channel replay observed client frame #1607; server frames sent=532
[2026-06-10 22:31:13] channel recv len=11 entropy=3.46 bs_len=11 u16le=21314 u32le=742210 ascii='BS.....:..M'
[2026-06-10 22:31:13] channel BS frame #1608: body_len=7 head=dd e9 ad 3a f7 fd 4d ascii='...:..M'
[2026-06-10 22:31:14] channel recv len=5 entropy=2.32 bs_len=5 u16le=21314 u32le=348994 ascii='BS..v'
[2026-06-10 22:31:14] channel BS frame #1609: body_len=1 head=76 ascii='v'
[2026-06-10 22:31:14] channel replay observed client frame #1609; server frames sent=542
[2026-06-10 22:31:14] channel recv len=9 entropy=3.17 bs_len=9 u16le=21314 u32le=611138 ascii='BS....6.W'
[2026-06-10 22:31:14] channel BS frame #1610: body_len=5 head=c2 1c 36 9b 57 ascii='..6.W'
[2026-06-10 22:31:14] channel replay observed client frame #1610; server frames sent=548
[2026-06-10 22:31:14] channel recv len=15 entropy=2.42 bs_len=5 u16le=21314 u32le=348994 ascii='BS...BS...BS...'
[2026-06-10 22:31:14] channel BS frame #1611: body_len=1 head=05 ascii='.'
[2026-06-10 22:31:14] channel BS frame #1612: body_len=1 head=8b ascii='.'
[2026-06-10 22:31:14] channel BS frame #1613: body_len=1 head=e9 ascii='.'
[2026-06-10 22:31:26] channel recv len=33 entropy=4.68 bs_len=33 u16le=21314 u32le=2184002 ascii='BS!....W.!...7...Jtu.h....o(..o(.'
[2026-06-10 22:31:26] channel BS frame #1614: body_len=29 head=d2 06 cd 57 e6 21 1a 7f ca 37 e6 80 c7 4a 74 75 f2 68 bd b3 b2 9f 6f 28 16 9f 6f 28 16 ascii='...W.!...7...Jtu.h....o(..o(.'
